{
  "pr:plot_4_n2": {
    "criteria": {
      "tick": "2023-03-30 02:21:22 -0500"
    },
    "done": true
  },
  "pr:plot_6_n2": {
    "criteria": {
      "tick": "2023-03-30 02:21:24 -0500"
    },
    "done": true
  },
  "pr:plot_2_n1": {
    "criteria": {
      "tick": "2023-03-30 02:21:18 -0500"
    },
    "done": true
  },
  "pr:plot_2_n4": {
    "criteria": {
      "tick": "2023-03-30 14:29:03 -0500"
    },
    "done": true
  },
  "pr:plot_0_n1": {
    "criteria": {
      "tick": "2023-03-30 02:16:16 -0500"
    },
    "done": true
  },
  "pr:plot_2_n3": {
    "criteria": {
      "tick": "2023-03-30 14:29:00 -0500"
    },
    "done": true
  },
  "pr:plot_4_3": {
    "criteria": {
      "tick": "2023-03-30 02:15:39 -0500"
    },
    "done": true
  },
  "pr:root": {
    "criteria": {
      "tick": "2023-03-30 02:07:58 -0500"
    },
    "done": true
  },
  "pr:plot_5_3": {
    "criteria": {
      "tick": "2023-03-30 02:15:46 -0500"
    },
    "done": true
  },
  "pr:plot_3_2": {
    "criteria": {
      "tick": "2023-03-30 02:15:32 -0500"
    },
    "done": true
  },
  "pr:plot_n1_n3": {
    "criteria": {
      "tick": "2023-03-30 02:16:23 -0500"
    },
    "done": true
  },
  "pr:plot_0_n4": {
    "criteria": {
      "tick": "2023-03-30 02:16:26 -0500"
    },
    "done": true
  },
  "pr:plot_4_2": {
    "criteria": {
      "tick": "2023-03-30 02:15:36 -0500"
    },
    "done": true
  },
  "pr:plot_n1_n2": {
    "criteria": {
      "tick": "2023-03-30 02:16:21 -0500"
    },
    "done": true
  },
  "pr:plot_0_n3": {
    "criteria": {
      "tick": "2023-03-30 02:16:24 -0500"
    },
    "done": true
  },
  "pr:plot_2_1": {
    "criteria": {
      "tick": "2023-03-30 02:15:25 -0500"
    },
    "done": true
  },
  "pr:plot_3_1": {
    "criteria": {
      "tick": "2023-03-30 02:15:28 -0500"
    },
    "done": true
  },
  "pr:plot_0_1": {
    "criteria": {
      "tick": "2023-03-30 02:15:16 -0500"
    },
    "done": true
  },
  "pr:plot_1_1": {
    "criteria": {
      "tick": "2023-03-30 02:15:20 -0500"
    },
    "done": true
  },
  "pr:plot_0_0": {
    "criteria": {
      "tick": "2023-03-30 02:10:54 -0500"
    },
    "done": true
  },
  "pr:plot_3_n1": {
    "criteria": {
      "tick": "2023-03-30 02:21:20 -0500"
    },
    "done": true
  },
  "pr:plot_5_n2": {
    "criteria": {
      "tick": "2023-03-30 02:21:23 -0500"
    },
    "done": true
  },
  "pr:plot_1_n1": {
    "criteria": {
      "tick": "2023-03-30 02:21:17 -0500"
    },
    "done": true
  },
  "pr:plot_3_n4": {
    "criteria": {
      "tick": "2023-03-30 14:29:07 -0500"
    },
    "done": true
  },
  "pr:plot_3_n5": {
    "criteria": {
      "tick": "2023-03-30 14:29:12 -0500"
    },
    "done": true
  },
  "pr:plot_n1_n1": {
    "criteria": {
      "tick": "2023-03-30 02:16:18 -0500"
    },
    "done": true
  },
  "pr:plot_3_n2": {
    "criteria": {
      "tick": "2023-03-30 02:21:21 -0500"
    },
    "done": true
  },
  "pr:plot_1_n3": {
    "criteria": {
      "tick": "2023-03-30 14:28:57 -0500"
    },
    "done": true
  },
  "pr:plot_1_n2": {
    "criteria": {
      "tick": "2023-03-30 14:28:53 -0500"
    },
    "done": true
  },
  "pr:plot_1_n5": {
    "criteria": {
      "tick": "2023-03-30 02:16:30 -0500"
    },
    "done": true
  },
  "pr:plot_1_n4": {
    "criteria": {
      "tick": "2023-03-30 02:16:28 -0500"
    },
    "done": true
  },
  "DataVersion": 3218
}