{
    "providers": [
        {
            "type": "space",
            "advances": {
                " ": 4,
                "\u200c": 0
            }
        },
        {
            "type": "bitmap",
            "file": "kello:font/crosshair.png",
            "ascent": 1,
            "height": 8,
            "chars": [
                "\ue000",
                "\ue001",
                "\ue002",
                "\ue003",
                "\ue004",
                "\ue005",
                "\ue006",
                "\ue007",
                "\ue008",
                "\ue009",
                "\ue010",
                "\ue011",
                "\ue012",
                "\ue013",
                "\ue014",
                "\ue015",
                "\ue016",
                "\ue017",
                "\ue018",
                "\ue019",
                "\ue020",
                "\ue021",
                "\ue022",
                "\ue023"
            ]
        }
    ]
}