{
    "providers": [
        {
            "type": "space",
            "advances": {
                " ": 4,
                "\u200c": 0
            }
        },
        {
            "type": "bitmap",
            "file": "kello:font/black.png",
            "ascent": 128,
            "height": 256,
            "chars": [
                "\ue000"
            ]
        },
        {
            "type": "bitmap",
            "file": "kello:font/white.png",
            "ascent": 128,
            "height": 256,
            "chars": [
                "\ue001"
            ]
        }
    ]
}