{
	"credit": "Made with Blockbench",
	"texture_size": [32, 32],
	"textures": {
		"0": "prime:item/wand",
		"particle": "prime:item/wand"
	},
	"elements": [
		{
			"from": [7, 0, 7],
			"to": [9, 17, 9],
			"faces": {
				"north": {"uv": [0, 0, 1, 8.5], "texture": "#0"},
				"east": {"uv": [1, 0, 2, 8.5], "texture": "#0"},
				"south": {"uv": [2, 0, 3, 8.5], "texture": "#0"},
				"west": {"uv": [3, 0, 4, 8.5], "texture": "#0"},
				"up": {"uv": [8, 10, 7, 9], "texture": "#0"},
				"down": {"uv": [10, 9, 9, 10], "texture": "#0"}
			}
		},
		{
			"from": [6.5, 4, 6.5],
			"to": [9.5, 11, 9.5],
			"faces": {
				"north": {"uv": [4, 0, 5.5, 3.5], "texture": "#0"},
				"east": {"uv": [4, 3.5, 5.5, 7], "texture": "#0"},
				"south": {"uv": [6, 0, 7.5, 3.5], "texture": "#0"},
				"west": {"uv": [6, 3.5, 7.5, 7], "texture": "#0"},
				"up": {"uv": [9.5, 1.5, 8, 0], "texture": "#0"},
				"down": {"uv": [9.5, 2, 8, 3.5], "texture": "#0"}
			}
		},
		{
			"from": [-1.66451, 18.52357, 7],
			"to": [1.33549, 18.52357, 9],
			"rotation": {"angle": -22.5, "axis": "z", "origin": [0.33549, 3.52357, 0]},
			"faces": {
				"north": {"uv": [0, 0, 1.5, 0], "texture": "#0"},
				"east": {"uv": [0, 0, 1, 0], "texture": "#0"},
				"south": {"uv": [0, 0, 1.5, 0], "texture": "#0"},
				"west": {"uv": [0, 0, 1, 0], "texture": "#0"},
				"up": {"uv": [9.5, 5, 8, 4], "texture": "#0"},
				"down": {"uv": [9.5, 5, 8, 6], "texture": "#0"}
			}
		},
		{
			"from": [15.27348, 15.4621, 7],
			"to": [18.27348, 15.4621, 9],
			"rotation": {"angle": 22.5, "axis": "z", "origin": [8.27348, 0.4621, 8]},
			"faces": {
				"north": {"uv": [0, 0, 1.5, 0], "texture": "#0"},
				"east": {"uv": [0, 0, 1, 0], "texture": "#0"},
				"south": {"uv": [0, 0, 1.5, 0], "texture": "#0"},
				"west": {"uv": [0, 0, 1, 0], "texture": "#0"},
				"up": {"uv": [9.5, 7, 8, 6], "texture": "#0"},
				"down": {"uv": [9.5, 7, 8, 8], "texture": "#0"}
			}
		},
		{
			"from": [7, 18.52357, -1.66451],
			"to": [9, 18.52357, 1.33549],
			"rotation": {"angle": 22.5, "axis": "x", "origin": [16, 3.52357, 0.33549]},
			"faces": {
				"north": {"uv": [0, 0, 1, 0], "texture": "#0"},
				"east": {"uv": [0, 0, 1.5, 0], "texture": "#0"},
				"south": {"uv": [0, 0, 1, 0], "texture": "#0"},
				"west": {"uv": [0, 0, 1.5, 0], "texture": "#0"},
				"up": {"uv": [9, 9.5, 8, 8], "texture": "#0"},
				"down": {"uv": [1, 8.5, 0, 10], "texture": "#0"}
			}
		},
		{
			"from": [7, 10.10661, 14.34963],
			"to": [9, 10.10661, 17.34963],
			"rotation": {"angle": -22.5, "axis": "x", "origin": [8, 0.10661, -5.65037]},
			"faces": {
				"north": {"uv": [0, 0, 1, 0], "texture": "#0"},
				"east": {"uv": [0, 0, 1.5, 0], "texture": "#0"},
				"south": {"uv": [0, 0, 1, 0], "texture": "#0"},
				"west": {"uv": [0, 0, 1.5, 0], "texture": "#0"},
				"up": {"uv": [2, 10, 1, 8.5], "texture": "#0"},
				"down": {"uv": [3, 8.5, 2, 10], "texture": "#0"}
			}
		},
		{
			"from": [6, 20, 6],
			"to": [10, 20.5, 10],
			"faces": {
				"north": {"uv": [3, 9, 5, 9.5], "texture": "#0"},
				"east": {"uv": [5, 9, 7, 9.5], "texture": "#0"},
				"south": {"uv": [9, 8, 11, 8.5], "texture": "#0"},
				"west": {"uv": [9, 8.5, 11, 9], "texture": "#0"},
				"up": {"uv": [6, 9, 4, 7], "texture": "#0"},
				"down": {"uv": [8, 7, 6, 9], "texture": "#0"}
			}
		}
	],
	"display": {
		"thirdperson_righthand": {
			"translation": [0, -1.25, 2.25],
			"scale": [0.95, 0.95, 0.95]
		},
		"thirdperson_lefthand": {
			"translation": [0, -1.25, 2.25],
			"scale": [0.95, 0.95, 0.95]
		},
		"firstperson_righthand": {
			"rotation": [-15, 1, 5],
			"translation": [2.25, 0, 0],
			"scale": [0.8, 0.8, 0.8]
		},
		"firstperson_lefthand": {
			"rotation": [-15, 1, 5],
			"translation": [2.25, 0, 0],
			"scale": [0.8, 0.8, 0.8]
		},
		"gui": {
			"rotation": [32, -27, 28],
			"translation": [1, -1.25, 0],
			"scale": [0.7, 0.7, 0.7]
		}
	}
}