{
	"textures": {
		"0": "kello:item/decal/escapement/escapement"
	},
	"elements": [
		{
			"from": [
				6.5,
				-8.350000000000001,
				7
			],
			"to": [
				16.1,
				-5.35,
				9
			],
			"rotation": {
				"angle": 0,
				"axis": "y",
				"origin": [
					10,
					7.550000000000001,
					8
				]
			},
			"faces": {
				"north": {
					"uv": [
						3.5,
						3.5,
						6,
						4.25
					],
					"texture": "#0"
				},
				"east": {
					"uv": [
						4.5,
						6.25,
						5,
						7
					],
					"texture": "#0"
				},
				"south": {
					"uv": [
						3.5,
						4.25,
						6,
						5
					],
					"texture": "#0"
				},
				"west": {
					"uv": [
						5,
						6.25,
						5.5,
						7
					],
					"texture": "#0"
				},
				"up": {
					"uv": [
						7.5,
						3,
						5,
						2.5
					],
					"texture": "#0"
				},
				"down": {
					"uv": [
						5.5,
						5,
						3,
						5.5
					],
					"texture": "#0"
				}
			}
		},
		{
			"from": [
				0.46636611944723505,
				-12.154302047244073,
				7.855085569306572
			],
			"to": [
				6.466366119447236,
				-7.154302047244077,
				7.855085569306572
			],
			"rotation": {
				"angle": 0,
				"axis": "z",
				"origin": [
					2.759259338260689,
					-8.947195266057527,
					7.855085569306572
				]
			},
			"faces": {
				"north": {
					"uv": [
						16,
						2.25,
						14.75,
						3.7500000000000004
					],
					"rotation": 90,
					"texture": "#0"
				},
				"south": {
					"uv": [
						14.75,
						2.25,
						16,
						3.7500000000000004
					],
					"rotation": 270,
					"texture": "#0"
				}
			}
		},
		{
			"from": [
				0.5515145704448123,
				-7.161881030678927,
				7.7528233991228195
			],
			"to": [
				5.551514570444811,
				-1.1618810306789271,
				7.7528233991228195
			],
			"rotation": {
				"angle": -45,
				"axis": "x",
				"origin": [
					4.889992201529836,
					-6.5660440867131875,
					7.7528233991228195
				]
			},
			"faces": {
				"north": {
					"uv": [
						14.75,
						2.25,
						13.5,
						3.7500000000000004
					],
					"texture": "#0"
				},
				"south": {
					"uv": [
						13.5,
						2.25,
						14.75,
						3.7500000000000004
					],
					"texture": "#0"
				}
			}
		},
		{
			"from": [
				5.50503,
				-9.64792,
				6.75
			],
			"to": [
				10.50503,
				-4.647919999999999,
				9.25
			],
			"rotation": {
				"angle": -45,
				"axis": "z",
				"origin": [
					8.00503,
					-7.147919999999999,
					8
				]
			},
			"faces": {
				"north": {
					"uv": [
						5,
						0,
						6.25,
						1.25
					],
					"texture": "#0"
				},
				"east": {
					"uv": [
						3,
						5.5,
						3.75,
						6.75
					],
					"texture": "#0"
				},
				"south": {
					"uv": [
						5,
						1.25,
						6.25,
						2.5
					],
					"texture": "#0"
				},
				"west": {
					"uv": [
						3.75,
						5.5,
						4.5,
						6.75
					],
					"texture": "#0"
				},
				"up": {
					"uv": [
						5.75,
						6.25,
						4.5,
						5.5
					],
					"texture": "#0"
				},
				"down": {
					"uv": [
						7,
						5,
						5.75,
						5.75
					],
					"texture": "#0"
				}
			}
		},
		{
			"from": [
				6.5,
				-8.350000000000001,
				7
			],
			"to": [
				9.5,
				5.65,
				9
			],
			"rotation": {
				"angle": 0,
				"axis": "y",
				"origin": [
					4.889992201529836,
					-6.5660440867131875,
					7.7528233991228195
				]
			},
			"faces": {
				"north": {
					"uv": [
						1.75,
						0,
						2.5,
						3.5
					],
					"texture": "#0"
				},
				"east": {
					"uv": [
						4.5,
						0,
						5,
						3.5
					],
					"texture": "#0"
				},
				"south": {
					"uv": [
						2.5,
						0,
						3.25,
						3.5
					],
					"texture": "#0"
				},
				"west": {
					"uv": [
						0,
						4.75,
						0.5,
						8.25
					],
					"texture": "#0"
				},
				"up": {
					"uv": [
						7,
						2,
						6.25,
						1.5
					],
					"texture": "#0"
				},
				"down": {
					"uv": [
						7,
						2,
						6.25,
						2.5
					],
					"texture": "#0"
				}
			}
		}
	],
	"display": {
		"head": {
			"rotation": [
				0,
				180,
				0
			]
		}
	}
}