{
	"textures": {
		"8": "kello:item/decal/launchpad/visual_2"
	},
	"elements": [
		{
			"from": [
				0,
				8,
				8
			],
			"to": [
				16,
				23,
				8
			],
			"rotation": {
				"angle": -45,
				"axis": "y",
				"origin": [
					8,
					15.5,
					8
				]
			},
			"faces": {
				"north": {
					"uv": [
						0.75,
						0.5,
						4.5,
						4
					],
					"texture": "#8"
				},
				"south": {
					"uv": [
						0.75,
						0.5,
						4.5,
						4
					],
					"texture": "#8"
				}
			}
		},
		{
			"from": [
				8,
				8,
				0
			],
			"to": [
				8,
				23,
				16
			],
			"rotation": {
				"angle": -45,
				"axis": "y",
				"origin": [
					8,
					15.5,
					8
				]
			},
			"faces": {
				"east": {
					"uv": [
						0.75,
						0.5,
						4.5,
						4
					],
					"texture": "#8"
				},
				"west": {
					"uv": [
						0.75,
						0.5,
						4.5,
						4
					],
					"texture": "#8"
				}
			}
		}
	],
	"display": {
		"head": {
			"rotation": [
				0,
				180,
				0
			]
		}
	}
}