{
	"credit": "Made with Blockbench",
	"textures": {
		"1": "mrminerman:item/brickpile"
	},
	"elements": [
		{
			"from": [5, 0, 10],
			"to": [12, 3, 13],
			"rotation": {"angle": 22.5, "axis": "y", "origin": [-0.5, 1.5, 0.5]},
			"faces": {
				"north": {"uv": [0, 0, 7, 3], "texture": "#1"},
				"east": {"uv": [7, 3, 10, 6], "texture": "#1"},
				"south": {"uv": [0, 3, 7, 6], "texture": "#1"},
				"west": {"uv": [7, 6, 10, 9], "texture": "#1"},
				"up": {"uv": [7, 9, 0, 6], "texture": "#1"},
				"down": {"uv": [14, 0, 7, 3], "texture": "#1"}
			}
		},
		{
			"from": [4, 3, 6],
			"to": [11, 6, 9],
			"rotation": {"angle": 0, "axis": "y", "origin": [-0.5, 1.5, 0.5]},
			"faces": {
				"north": {"uv": [0, 0, 7, 3], "texture": "#1"},
				"east": {"uv": [7, 3, 10, 6], "texture": "#1"},
				"south": {"uv": [0, 3, 7, 6], "texture": "#1"},
				"west": {"uv": [7, 6, 10, 9], "texture": "#1"},
				"up": {"uv": [7, 9, 0, 6], "texture": "#1"},
				"down": {"uv": [14, 0, 7, 3], "texture": "#1"}
			}
		},
		{
			"from": [4, 0, 1],
			"to": [11, 3, 4],
			"rotation": {"angle": -45, "axis": "y", "origin": [-0.5, 1.5, 0.5]},
			"faces": {
				"north": {"uv": [0, 0, 7, 3], "texture": "#1"},
				"east": {"uv": [7, 3, 10, 6], "texture": "#1"},
				"south": {"uv": [0, 3, 7, 6], "texture": "#1"},
				"west": {"uv": [7, 6, 10, 9], "texture": "#1"},
				"up": {"uv": [7, 9, 0, 6], "texture": "#1"},
				"down": {"uv": [14, 0, 7, 3], "texture": "#1"}
			}
		}
	],
	"display": {
		"ground": {
			"translation": [0, 4, 0]
		},
		"gui": {
			"rotation": [27, 154, -5],
			"translation": [0, 3.25, 0]
		},
		"head": {
			"translation": [0, 14.5, 0]
		},
		"fixed": {
			"rotation": [-90, 0, 0],
			"translation": [0, 0, -19.75],
			"scale": [2.46, 2.46, 2.46]
		}
	}
}