{
	"textures": {
		"0": "kello:item/decal/comet_0",
		"1": "kello:item/decal/comet_1",
		"3": "kello:item/decal/comet_2",
		"4": "kello:item/decal/comet_3"
	},
	"elements": [
		{
			"from": [
				3.377824301069978,
				15.805292172095452,
				14.016013197746855
			],
			"to": [
				5.113579214031786,
				17.541047085057258,
				15.75176811070866
			],
			"rotation": {
				"angle": -45,
				"axis": "x",
				"origin": [
					4.245701757550881,
					16.673169628576357,
					14.883890654227756
				]
			},
			"faces": {
				"north": {
					"uv": [
						8,
						4,
						9,
						5
					],
					"rotation": 180,
					"texture": "#3",
					"tintindex": 0
				},
				"east": {
					"uv": [
						8,
						4,
						9,
						5
					],
					"rotation": 180,
					"texture": "#3",
					"tintindex": 0
				},
				"south": {
					"uv": [
						7,
						5,
						8,
						6
					],
					"rotation": 180,
					"texture": "#3",
					"tintindex": 0
				},
				"west": {
					"uv": [
						8,
						5,
						9,
						6
					],
					"rotation": 180,
					"texture": "#3",
					"tintindex": 0
				},
				"up": {
					"uv": [
						7,
						5,
						8,
						6
					],
					"rotation": 270,
					"texture": "#3",
					"tintindex": 0
				},
				"down": {
					"uv": [
						8,
						4,
						9,
						5
					],
					"rotation": 90,
					"texture": "#3",
					"tintindex": 0
				}
			}
		},
		{
			"from": [
				11.694924685556405,
				7.870519451444492,
				-2.0591232610439256
			],
			"to": [
				16.674305470534307,
				12.849900236422393,
				2.9202575239339756
			],
			"rotation": {
				"angle": -45,
				"axis": "x",
				"origin": [
					10.483555577830913,
					14.73855541856546,
					1.47841756865511
				]
			},
			"faces": {
				"north": {
					"uv": [
						7,
						0,
						9,
						2
					],
					"rotation": 90,
					"texture": "#3",
					"tintindex": 0
				},
				"east": {
					"uv": [
						7,
						2,
						9,
						4
					],
					"texture": "#3",
					"tintindex": 0
				},
				"south": {
					"uv": [
						9,
						2,
						11,
						4
					],
					"rotation": 90,
					"texture": "#3",
					"tintindex": 0
				},
				"west": {
					"uv": [
						9,
						2,
						11,
						4
					],
					"rotation": 180,
					"texture": "#3",
					"tintindex": 0
				},
				"up": {
					"uv": [
						9,
						0,
						11,
						2
					],
					"texture": "#3",
					"tintindex": 0
				},
				"down": {
					"uv": [
						7,
						0,
						9,
						2
					],
					"rotation": 90,
					"texture": "#3",
					"tintindex": 0
				}
			}
		},
		{
			"from": [
				5.3476224385246685,
				16.42785493891226,
				3.5382334457148623
			],
			"to": [
				11.372673460080453,
				22.452905960468048,
				9.563284467270648
			],
			"rotation": {
				"angle": -22.5,
				"axis": "x",
				"origin": [
					8.360147043527475,
					19.44037954391507,
					6.550758050717668
				]
			},
			"faces": {
				"north": {
					"uv": [
						9,
						2,
						11,
						4
					],
					"rotation": 180,
					"texture": "#3",
					"tintindex": 0
				},
				"east": {
					"uv": [
						7,
						0,
						9,
						2
					],
					"texture": "#3",
					"tintindex": 0
				},
				"south": {
					"uv": [
						9,
						2,
						11,
						4
					],
					"texture": "#3",
					"tintindex": 0
				},
				"west": {
					"uv": [
						7,
						2,
						9,
						4
					],
					"rotation": 270,
					"texture": "#3",
					"tintindex": 0
				},
				"up": {
					"uv": [
						9,
						2,
						11,
						4
					],
					"rotation": 270,
					"texture": "#3",
					"tintindex": 0
				},
				"down": {
					"uv": [
						9,
						0,
						11,
						2
					],
					"rotation": 90,
					"texture": "#3",
					"tintindex": 0
				}
			}
		},
		{
			"from": [
				2.188706464109191,
				6.359447483235991,
				8.470680588832307
			],
			"to": [
				10.305096147270575,
				14.475837166397373,
				16.58706846044352
			],
			"rotation": {
				"angle": 45,
				"axis": "x",
				"origin": [
					6.246901305689883,
					10.417642324816683,
					12.528873618862825
				]
			},
			"faces": {
				"north": {
					"uv": [
						0,
						0,
						3.43585625,
						3.43585625
					],
					"rotation": 90,
					"texture": "#3",
					"tintindex": 0
				},
				"east": {
					"uv": [
						3.5,
						0,
						6.93585625,
						3.43585625
					],
					"rotation": 90,
					"texture": "#3",
					"tintindex": 0
				},
				"south": {
					"uv": [
						0,
						0,
						3.43585625,
						3.43585625
					],
					"rotation": 90,
					"texture": "#3",
					"tintindex": 0
				},
				"west": {
					"uv": [
						0,
						3.4375,
						3.43585625,
						6.87335625
					],
					"rotation": 90,
					"texture": "#3",
					"tintindex": 0
				},
				"up": {
					"uv": [
						3.4375,
						0,
						6.87335625,
						3.43585625
					],
					"rotation": 90,
					"texture": "#3",
					"tintindex": 0
				},
				"down": {
					"uv": [
						3.4375,
						3.4375,
						6.87335625,
						6.87335625
					],
					"rotation": 90,
					"texture": "#3",
					"tintindex": 0
				}
			}
		},
		{
			"from": [
				11.026770635556714,
				14.701480232741927,
				12.237286503151115
			],
			"to": [
				12.497749375354855,
				16.17245897254007,
				13.708265242949256
			],
			"rotation": {
				"angle": 45,
				"axis": "y",
				"origin": [
					9.232412074525362,
					11.219689859591274,
					8.905775086082599
				]
			},
			"faces": {
				"north": {
					"uv": [
						7,
						5,
						8,
						6
					],
					"rotation": 270,
					"texture": "#3",
					"tintindex": 0
				},
				"east": {
					"uv": [
						8,
						4,
						9,
						5
					],
					"rotation": 90,
					"texture": "#3",
					"tintindex": 0
				},
				"south": {
					"uv": [
						8,
						5,
						9,
						6
					],
					"rotation": 270,
					"texture": "#3",
					"tintindex": 0
				},
				"west": {
					"uv": [
						7,
						4,
						8,
						5
					],
					"rotation": 270,
					"texture": "#3",
					"tintindex": 0
				},
				"up": {
					"uv": [
						8,
						4,
						9,
						5
					],
					"texture": "#3",
					"tintindex": 0
				},
				"down": {
					"uv": [
						7,
						4,
						8,
						5
					],
					"rotation": 180,
					"texture": "#3",
					"tintindex": 0
				}
			}
		},
		{
			"from": [
				9.538955348458469,
				5.974757557976021,
				6.116821134027389
			],
			"to": [
				10.406832804939372,
				6.842635014456926,
				6.984698590508293
			],
			"rotation": {
				"angle": 45,
				"axis": "y",
				"origin": [
					9.972894076698921,
					6.408696286216474,
					6.5507598622678405
				]
			},
			"faces": {
				"north": {
					"uv": [
						7,
						4,
						8,
						5
					],
					"rotation": 270,
					"texture": "#3",
					"tintindex": 0
				},
				"east": {
					"uv": [
						8,
						4,
						9,
						5
					],
					"rotation": 90,
					"texture": "#3",
					"tintindex": 0
				},
				"south": {
					"uv": [
						8,
						4,
						9,
						5
					],
					"rotation": 270,
					"texture": "#3",
					"tintindex": 0
				},
				"west": {
					"uv": [
						8,
						4,
						9,
						5
					],
					"texture": "#3",
					"tintindex": 0
				},
				"up": {
					"uv": [
						8,
						4,
						9,
						5
					],
					"texture": "#3",
					"tintindex": 0
				},
				"down": {
					"uv": [
						8,
						4,
						9,
						5
					],
					"rotation": 90,
					"texture": "#3",
					"tintindex": 0
				}
			}
		},
		{
			"from": [
				13.696113364394371,
				12.60681194191989,
				-2.7606370074640374
			],
			"to": [
				15.891712173058593,
				14.802410750584109,
				-0.565038198799817
			],
			"rotation": {
				"angle": -45,
				"axis": "x",
				"origin": [
					4.245701757550881,
					16.673169628576357,
					14.883890654227756
				]
			},
			"faces": {
				"north": {
					"uv": [
						8,
						4,
						9,
						5
					],
					"rotation": 180,
					"texture": "#4",
					"tintindex": 0
				},
				"east": {
					"uv": [
						7,
						4,
						8,
						5
					],
					"rotation": 180,
					"texture": "#4",
					"tintindex": 0
				},
				"south": {
					"uv": [
						7,
						5,
						8,
						6
					],
					"rotation": 180,
					"texture": "#4",
					"tintindex": 0
				},
				"west": {
					"uv": [
						7,
						4,
						8,
						5
					],
					"rotation": 180,
					"texture": "#4",
					"tintindex": 0
				},
				"up": {
					"uv": [
						8,
						5,
						9,
						6
					],
					"rotation": 270,
					"texture": "#4",
					"tintindex": 0
				},
				"down": {
					"uv": [
						7,
						4,
						8,
						5
					],
					"rotation": 90,
					"texture": "#4",
					"tintindex": 0
				}
			}
		},
		{
			"from": [
				7.594883034998697,
				25.29377712890734,
				0.9596113379490641
			],
			"to": [
				9.428171809229879,
				27.127065903138522,
				2.792900112180245
			],
			"rotation": {
				"angle": -45,
				"axis": "x",
				"origin": [
					4.245701757550881,
					16.673169628576357,
					14.883890654227756
				]
			},
			"faces": {
				"north": {
					"uv": [
						7,
						4,
						8,
						5
					],
					"rotation": 180,
					"texture": "#4",
					"tintindex": 0
				},
				"east": {
					"uv": [
						7,
						5,
						8,
						6
					],
					"rotation": 180,
					"texture": "#4",
					"tintindex": 0
				},
				"south": {
					"uv": [
						8,
						4,
						9,
						5
					],
					"rotation": 180,
					"texture": "#4",
					"tintindex": 0
				},
				"west": {
					"uv": [
						7,
						4,
						8,
						5
					],
					"rotation": 180,
					"texture": "#4",
					"tintindex": 0
				},
				"up": {
					"uv": [
						8,
						5,
						9,
						6
					],
					"rotation": 270,
					"texture": "#4",
					"tintindex": 0
				},
				"down": {
					"uv": [
						7,
						5,
						8,
						6
					],
					"rotation": 90,
					"texture": "#4",
					"tintindex": 0
				}
			}
		},
		{
			"from": [
				14.729407090196025,
				14.742600610099906,
				17.05239048386656
			],
			"to": [
				16.20038582999417,
				16.213579349898048,
				18.5233692236647
			],
			"rotation": {
				"angle": -45,
				"axis": "x",
				"origin": [
					4.245701757550881,
					16.673169628576357,
					14.883890654227756
				]
			},
			"faces": {
				"north": {
					"uv": [
						8,
						4,
						9,
						5
					],
					"rotation": 180,
					"texture": "#4",
					"tintindex": 0
				},
				"east": {
					"uv": [
						7,
						4,
						8,
						5
					],
					"rotation": 180,
					"texture": "#4",
					"tintindex": 0
				},
				"south": {
					"uv": [
						7,
						5,
						8,
						6
					],
					"rotation": 180,
					"texture": "#4",
					"tintindex": 0
				},
				"west": {
					"uv": [
						8,
						5,
						9,
						6
					],
					"rotation": 180,
					"texture": "#4",
					"tintindex": 0
				},
				"up": {
					"uv": [
						8,
						4,
						9,
						5
					],
					"rotation": 270,
					"texture": "#4",
					"tintindex": 0
				},
				"down": {
					"uv": [
						7,
						4,
						8,
						5
					],
					"rotation": 90,
					"texture": "#4",
					"tintindex": 0
				}
			}
		},
		{
			"from": [
				6.61665499978035,
				27.259682245042047,
				8.817931206684136
			],
			"to": [
				8.087633739578491,
				28.73066098484019,
				10.288909946482278
			],
			"rotation": {
				"angle": -45,
				"axis": "x",
				"origin": [
					4.245701757550881,
					16.673169628576357,
					14.883890654227756
				]
			},
			"faces": {
				"north": {
					"uv": [
						8,
						4,
						9,
						5
					],
					"rotation": 180,
					"texture": "#4",
					"tintindex": 0
				},
				"east": {
					"uv": [
						8,
						4,
						9,
						5
					],
					"rotation": 180,
					"texture": "#4",
					"tintindex": 0
				},
				"south": {
					"uv": [
						7,
						5,
						8,
						6
					],
					"rotation": 180,
					"texture": "#4",
					"tintindex": 0
				},
				"west": {
					"uv": [
						8,
						5,
						9,
						6
					],
					"rotation": 180,
					"texture": "#4",
					"tintindex": 0
				},
				"up": {
					"uv": [
						7,
						5,
						8,
						6
					],
					"rotation": 270,
					"texture": "#4",
					"tintindex": 0
				},
				"down": {
					"uv": [
						8,
						4,
						9,
						5
					],
					"rotation": 90,
					"texture": "#4",
					"tintindex": 0
				}
			}
		},
		{
			"from": [
				16.596666053255646,
				9.080874091073571,
				9.152482857829089
			],
			"to": [
				22.621717074811436,
				15.105925112629357,
				15.177533879384875
			],
			"rotation": {
				"angle": -22.5,
				"axis": "x",
				"origin": [
					14.6420813141468,
					14.834275918112496,
					15.065043859894104
				]
			},
			"faces": {
				"north": {
					"uv": [
						9,
						2,
						11,
						4
					],
					"rotation": 180,
					"texture": "#4",
					"tintindex": 0
				},
				"east": {
					"uv": [
						7,
						0,
						9,
						2
					],
					"texture": "#4",
					"tintindex": 0
				},
				"south": {
					"uv": [
						9,
						2,
						11,
						4
					],
					"texture": "#4",
					"tintindex": 0
				},
				"west": {
					"uv": [
						7,
						2,
						9,
						4
					],
					"rotation": 270,
					"texture": "#4",
					"tintindex": 0
				},
				"up": {
					"uv": [
						9,
						2,
						11,
						4
					],
					"rotation": 270,
					"texture": "#4",
					"tintindex": 0
				},
				"down": {
					"uv": [
						9,
						0,
						11,
						2
					],
					"rotation": 90,
					"texture": "#4",
					"tintindex": 0
				}
			}
		},
		{
			"from": [
				9.931125164379306,
				15.235999849641335,
				12.735922934240275
			],
			"to": [
				14.910505949357209,
				20.215380634619237,
				17.715303719218177
			],
			"rotation": {
				"angle": -45,
				"axis": "x",
				"origin": [
					10.483555577830913,
					14.73855541856546,
					1.47841756865511
				]
			},
			"faces": {
				"north": {
					"uv": [
						7,
						0,
						9,
						2
					],
					"rotation": 90,
					"texture": "#4",
					"tintindex": 0
				},
				"east": {
					"uv": [
						7,
						2,
						9,
						4
					],
					"texture": "#4",
					"tintindex": 0
				},
				"south": {
					"uv": [
						9,
						2,
						11,
						4
					],
					"rotation": 90,
					"texture": "#4",
					"tintindex": 0
				},
				"west": {
					"uv": [
						9,
						2,
						11,
						4
					],
					"rotation": 180,
					"texture": "#4",
					"tintindex": 0
				},
				"up": {
					"uv": [
						9,
						0,
						11,
						2
					],
					"texture": "#4",
					"tintindex": 0
				},
				"down": {
					"uv": [
						7,
						0,
						9,
						2
					],
					"rotation": 90,
					"texture": "#4",
					"tintindex": 0
				}
			}
		},
		{
			"from": [
				11.867963958001624,
				4.730660984840194,
				0.3952573012642677
			],
			"to": [
				19.44088858951345,
				12.303585616352017,
				7.9681801212259185
			],
			"rotation": {
				"angle": 45,
				"axis": "x",
				"origin": [
					6.246901305689883,
					10.417642324816683,
					12.528873618862825
				]
			},
			"faces": {
				"north": {
					"uv": [
						0,
						3.5,
						3.5,
						6.875
					],
					"rotation": 90,
					"texture": "#4",
					"tintindex": 0
				},
				"east": {
					"uv": [
						0,
						3.5,
						3.5,
						6.875
					],
					"rotation": 90,
					"texture": "#4",
					"tintindex": 0
				},
				"south": {
					"uv": [
						0,
						3.5,
						3.5,
						6.875
					],
					"rotation": 90,
					"texture": "#4",
					"tintindex": 0
				},
				"west": {
					"uv": [
						3.5,
						0.125,
						7,
						3.5
					],
					"rotation": 90,
					"texture": "#4",
					"tintindex": 0
				},
				"up": {
					"uv": [
						0,
						0,
						3.5,
						3.375
					],
					"rotation": 90,
					"texture": "#4",
					"tintindex": 0
				},
				"down": {
					"uv": [
						3.5,
						3.5,
						7,
						6.875
					],
					"rotation": 90,
					"texture": "#4",
					"tintindex": 0
				}
			}
		},
		{
			"from": [
				0.9189637751860209,
				11.707641767765004,
				3.4096333105430263
			],
			"to": [
				8.491888406697845,
				19.280564587726655,
				10.98255794205485
			],
			"rotation": {
				"angle": 45,
				"axis": "x",
				"origin": [
					7.3380070321358435,
					6.5507616738180126,
					6.246901305689883
				]
			},
			"faces": {
				"north": {
					"uv": [
						0,
						3.5,
						3.5,
						6.875
					],
					"rotation": 90,
					"texture": "#4",
					"tintindex": 0
				},
				"east": {
					"uv": [
						0,
						3.5,
						3.5,
						6.875
					],
					"rotation": 90,
					"texture": "#4",
					"tintindex": 0
				},
				"south": {
					"uv": [
						0,
						3.5,
						3.5,
						6.875
					],
					"rotation": 90,
					"texture": "#4",
					"tintindex": 0
				},
				"west": {
					"uv": [
						0,
						3.5,
						3.5,
						6.875
					],
					"rotation": 90,
					"texture": "#4",
					"tintindex": 0
				},
				"up": {
					"uv": [
						0,
						3.5,
						3.5,
						6.875
					],
					"rotation": 90,
					"texture": "#4",
					"tintindex": 0
				},
				"down": {
					"uv": [
						0,
						3.5,
						3.5,
						6.875
					],
					"rotation": 90,
					"texture": "#4",
					"tintindex": 0
				}
			}
		},
		{
			"from": [
				5.791582662317538,
				11.046317261914377,
				8.167697010987505
			],
			"to": [
				9.195123125781514,
				14.449857725378351,
				11.57123747445148
			],
			"rotation": {
				"angle": 45,
				"axis": "x",
				"origin": [
					8.369902241204585,
					11.781237805059387,
					9.811548360615028
				]
			},
			"faces": {
				"north": {
					"uv": [
						2,
						0,
						4,
						2
					],
					"texture": "#1",
					"tintindex": 0
				},
				"east": {
					"uv": [
						2,
						2,
						4,
						4
					],
					"texture": "#1",
					"tintindex": 0
				},
				"south": {
					"uv": [
						2,
						2,
						4,
						4
					],
					"rotation": 90,
					"texture": "#1",
					"tintindex": 0
				},
				"west": {
					"uv": [
						2,
						0,
						4,
						2
					],
					"rotation": 90,
					"texture": "#1",
					"tintindex": 0
				},
				"up": {
					"uv": [
						0,
						0,
						2,
						2
					],
					"texture": "#1",
					"tintindex": 0
				},
				"down": {
					"uv": [
						0,
						2,
						2,
						4
					],
					"texture": "#1",
					"tintindex": 0
				}
			}
		},
		{
			"from": [
				7.993864279566877,
				5.529935036301201,
				2.329413189081607
			],
			"to": [
				12.973245064544777,
				10.509315821279102,
				7.308793974059507
			],
			"rotation": {
				"angle": 45,
				"axis": "x",
				"origin": [
					11.360103113435798,
					6.66848707330634,
					4.37689784411943
				]
			},
			"faces": {
				"north": {
					"uv": [
						0,
						0,
						2,
						2
					],
					"texture": "#1",
					"tintindex": 0
				},
				"east": {
					"uv": [
						0,
						2,
						2,
						4
					],
					"texture": "#1",
					"tintindex": 0
				},
				"south": {
					"uv": [
						0,
						0,
						2,
						2
					],
					"rotation": 90,
					"texture": "#1",
					"tintindex": 0
				},
				"west": {
					"uv": [
						2,
						2,
						4,
						4
					],
					"rotation": 90,
					"texture": "#1",
					"tintindex": 0
				},
				"up": {
					"uv": [
						2,
						0,
						4,
						2
					],
					"texture": "#1",
					"tintindex": 0
				},
				"down": {
					"uv": [
						0,
						2,
						2,
						4
					],
					"texture": "#1",
					"tintindex": 0
				}
			}
		},
		{
			"from": [
				5.146391822300213,
				25.42927564713478,
				3.9132207082527133
			],
			"to": [
				6.617370562098355,
				26.90025438693292,
				5.384199448050856
			],
			"rotation": {
				"angle": -45,
				"axis": "x",
				"origin": [
					4.245701757550881,
					16.673169628576357,
					14.883890654227756
				]
			},
			"faces": {
				"north": {
					"uv": [
						8,
						4,
						9,
						5
					],
					"rotation": 180,
					"texture": "#3",
					"tintindex": 0
				},
				"east": {
					"uv": [
						8,
						4,
						9,
						5
					],
					"rotation": 180,
					"texture": "#3",
					"tintindex": 0
				},
				"south": {
					"uv": [
						7,
						5,
						8,
						6
					],
					"rotation": 180,
					"texture": "#3",
					"tintindex": 0
				},
				"west": {
					"uv": [
						8,
						5,
						9,
						6
					],
					"rotation": 180,
					"texture": "#3",
					"tintindex": 0
				},
				"up": {
					"uv": [
						7,
						5,
						8,
						6
					],
					"rotation": 270,
					"texture": "#3",
					"tintindex": 0
				},
				"down": {
					"uv": [
						8,
						4,
						9,
						5
					],
					"rotation": 90,
					"texture": "#3",
					"tintindex": 0
				}
			}
		},
		{
			"from": [
				7.183393036491716,
				6.924062383145579,
				4.700717872044475
			],
			"to": [
				10.277520730549876,
				10.018190077203739,
				7.7948455661026355
			],
			"rotation": {
				"angle": 45,
				"axis": "x",
				"origin": [
					9.314823114957502,
					8.168149898530546,
					6.5507598622678405
				]
			},
			"faces": {
				"north": {
					"uv": [
						0,
						0,
						2,
						2
					],
					"texture": "#0",
					"tintindex": 0
				},
				"east": {
					"uv": [
						0,
						2,
						2,
						4
					],
					"texture": "#0",
					"tintindex": 0
				},
				"south": {
					"uv": [
						0,
						0,
						2,
						2
					],
					"rotation": 90,
					"texture": "#0",
					"tintindex": 0
				},
				"west": {
					"uv": [
						2,
						2,
						4,
						4
					],
					"rotation": 90,
					"texture": "#0",
					"tintindex": 0
				},
				"up": {
					"uv": [
						2,
						0,
						4,
						2
					],
					"texture": "#0",
					"tintindex": 0
				},
				"down": {
					"uv": [
						0,
						2,
						2,
						4
					],
					"texture": "#0",
					"tintindex": 0
				}
			}
		},
		{
			"from": [
				7.439432103175029,
				11.403515101761565,
				8.57038106410759
			],
			"to": [
				8.910410842973171,
				12.874493841559708,
				10.041359803905731
			],
			"rotation": {
				"angle": 45,
				"axis": "x",
				"origin": [
					6.655659486537239,
					11.58936746857451,
					9.08693010329912
				]
			},
			"faces": {
				"north": {
					"uv": [
						4,
						0,
						5,
						1
					],
					"texture": "#0",
					"tintindex": 0
				},
				"east": {
					"uv": [
						4,
						1,
						5,
						2
					],
					"texture": "#0",
					"tintindex": 0
				},
				"south": {
					"uv": [
						5,
						0,
						6,
						1
					],
					"texture": "#0",
					"tintindex": 0
				},
				"west": {
					"uv": [
						4,
						1,
						5,
						2
					],
					"texture": "#0",
					"tintindex": 0
				},
				"up": {
					"uv": [
						4,
						0,
						5,
						1
					],
					"texture": "#0",
					"tintindex": 0
				},
				"down": {
					"uv": [
						4,
						0,
						5,
						1
					],
					"texture": "#0",
					"tintindex": 0
				}
			}
		},
		{
			"from": [
				11.93886803174017,
				10.484200489692203,
				8.170285716183528
			],
			"to": [
				13.409846771538312,
				11.955179229490346,
				9.64126445598167
			],
			"rotation": {
				"angle": 45,
				"axis": "y",
				"origin": [
					12.674357401639242,
					11.219689859591274,
					8.905775086082599
				]
			},
			"faces": {
				"north": {
					"uv": [
						4,
						1,
						5,
						2
					],
					"rotation": 270,
					"texture": "#0",
					"tintindex": 0
				},
				"east": {
					"uv": [
						5,
						0,
						6,
						1
					],
					"rotation": 90,
					"texture": "#0",
					"tintindex": 0
				},
				"south": {
					"uv": [
						5,
						0,
						6,
						1
					],
					"rotation": 270,
					"texture": "#0",
					"tintindex": 0
				},
				"west": {
					"uv": [
						4,
						0,
						5,
						1
					],
					"rotation": 270,
					"texture": "#0",
					"tintindex": 0
				},
				"up": {
					"uv": [
						4,
						0,
						5,
						1
					],
					"texture": "#0",
					"tintindex": 0
				},
				"down": {
					"uv": [
						4,
						1,
						5,
						2
					],
					"rotation": 180,
					"texture": "#0",
					"tintindex": 0
				}
			}
		},
		{
			"from": [
				12.44563832310235,
				14.554936693114794,
				4.577985347880283
			],
			"to": [
				13.916617062900492,
				16.02591543291294,
				6.048964087678424
			],
			"rotation": {
				"angle": 45,
				"axis": "y",
				"origin": [
					12.674357401639242,
					11.219689859591274,
					8.905775086082599
				]
			},
			"faces": {
				"north": {
					"uv": [
						4,
						1,
						5,
						2
					],
					"rotation": 270,
					"texture": "#1",
					"tintindex": 0
				},
				"east": {
					"uv": [
						5,
						0,
						6,
						1
					],
					"rotation": 90,
					"texture": "#1",
					"tintindex": 0
				},
				"south": {
					"uv": [
						4,
						1,
						5,
						2
					],
					"rotation": 270,
					"texture": "#1",
					"tintindex": 0
				},
				"west": {
					"uv": [
						4,
						0,
						5,
						1
					],
					"rotation": 270,
					"texture": "#1",
					"tintindex": 0
				},
				"up": {
					"uv": [
						5,
						0,
						6,
						1
					],
					"texture": "#1",
					"tintindex": 0
				},
				"down": {
					"uv": [
						4,
						0,
						5,
						1
					],
					"rotation": 180,
					"texture": "#1",
					"tintindex": 0
				}
			}
		}
	],
	"display": {
		"head": {
			"rotation": [
				0,
				180,
				0
			]
		}
	}
}