{
	"textures": {
		"0": "kello:item/decal/comet_0",
		"1": "kello:item/decal/comet_1",
		"3": "kello:item/decal/comet_2",
		"4": "kello:item/decal/comet_3"
	},
	"elements": [
		{
			"from": [
				10.965522783380418,
				14.40042524527004,
				9.60182466501468
			],
			"to": [
				25.21090950590294,
				17.48320892850155,
				12.573514585268041
			],
			"rotation": {
				"angle": 45,
				"axis": "z",
				"origin": [
					18.36224344602207,
					18.49857384959813,
					6.8227063658450655
				]
			},
			"faces": {
				"north": {
					"uv": [
						15.875,
						16,
						16,
						4
					],
					"rotation": 90,
					"texture": "#4",
					"tintindex": 0
				},
				"south": {
					"uv": [
						15.875,
						4,
						16,
						16
					],
					"rotation": 90,
					"texture": "#4",
					"tintindex": 0
				},
				"up": {
					"uv": [
						15.875,
						4,
						16,
						16
					],
					"rotation": 90,
					"texture": "#4",
					"tintindex": 0
				},
				"down": {
					"uv": [
						15.875,
						16,
						16,
						4
					],
					"rotation": 270,
					"texture": "#4",
					"tintindex": 0
				}
			}
		},
		{
			"from": [
				13.609800004144121,
				22.33325690756115,
				7.554642300552459
			],
			"to": [
				23.50492420218442,
				24.39244940856155,
				9.673339568946561
			],
			"rotation": {
				"angle": 45,
				"axis": "z",
				"origin": [
					18.36224344602207,
					18.49857384959813,
					6.8227063658450655
				]
			},
			"faces": {
				"north": {
					"uv": [
						15.875,
						16,
						16,
						4
					],
					"rotation": 90,
					"texture": "#4",
					"tintindex": 0
				},
				"south": {
					"uv": [
						15.875,
						4,
						16,
						16
					],
					"rotation": 90,
					"texture": "#4",
					"tintindex": 0
				},
				"up": {
					"uv": [
						15.875,
						4,
						16,
						16
					],
					"rotation": 90,
					"texture": "#4",
					"tintindex": 0
				},
				"down": {
					"uv": [
						15.875,
						16,
						16,
						4
					],
					"rotation": 270,
					"texture": "#4",
					"tintindex": 0
				}
			}
		},
		{
			"from": [
				9.850404636612158,
				20.258044351566177,
				3.119080510884311
			],
			"to": [
				15.224667779798382,
				21.123047139963617,
				4.043588066675451
			],
			"rotation": {
				"angle": 45,
				"axis": "z",
				"origin": [
					18.36224344602207,
					18.49857384959813,
					6.8227063658450655
				]
			},
			"faces": {
				"north": {
					"uv": [
						15.875,
						16,
						16,
						4
					],
					"rotation": 90,
					"texture": "#4",
					"tintindex": 0
				},
				"south": {
					"uv": [
						15.875,
						4,
						16,
						16
					],
					"rotation": 90,
					"texture": "#4",
					"tintindex": 0
				},
				"up": {
					"uv": [
						15.875,
						4,
						16,
						16
					],
					"rotation": 90,
					"texture": "#4",
					"tintindex": 0
				},
				"down": {
					"uv": [
						15.875,
						16,
						16,
						4
					],
					"rotation": 270,
					"texture": "#4",
					"tintindex": 0
				}
			}
		},
		{
			"from": [
				13.339213675121329,
				16.58445236787739,
				4.569168019045051
			],
			"to": [
				29.63178276210607,
				21.03202429408372,
				8.905646182273227
			],
			"rotation": {
				"angle": 45,
				"axis": "z",
				"origin": [
					18.36224344602207,
					18.49857384959813,
					6.8227063658450655
				]
			},
			"faces": {
				"north": {
					"uv": [
						15.875,
						16,
						16,
						4
					],
					"rotation": 90,
					"texture": "#4",
					"tintindex": 0
				},
				"south": {
					"uv": [
						15.875,
						4,
						16,
						16
					],
					"rotation": 90,
					"texture": "#4",
					"tintindex": 0
				},
				"up": {
					"uv": [
						15.875,
						4,
						16,
						16
					],
					"rotation": 90,
					"texture": "#4",
					"tintindex": 0
				},
				"down": {
					"uv": [
						15.875,
						16,
						16,
						4
					],
					"rotation": 270,
					"texture": "#4",
					"tintindex": 0
				}
			}
		},
		{
			"from": [
				7.497599269952023,
				17.891503244233157,
				6.531051118321347
			],
			"to": [
				15.77203742945973,
				19.438900154118002,
				7.9673542652280425
			],
			"rotation": {
				"angle": 45,
				"axis": "z",
				"origin": [
					18.36224344602207,
					18.49857384959813,
					6.8227063658450655
				]
			},
			"faces": {
				"north": {
					"uv": [
						15.875,
						16,
						16,
						4
					],
					"rotation": 90,
					"texture": "#0",
					"tintindex": 0
				},
				"south": {
					"uv": [
						15.875,
						4,
						16,
						16
					],
					"rotation": 90,
					"texture": "#0",
					"tintindex": 0
				},
				"up": {
					"uv": [
						15.875,
						4,
						16,
						16
					],
					"rotation": 90,
					"texture": "#0",
					"tintindex": 0
				},
				"down": {
					"uv": [
						15.875,
						16,
						16,
						4
					],
					"rotation": 270,
					"texture": "#0",
					"tintindex": 0
				}
			}
		},
		{
			"from": [
				12.72171352860207,
				12.317686735107717,
				8.578233482783569
			],
			"to": [
				31.317362775606814,
				16.082864539826634,
				12.232317524524337
			],
			"rotation": {
				"angle": 45,
				"axis": "z",
				"origin": [
					12.590148794971949,
					12.008307153271016,
					6.908005631030991
				]
			},
			"faces": {
				"north": {
					"uv": [
						15.875,
						16,
						16,
						4
					],
					"rotation": 90,
					"texture": "#3",
					"tintindex": 0
				},
				"south": {
					"uv": [
						15.875,
						4,
						16,
						16
					],
					"rotation": 90,
					"texture": "#3",
					"tintindex": 0
				},
				"up": {
					"uv": [
						15.875,
						4,
						16,
						16
					],
					"rotation": 90,
					"texture": "#3",
					"tintindex": 0
				},
				"down": {
					"uv": [
						15.875,
						16,
						16,
						4
					],
					"rotation": 270,
					"texture": "#3",
					"tintindex": 0
				}
			}
		},
		{
			"from": [
				12.369392590685468,
				10.30043758878454,
				4.910365079788756
			],
			"to": [
				20.046735893891693,
				13.042024211272347,
				7.540857939298413
			],
			"rotation": {
				"angle": 45,
				"axis": "z",
				"origin": [
					12.590148794971949,
					12.008307153271016,
					6.908005631030991
				]
			},
			"faces": {
				"north": {
					"uv": [
						15.875,
						16,
						16,
						4
					],
					"rotation": 90,
					"texture": "#3",
					"tintindex": 0
				},
				"south": {
					"uv": [
						15.875,
						4,
						16,
						16
					],
					"rotation": 90,
					"texture": "#3",
					"tintindex": 0
				},
				"up": {
					"uv": [
						15.875,
						4,
						16,
						16
					],
					"rotation": 90,
					"texture": "#3",
					"tintindex": 0
				},
				"down": {
					"uv": [
						15.875,
						16,
						16,
						4
					],
					"rotation": 270,
					"texture": "#3",
					"tintindex": 0
				}
			}
		},
		{
			"from": [
				14.525041500758114,
				15.255169944036219,
				5.84865699683394
			],
			"to": [
				26.63794659363249,
				17.996756566524027,
				8.479149856343598
			],
			"rotation": {
				"angle": 45,
				"axis": "z",
				"origin": [
					12.590148794971949,
					12.008307153271016,
					6.908005631030991
				]
			},
			"faces": {
				"north": {
					"uv": [
						15.875,
						16,
						16,
						4
					],
					"rotation": 90,
					"texture": "#3",
					"tintindex": 0
				},
				"south": {
					"uv": [
						15.875,
						4,
						16,
						16
					],
					"rotation": 90,
					"texture": "#3",
					"tintindex": 0
				},
				"up": {
					"uv": [
						15.875,
						4,
						16,
						16
					],
					"rotation": 90,
					"texture": "#3",
					"tintindex": 0
				},
				"down": {
					"uv": [
						15.875,
						16,
						16,
						4
					],
					"rotation": 270,
					"texture": "#3",
					"tintindex": 0
				}
			}
		},
		{
			"from": [
				9.075976019959743,
				10.468900225556137,
				5.592759201276163
			],
			"to": [
				19.909392135045227,
				13.210486848043944,
				8.22325206078582
			],
			"rotation": {
				"angle": 45,
				"axis": "z",
				"origin": [
					12.590148794971949,
					12.008307153271016,
					6.908005631030991
				]
			},
			"faces": {
				"north": {
					"uv": [
						15.875,
						16,
						16,
						4
					],
					"rotation": 90,
					"texture": "#1",
					"tintindex": 0
				},
				"south": {
					"uv": [
						15.875,
						4,
						16,
						16
					],
					"rotation": 90,
					"texture": "#1",
					"tintindex": 0
				},
				"up": {
					"uv": [
						15.875,
						4,
						16,
						16
					],
					"rotation": 90,
					"texture": "#1",
					"tintindex": 0
				},
				"down": {
					"uv": [
						15.875,
						16,
						16,
						4
					],
					"rotation": 270,
					"texture": "#1",
					"tintindex": 0
				}
			}
		},
		{
			"from": [
				9.270814895512132,
				13.679497180734892,
				8.322335687225792
			],
			"to": [
				15.327472160185764,
				15.226894090619735,
				9.758638834132487
			],
			"rotation": {
				"angle": 45,
				"axis": "z",
				"origin": [
					12.590148794971949,
					12.008307153271016,
					6.908005631030991
				]
			},
			"faces": {
				"north": {
					"uv": [
						15.875,
						16,
						16,
						4
					],
					"rotation": 90,
					"texture": "#1",
					"tintindex": 0
				},
				"south": {
					"uv": [
						15.875,
						4,
						16,
						16
					],
					"rotation": 90,
					"texture": "#1",
					"tintindex": 0
				},
				"up": {
					"uv": [
						15.875,
						4,
						16,
						16
					],
					"rotation": 90,
					"texture": "#1",
					"tintindex": 0
				},
				"down": {
					"uv": [
						15.875,
						16,
						16,
						4
					],
					"rotation": 270,
					"texture": "#1",
					"tintindex": 0
				}
			}
		},
		{
			"from": [
				8.73614118848106,
				13.098830962908218,
				6.786948913879125
			],
			"to": [
				15.475192574642099,
				13.793235220933804,
				7.370259408926561
			],
			"rotation": {
				"angle": 45,
				"axis": "z",
				"origin": [
					10.655579373400839,
					13.531332357106937,
					6.8227063658450655
				]
			},
			"faces": {
				"north": {
					"uv": [
						15.875,
						16,
						16,
						4
					],
					"rotation": 90,
					"texture": "#1",
					"tintindex": 0
				},
				"south": {
					"uv": [
						15.875,
						4,
						16,
						16
					],
					"rotation": 90,
					"texture": "#1",
					"tintindex": 0
				},
				"up": {
					"uv": [
						15.875,
						4,
						16,
						16
					],
					"rotation": 90,
					"texture": "#1",
					"tintindex": 0
				},
				"down": {
					"uv": [
						15.875,
						16,
						16,
						4
					],
					"rotation": 270,
					"texture": "#1",
					"tintindex": 0
				}
			}
		},
		{
			"from": [
				12.569383541855087,
				9.931766487717102,
				8.371734197680265
			],
			"to": [
				16.749047535965456,
				10.614160609204509,
				9.054128319167672
			],
			"rotation": {
				"angle": 45,
				"axis": "z",
				"origin": [
					8.852992651859259,
					7.338930694809074,
					7.147007348140741
				]
			},
			"faces": {
				"north": {
					"uv": [
						15.875,
						16,
						16,
						4
					],
					"rotation": 90,
					"texture": "#0",
					"tintindex": 0
				},
				"south": {
					"uv": [
						15.875,
						4,
						16,
						16
					],
					"rotation": 90,
					"texture": "#0",
					"tintindex": 0
				},
				"up": {
					"uv": [
						15.875,
						4,
						16,
						16
					],
					"rotation": 90,
					"texture": "#0",
					"tintindex": 0
				},
				"down": {
					"uv": [
						15.875,
						16,
						16,
						4
					],
					"rotation": 270,
					"texture": "#0",
					"tintindex": 0
				}
			}
		},
		{
			"from": [
				12.251733343265958,
				8.070498136690864,
				8.115836402122488
			],
			"to": [
				16.943192928491882,
				8.75289225817827,
				8.798230523609895
			],
			"rotation": {
				"angle": 45,
				"axis": "z",
				"origin": [
					8.852992651859259,
					7.338930694809074,
					7.147007348140741
				]
			},
			"faces": {
				"north": {
					"uv": [
						15.875,
						16,
						16,
						4
					],
					"rotation": 90,
					"texture": "#0",
					"tintindex": 0
				},
				"south": {
					"uv": [
						15.875,
						4,
						16,
						16
					],
					"rotation": 90,
					"texture": "#0",
					"tintindex": 0
				},
				"up": {
					"uv": [
						15.875,
						4,
						16,
						16
					],
					"rotation": 90,
					"texture": "#0",
					"tintindex": 0
				},
				"down": {
					"uv": [
						15.875,
						16,
						16,
						4
					],
					"rotation": 270,
					"texture": "#0",
					"tintindex": 0
				}
			}
		},
		{
			"from": [
				17.26084312708101,
				10.614160609204509,
				9.054128319167672
			],
			"to": [
				12.569383541855087,
				9.931766487717102,
				8.371734197680265
			],
			"rotation": {
				"angle": 45,
				"axis": "z",
				"origin": [
					8.852992651859259,
					7.338930694809074,
					7.147007348140741
				]
			},
			"faces": {
				"north": {
					"uv": [
						16,
						4,
						15.875,
						16
					],
					"rotation": 90,
					"texture": "#0",
					"tintindex": 0
				},
				"south": {
					"uv": [
						16,
						16,
						15.875,
						4
					],
					"rotation": 90,
					"texture": "#0",
					"tintindex": 0
				},
				"up": {
					"uv": [
						15.875,
						4,
						16,
						16
					],
					"rotation": 270,
					"texture": "#0",
					"tintindex": 0
				},
				"down": {
					"uv": [
						15.875,
						16,
						16,
						4
					],
					"rotation": 90,
					"texture": "#0",
					"tintindex": 0
				}
			}
		},
		{
			"from": [
				15.857336694645655,
				19.438900154118002,
				7.9673542652280425
			],
			"to": [
				7.582898535137948,
				17.891503244233157,
				6.531051118321347
			],
			"rotation": {
				"angle": 45,
				"axis": "z",
				"origin": [
					18.36224344602207,
					18.49857384959813,
					6.8227063658450655
				]
			},
			"faces": {
				"north": {
					"uv": [
						16,
						4,
						15.875,
						16
					],
					"rotation": 90,
					"texture": "#0",
					"tintindex": 0
				},
				"south": {
					"uv": [
						16,
						16,
						15.875,
						4
					],
					"rotation": 90,
					"texture": "#0",
					"tintindex": 0
				},
				"up": {
					"uv": [
						15.875,
						4,
						16,
						16
					],
					"rotation": 270,
					"texture": "#0",
					"tintindex": 0
				},
				"down": {
					"uv": [
						15.875,
						16,
						16,
						4
					],
					"rotation": 90,
					"texture": "#0",
					"tintindex": 0
				}
			}
		},
		{
			"from": [
				16.943192928491882,
				8.75289225817827,
				8.798230523609895
			],
			"to": [
				12.251733343265958,
				8.070498136690864,
				8.115836402122488
			],
			"rotation": {
				"angle": 45,
				"axis": "z",
				"origin": [
					8.852992651859259,
					7.338930694809074,
					7.147007348140741
				]
			},
			"faces": {
				"north": {
					"uv": [
						16,
						4,
						15.875,
						16
					],
					"rotation": 90,
					"texture": "#0",
					"tintindex": 0
				},
				"south": {
					"uv": [
						16,
						16,
						15.875,
						4
					],
					"rotation": 90,
					"texture": "#0",
					"tintindex": 0
				},
				"up": {
					"uv": [
						15.875,
						4,
						16,
						16
					],
					"rotation": 270,
					"texture": "#0",
					"tintindex": 0
				},
				"down": {
					"uv": [
						15.875,
						16,
						16,
						4
					],
					"rotation": 90,
					"texture": "#0",
					"tintindex": 0
				}
			}
		},
		{
			"from": [
				19.909392135045227,
				13.210486848043944,
				8.22325206078582
			],
			"to": [
				9.075976019959743,
				10.468900225556137,
				5.592759201276163
			],
			"rotation": {
				"angle": 45,
				"axis": "z",
				"origin": [
					12.590148794971949,
					12.008307153271016,
					6.908005631030991
				]
			},
			"faces": {
				"north": {
					"uv": [
						16,
						4,
						15.875,
						16
					],
					"rotation": 90,
					"texture": "#1",
					"tintindex": 0
				},
				"south": {
					"uv": [
						16,
						16,
						15.875,
						4
					],
					"rotation": 90,
					"texture": "#1",
					"tintindex": 0
				},
				"up": {
					"uv": [
						15.875,
						4,
						16,
						16
					],
					"rotation": 270,
					"texture": "#1",
					"tintindex": 0
				},
				"down": {
					"uv": [
						15.875,
						16,
						16,
						4
					],
					"rotation": 90,
					"texture": "#1",
					"tintindex": 0
				}
			}
		},
		{
			"from": [
				15.327472160185764,
				15.226894090619735,
				9.758638834132487
			],
			"to": [
				9.270814895512132,
				13.679497180734892,
				8.322335687225792
			],
			"rotation": {
				"angle": 45,
				"axis": "z",
				"origin": [
					12.590148794971949,
					12.008307153271016,
					6.908005631030991
				]
			},
			"faces": {
				"north": {
					"uv": [
						16,
						4,
						15.875,
						16
					],
					"rotation": 90,
					"texture": "#1",
					"tintindex": 0
				},
				"south": {
					"uv": [
						16,
						16,
						15.875,
						4
					],
					"rotation": 90,
					"texture": "#1",
					"tintindex": 0
				},
				"up": {
					"uv": [
						15.875,
						4,
						16,
						16
					],
					"rotation": 270,
					"texture": "#1",
					"tintindex": 0
				},
				"down": {
					"uv": [
						15.875,
						16,
						16,
						4
					],
					"rotation": 90,
					"texture": "#1",
					"tintindex": 0
				}
			}
		},
		{
			"from": [
				9.364954576541928,
				11.833708940354596,
				7.540857939298413
			],
			"to": [
				7.317362775606813,
				11.309903212700862,
				7.128145974622829
			],
			"rotation": {
				"angle": 45,
				"axis": "z",
				"origin": [
					12.590148794971949,
					12.008307153271016,
					6.908005631030991
				]
			},
			"faces": {
				"north": {
					"uv": [
						16,
						4,
						15.875,
						16
					],
					"rotation": 90,
					"texture": "#3",
					"tintindex": 0
				},
				"south": {
					"uv": [
						16,
						16,
						15.875,
						4
					],
					"rotation": 90,
					"texture": "#3",
					"tintindex": 0
				},
				"up": {
					"uv": [
						15.875,
						4,
						16,
						16
					],
					"rotation": 270,
					"texture": "#3",
					"tintindex": 0
				},
				"down": {
					"uv": [
						15.875,
						16,
						16,
						4
					],
					"rotation": 90,
					"texture": "#3",
					"tintindex": 0
				}
			}
		},
		{
			"from": [
				20.046735893891693,
				13.042024211272347,
				7.540857939298413
			],
			"to": [
				12.369392590685468,
				10.30043758878454,
				4.910365079788756
			],
			"rotation": {
				"angle": 45,
				"axis": "z",
				"origin": [
					12.590148794971949,
					12.008307153271016,
					6.908005631030991
				]
			},
			"faces": {
				"north": {
					"uv": [
						16,
						4,
						15.875,
						16
					],
					"rotation": 90,
					"texture": "#3",
					"tintindex": 0
				},
				"south": {
					"uv": [
						16,
						16,
						15.875,
						4
					],
					"rotation": 90,
					"texture": "#3",
					"tintindex": 0
				},
				"up": {
					"uv": [
						15.875,
						4,
						16,
						16
					],
					"rotation": 270,
					"texture": "#3",
					"tintindex": 0
				},
				"down": {
					"uv": [
						15.875,
						16,
						16,
						4
					],
					"rotation": 90,
					"texture": "#3",
					"tintindex": 0
				}
			}
		},
		{
			"from": [
				24.249567168426562,
				17.996756566524027,
				8.479149856343598
			],
			"to": [
				12.136662075552188,
				15.255169944036219,
				5.84865699683394
			],
			"rotation": {
				"angle": 45,
				"axis": "z",
				"origin": [
					12.590148794971949,
					12.008307153271016,
					6.908005631030991
				]
			},
			"faces": {
				"north": {
					"uv": [
						16,
						4,
						15.875,
						16
					],
					"rotation": 90,
					"texture": "#3",
					"tintindex": 0
				},
				"south": {
					"uv": [
						16,
						16,
						15.875,
						4
					],
					"rotation": 90,
					"texture": "#3",
					"tintindex": 0
				},
				"up": {
					"uv": [
						15.875,
						4,
						16,
						16
					],
					"rotation": 270,
					"texture": "#3",
					"tintindex": 0
				},
				"down": {
					"uv": [
						15.875,
						16,
						16,
						4
					],
					"rotation": 90,
					"texture": "#3",
					"tintindex": 0
				}
			}
		},
		{
			"from": [
				31.317362775606814,
				16.082864539826634,
				12.232317524524337
			],
			"to": [
				12.72171352860207,
				12.317686735107717,
				8.578233482783569
			],
			"rotation": {
				"angle": 45,
				"axis": "z",
				"origin": [
					12.590148794971949,
					12.008307153271016,
					6.908005631030991
				]
			},
			"faces": {
				"north": {
					"uv": [
						16,
						4,
						15.875,
						16
					],
					"rotation": 90,
					"texture": "#3",
					"tintindex": 0
				},
				"south": {
					"uv": [
						16,
						16,
						15.875,
						4
					],
					"rotation": 90,
					"texture": "#3",
					"tintindex": 0
				},
				"up": {
					"uv": [
						15.875,
						4,
						16,
						16
					],
					"rotation": 270,
					"texture": "#3",
					"tintindex": 0
				},
				"down": {
					"uv": [
						15.875,
						16,
						16,
						4
					],
					"rotation": 90,
					"texture": "#3",
					"tintindex": 0
				}
			}
		},
		{
			"from": [
				15.475192574642099,
				13.793235220933804,
				7.370259408926561
			],
			"to": [
				8.73614118848106,
				13.098830962908218,
				6.786948913879125
			],
			"rotation": {
				"angle": 45,
				"axis": "z",
				"origin": [
					10.655579373400839,
					13.531332357106937,
					6.8227063658450655
				]
			},
			"faces": {
				"north": {
					"uv": [
						16,
						4,
						15.875,
						16
					],
					"rotation": 90,
					"texture": "#1",
					"tintindex": 0
				},
				"south": {
					"uv": [
						16,
						16,
						15.875,
						4
					],
					"rotation": 90,
					"texture": "#1",
					"tintindex": 0
				},
				"up": {
					"uv": [
						15.875,
						4,
						16,
						16
					],
					"rotation": 270,
					"texture": "#1",
					"tintindex": 0
				},
				"down": {
					"uv": [
						15.875,
						16,
						16,
						4
					],
					"rotation": 90,
					"texture": "#1",
					"tintindex": 0
				}
			}
		}
	],
	"display": {
		"head": {
			"rotation": [
				0,
				180,
				0
			]
		}
	}
}