{
	"credit": "Made with Blockbench",
	"textures": {
		"0": "masp005:item/storage-rack",
		"1": "masp005:item/papers",
		"particle": "masp005:item/storage-rack"
	},
	"elements": [
		{
			"from": [1, 0, 14],
			"to": [2, 2, 15],
			"rotation": {"angle": 0, "axis": "y", "origin": [16, 0, 16]},
			"faces": {
				"north": {"uv": [0, 0, 1, 2], "texture": "#0"},
				"east": {"uv": [0, 0, 1, 2], "texture": "#0"},
				"south": {"uv": [0, 0, 1, 2], "texture": "#0"},
				"west": {"uv": [0, 0, 1, 2], "texture": "#0"},
				"up": {"uv": [0, 0, 1, 1], "rotation": 180, "texture": "#0"},
				"down": {"uv": [0, 0, 1, 1], "rotation": 180, "texture": "#0"}
			}
		},
		{
			"from": [14, 0, 14],
			"to": [15, 11, 15],
			"rotation": {"angle": 0, "axis": "y", "origin": [16, 0, 16]},
			"faces": {
				"north": {"uv": [0, 0, 1, 11], "texture": "#0"},
				"east": {"uv": [0, 0, 1, 11], "texture": "#0"},
				"south": {"uv": [0, 0, 1, 11], "texture": "#0"},
				"west": {"uv": [0, 0, 1, 11], "texture": "#0"},
				"up": {"uv": [0, 0, 1, 1], "rotation": 180, "texture": "#0"},
				"down": {"uv": [0, 0, 1, 1], "rotation": 180, "texture": "#0"}
			}
		},
		{
			"from": [14, 0, 6],
			"to": [15, 11, 7],
			"rotation": {"angle": 0, "axis": "y", "origin": [16, 0, 16]},
			"faces": {
				"north": {"uv": [0, 0, 1, 11], "texture": "#0"},
				"east": {"uv": [0, 0, 1, 11], "texture": "#0"},
				"south": {"uv": [0, 0, 1, 11], "texture": "#0"},
				"west": {"uv": [0, 0, 1, 11], "texture": "#0"},
				"up": {"uv": [0, 0, 1, 1], "rotation": 180, "texture": "#0"},
				"down": {"uv": [0, 0, 1, 1], "rotation": 180, "texture": "#0"}
			}
		},
		{
			"from": [1, 11, 6],
			"to": [2, 19, 7],
			"rotation": {"angle": 0, "axis": "y", "origin": [16, 0, 16]},
			"faces": {
				"north": {"uv": [0, 0, 1, 8], "texture": "#0"},
				"east": {"uv": [0, 0, 1, 8], "texture": "#0"},
				"south": {"uv": [0, 0, 1, 8], "texture": "#0"},
				"west": {"uv": [0, 0, 1, 8], "texture": "#0"},
				"up": {"uv": [0, 0, 1, 1], "rotation": 180, "texture": "#0"},
				"down": {"uv": [0, 0, 1, 1], "rotation": 180, "texture": "#0"}
			}
		},
		{
			"from": [1, 11, 14],
			"to": [2, 19, 15],
			"rotation": {"angle": 0, "axis": "y", "origin": [16, 0, 16]},
			"faces": {
				"north": {"uv": [0, 0, 1, 8], "texture": "#0"},
				"east": {"uv": [0, 0, 1, 8], "texture": "#0"},
				"south": {"uv": [0, 0, 1, 8], "texture": "#0"},
				"west": {"uv": [0, 0, 1, 8], "texture": "#0"},
				"up": {"uv": [0, 0, 1, 1], "rotation": 180, "texture": "#0"},
				"down": {"uv": [0, 0, 1, 1], "rotation": 180, "texture": "#0"}
			}
		},
		{
			"from": [14, 11, 6],
			"to": [15, 19, 7],
			"rotation": {"angle": 0, "axis": "y", "origin": [16, 0, 16]},
			"faces": {
				"north": {"uv": [0, 0, 1, 8], "texture": "#0"},
				"east": {"uv": [0, 0, 1, 8], "texture": "#0"},
				"south": {"uv": [0, 0, 1, 8], "texture": "#0"},
				"west": {"uv": [0, 0, 1, 8], "texture": "#0"},
				"up": {"uv": [0, 0, 1, 1], "rotation": 180, "texture": "#0"},
				"down": {"uv": [0, 0, 1, 1], "rotation": 180, "texture": "#0"}
			}
		},
		{
			"from": [14, 11, 14],
			"to": [15, 19, 15],
			"rotation": {"angle": 0, "axis": "y", "origin": [16, 0, 16]},
			"faces": {
				"north": {"uv": [0, 0, 1, 8], "texture": "#0"},
				"east": {"uv": [0, 0, 1, 8], "texture": "#0"},
				"south": {"uv": [0, 0, 1, 8], "texture": "#0"},
				"west": {"uv": [0, 0, 1, 8], "texture": "#0"},
				"up": {"uv": [0, 0, 1, 1], "rotation": 180, "texture": "#0"},
				"down": {"uv": [0, 0, 1, 1], "rotation": 180, "texture": "#0"}
			}
		},
		{
			"from": [1, 0, 6],
			"to": [2, 2, 7],
			"rotation": {"angle": 0, "axis": "y", "origin": [16, 0, 16]},
			"faces": {
				"north": {"uv": [0, 0, 1, 2], "texture": "#0"},
				"east": {"uv": [0, 0, 1, 2], "texture": "#0"},
				"south": {"uv": [0, 0, 1, 2], "texture": "#0"},
				"west": {"uv": [0, 0, 1, 2], "texture": "#0"},
				"up": {"uv": [0, 0, 1, 1], "rotation": 180, "texture": "#0"},
				"down": {"uv": [0, 0, 1, 1], "rotation": 180, "texture": "#0"}
			}
		},
		{
			"name": "rack 1",
			"from": [0, 2, 5],
			"to": [16, 2.5, 16],
			"rotation": {"angle": 0, "axis": "y", "origin": [16, 0, 16]},
			"faces": {
				"north": {"uv": [15.5, 0, 16, 16], "rotation": 90, "texture": "#0"},
				"east": {"uv": [15.5, 0, 16, 11], "rotation": 90, "texture": "#0"},
				"south": {"uv": [15.5, 0, 16, 16], "rotation": 90, "texture": "#0"},
				"west": {"uv": [15.5, 0.5, 16, 11.5], "rotation": 90, "texture": "#0"},
				"up": {"uv": [4.5, 0, 15.5, 16], "rotation": 270, "texture": "#0"},
				"down": {"uv": [4.5, 0, 15.5, 16], "rotation": 270, "texture": "#0"}
			}
		},
		{
			"name": "rack 2",
			"from": [0, 11, 5],
			"to": [16, 11.5, 16],
			"rotation": {"angle": 0, "axis": "y", "origin": [16, 0, 16]},
			"faces": {
				"north": {"uv": [15.5, 0, 16, 16], "rotation": 90, "texture": "#0"},
				"east": {"uv": [15.5, 0, 16, 11], "rotation": 90, "texture": "#0"},
				"south": {"uv": [14, 0, 14.5, 16], "rotation": 90, "texture": "#0"},
				"west": {"uv": [15.5, 0.5, 16, 11.5], "rotation": 90, "texture": "#0"},
				"up": {"uv": [5, 0, 16, 16], "rotation": 270, "texture": "#0"},
				"down": {"uv": [4.5, 0, 15.5, 16], "rotation": 270, "texture": "#0"}
			}
		},
		{
			"name": "solid left",
			"from": [12, 19, 5],
			"to": [16, 19.5, 16],
			"rotation": {"angle": 0, "axis": "y", "origin": [16, 0, 16]},
			"faces": {
				"north": {"uv": [9, 14, 13, 14.5], "texture": "#0"},
				"east": {"uv": [5, 15.5, 16, 16], "texture": "#0"},
				"south": {"uv": [7.5, 9.5, 11.5, 10], "texture": "#0"},
				"west": {"uv": [5, 15.5, 16, 16], "texture": "#0"},
				"up": {"uv": [12, 5, 16, 16], "rotation": 180, "texture": "#0"},
				"down": {"uv": [12, 5, 16, 16], "rotation": 180, "texture": "#0"}
			}
		},
		{
			"name": "broken",
			"from": [11.55, 10.85, 5],
			"to": [12.05, 19.15, 16],
			"rotation": {"angle": -22.5, "axis": "z", "origin": [12, 19.25, 10.5]},
			"faces": {
				"north": {"uv": [9, 14, 13, 14.5], "texture": "#0"},
				"east": {"uv": [5, 6.7, 16, 15], "texture": "#0"},
				"south": {"uv": [7.5, 9.5, 11.5, 10], "texture": "#0"},
				"west": {"uv": [5, 6.7, 16, 15], "texture": "#0"},
				"up": {"uv": [15.5, 5, 16, 16], "rotation": 180, "texture": "#0"},
				"down": {"uv": [15.5, 5, 16, 16], "rotation": 180, "texture": "#0"}
			}
		},
		{
			"name": "solid right",
			"from": [0, 19, 5],
			"to": [4, 19.5, 16],
			"rotation": {"angle": 0, "axis": "y", "origin": [16, 0, 16]},
			"faces": {
				"north": {"uv": [9, 14, 13, 14.5], "texture": "#0"},
				"east": {"uv": [5, 15.5, 16, 16], "texture": "#0"},
				"south": {"uv": [7.5, 9.5, 11.5, 10], "texture": "#0"},
				"west": {"uv": [5, 15.5, 16, 16], "texture": "#0"},
				"up": {"uv": [12, 5, 16, 16], "rotation": 180, "texture": "#0"},
				"down": {"uv": [11.5, 3, 15.5, 14], "rotation": 180, "texture": "#0"}
			}
		},
		{
			"name": "wall 1",
			"from": [6, 2.5, 5],
			"to": [6.5, 11, 15.5],
			"rotation": {"angle": 0, "axis": "z", "origin": [16, 0, 16]},
			"faces": {
				"north": {"uv": [15.5, 7, 16, 15.5], "rotation": 180, "texture": "#0"},
				"east": {"uv": [7, 5, 15.5, 16], "rotation": 270, "texture": "#0"},
				"south": {"uv": [15.5, 7, 16, 15.5], "rotation": 180, "texture": "#0"},
				"west": {"uv": [6.5, 5, 15, 16], "rotation": 270, "texture": "#0"},
				"up": {"uv": [15.5, 5, 16, 16], "texture": "#0"},
				"down": {"uv": [15.5, 5, 16, 16], "texture": "#0"}
			}
		},
		{
			"name": "wall 1",
			"from": [0, 2.5, 5],
			"to": [0.5, 11, 15.5],
			"rotation": {"angle": 0, "axis": "z", "origin": [16, 0, 16]},
			"faces": {
				"north": {"uv": [15.5, 7, 16, 15.5], "rotation": 180, "texture": "#0"},
				"east": {"uv": [6.5, 5, 15, 16], "rotation": 270, "texture": "#0"},
				"south": {"uv": [15.5, 7, 16, 15.5], "rotation": 180, "texture": "#0"},
				"west": {"uv": [4.5, 5, 13, 15.5], "rotation": 270, "texture": "#0"},
				"up": {"uv": [15.5, 5, 16, 16], "texture": "#0"},
				"down": {"uv": [15.5, 5, 16, 16], "texture": "#0"}
			}
		},
		{
			"name": "rack 5",
			"from": [0, 2.5, 15.5],
			"to": [6.5, 11, 16],
			"rotation": {"angle": 0, "axis": "z", "origin": [16, 0, 16]},
			"faces": {
				"north": {"uv": [9.5, 7, 16, 15.5], "rotation": 180, "texture": "#0"},
				"east": {"uv": [15.5, 5, 16, 13.5], "rotation": 180, "texture": "#0"},
				"south": {"uv": [9, 7.5, 15.5, 16], "rotation": 180, "texture": "#0"},
				"west": {"uv": [15.5, 7.5, 16, 16], "rotation": 180, "texture": "#0"},
				"up": {"uv": [15.5, 7.5, 16, 14], "rotation": 270, "texture": "#0"},
				"down": {"uv": [15.5, 9.5, 16, 16], "rotation": 270, "texture": "#0"}
			}
		},
		{
			"name": "rack 6",
			"from": [0, 2, 5],
			"to": [6.5, 11, 5.5],
			"rotation": {"angle": 45, "axis": "y", "origin": [0.25, 6.5, 5.25]},
			"faces": {
				"north": {"uv": [9.5, 7, 16, 16], "rotation": 180, "texture": "#0"},
				"east": {"uv": [15.5, 7, 16, 16], "rotation": 180, "texture": "#0"},
				"south": {"uv": [9.5, 7, 16, 16], "rotation": 180, "texture": "#0"},
				"west": {"uv": [15.5, 7, 16, 16], "rotation": 180, "texture": "#0"},
				"up": {"uv": [15.5, 7.5, 16, 14], "rotation": 270, "texture": "#0"},
				"down": {"uv": [15.5, 9.5, 16, 16], "rotation": 270, "texture": "#0"}
			}
		},
		{
			"name": "paper",
			"from": [8, 2.525, 7],
			"to": [12, 2.525, 13],
			"rotation": {"angle": -22.5, "axis": "y", "origin": [11, 2.525, 10]},
			"faces": {
				"up": {"uv": [0, 0, 16, 16], "texture": "#1"}
			}
		},
		{
			"name": "paper",
			"from": [8, 2.575, 7],
			"to": [12, 2.575, 13],
			"rotation": {"angle": 0, "axis": "y", "origin": [11, 2.525, 10]},
			"faces": {
				"up": {"uv": [0, 0, 16, 16], "rotation": 180, "texture": "#1"}
			}
		},
		{
			"name": "paper",
			"from": [8, 2.65, 7],
			"to": [12, 2.65, 13],
			"rotation": {"angle": 22.5, "axis": "y", "origin": [11, 2.525, 10]},
			"faces": {
				"up": {"uv": [0, 0, 16, 16], "rotation": 180, "texture": "#1"}
			}
		},
		{
			"name": "paper",
			"from": [2.07404, 11.525, 8.37222],
			"to": [6.07404, 11.525, 14.37222],
			"rotation": {"angle": -45, "axis": "y", "origin": [5.07404, 11.525, 11.37222]},
			"faces": {
				"up": {"uv": [0, 0, 16, 16], "texture": "#1"}
			}
		},
		{
			"name": "paper",
			"from": [1.4, 2.65, 7],
			"to": [5.4, 2.65, 13],
			"rotation": {"angle": 22.5, "axis": "y", "origin": [4, 2.525, 10]},
			"faces": {
				"up": {"uv": [0, 0, 16, 16], "texture": "#1"}
			}
		},
		{
			"name": "paper",
			"from": [1.4, 2.525, 7],
			"to": [5.4, 2.525, 13],
			"rotation": {"angle": -22.5, "axis": "y", "origin": [4, 2.525, 10]},
			"faces": {
				"up": {"uv": [0, 0, 16, 16], "rotation": 180, "texture": "#1"}
			}
		},
		{
			"name": "paper",
			"from": [7.16898, 0, 0.76748],
			"to": [13.16898, 0, 4.76748],
			"rotation": {"angle": 22.5, "axis": "y", "origin": [10.16898, 2.65, 2.76748]},
			"faces": {
				"up": {"uv": [0, 0, 16, 16], "rotation": 90, "texture": "#1"}
			}
		}
	],
	"display": {
		"head": {
			"rotation": [0, -12, 0],
			"translation": [0, -27.25, -6.75],
			"scale": [2, 2, 2]
		}
	},
	"groups": [
		{
			"name": "feet",
			"origin": [0, 0, 0],
			"color": 0,
			"nbt": "{}",
			"children": [
				0,
				1,
				2,
				{
					"name": "level 2",
					"origin": [0, 0, 0],
					"color": 0,
					"nbt": "{}",
					"children": [3, 4, 5, 6]
				},
				7
			]
		},
		8,
		9,
		{
			"name": "top rack",
			"origin": [0, 0, 0],
			"color": 0,
			"nbt": "{}",
			"children": [10, 11, 12]
		},
		{
			"name": "walls",
			"origin": [0, 0, 0],
			"color": 0,
			"nbt": "{}",
			"children": [13, 14, 15]
		},
		16,
		{
			"name": "papers",
			"origin": [0, 0, 0],
			"color": 0,
			"nbt": "{}",
			"children": [17, 18, 19, 20, 21, 22, 23]
		}
	]
}