{
	"textures": {
		"3": "kello:item/interactable/thrown/stellar",
		"4": "kello:item/interactable/thrown/large_cogwheel",
		"5": "kello:item/interactable/thrown/large_cogwheel_sun"
	},
	"elements": [
		{
			"from": [
				-0.23570190641247812,
				6.691205545927211,
				-0.23570190641247812
			],
			"to": [
				16.23570190641248,
				9.290858925476604,
				16.23570190641248
			],
			"rotation": {
				"angle": 0,
				"axis": "y",
				"origin": [
					8,
					7.9910322357019075,
					8
				]
			},
			"faces": {
				"north": {
					"uv": [
						5.25,
						2.875,
						8,
						3
					],
					"texture": "#4"
				},
				"east": {
					"uv": [
						5.25,
						2.875,
						8,
						3
					],
					"texture": "#4"
				},
				"south": {
					"uv": [
						5.25,
						2.875,
						8,
						3
					],
					"texture": "#4"
				},
				"west": {
					"uv": [
						5.25,
						2.875,
						8,
						3
					],
					"texture": "#4"
				},
				"up": {
					"uv": [
						2.75,
						2.75,
						0,
						0
					],
					"texture": "#4"
				},
				"down": {
					"uv": [
						2.75,
						0,
						0,
						2.75
					],
					"texture": "#4"
				}
			}
		},
		{
			"from": [
				5.005199306759099,
				5.942505372616985,
				2.0103986135181975
			],
			"to": [
				10.9948006932409,
				10.039559098786828,
				5.005199306759099
			],
			"rotation": {
				"angle": 0,
				"axis": "y",
				"origin": [
					8,
					7.9910322357019075,
					8
				]
			},
			"faces": {
				"north": {
					"uv": [
						0,
						0,
						0,
						0
					],
					"texture": "#3"
				},
				"south": {
					"uv": [
						2.375,
						2.625,
						1.5,
						3.25
					],
					"texture": "#3"
				},
				"up": {
					"uv": [
						2.5,
						3.125,
						1.5,
						2.625
					],
					"texture": "#3"
				},
				"down": {
					"uv": [
						2.5,
						2.625,
						1.5,
						3.125
					],
					"texture": "#3"
				}
			}
		},
		{
			"from": [
				5.005199306759099,
				5.942505372616985,
				10.9948006932409
			],
			"to": [
				10.9948006932409,
				10.039559098786828,
				13.989601386481802
			],
			"rotation": {
				"angle": 0,
				"axis": "y",
				"origin": [
					8,
					7.9910322357019075,
					8
				]
			},
			"faces": {
				"north": {
					"uv": [
						1.625,
						1.75,
						2.5,
						1.125
					],
					"texture": "#3"
				},
				"up": {
					"uv": [
						2.5,
						1.625,
						1.5,
						1.125
					],
					"texture": "#3"
				},
				"down": {
					"uv": [
						2.5,
						1.125,
						1.5,
						1.625
					],
					"texture": "#3"
				}
			}
		},
		{
			"from": [
				10.9948006932409,
				5.942505372616985,
				2.0103986135181975
			],
			"to": [
				15.487001733102254,
				10.039559098786828,
				13.989601386481802
			],
			"rotation": {
				"angle": 0,
				"axis": "y",
				"origin": [
					8,
					7.9910322357019075,
					8
				]
			},
			"faces": {
				"north": {
					"uv": [
						5.75,
						1.125,
						6.5,
						1.5
					],
					"texture": "#4"
				},
				"east": {
					"uv": [
						0.75,
						3,
						1.375,
						1.25
					],
					"rotation": 90,
					"texture": "#3"
				},
				"south": {
					"uv": [
						5.75,
						1.125,
						6.5,
						1.5
					],
					"texture": "#4"
				},
				"west": {
					"uv": [
						1.25,
						1.25,
						0.75,
						3
					],
					"rotation": 90,
					"texture": "#3"
				},
				"up": {
					"uv": [
						1.5,
						3.125,
						0.75,
						1.125
					],
					"texture": "#3"
				},
				"down": {
					"uv": [
						1.5,
						1.125,
						0.75,
						3.125
					],
					"texture": "#3"
				}
			}
		},
		{
			"from": [
				0.5129982668977471,
				5.942505372616985,
				2.0103986135181975
			],
			"to": [
				5.005199306759099,
				10.039559098786828,
				13.989601386481802
			],
			"rotation": {
				"angle": 0,
				"axis": "y",
				"origin": [
					8,
					7.9910322357019075,
					8
				]
			},
			"faces": {
				"north": {
					"uv": [
						6.5,
						1.125,
						5.75,
						1.5
					],
					"texture": "#4"
				},
				"east": {
					"uv": [
						2.625,
						3,
						3.25,
						1.25
					],
					"rotation": 90,
					"texture": "#3"
				},
				"south": {
					"uv": [
						6.5,
						1.125,
						5.75,
						1.5
					],
					"texture": "#4"
				},
				"west": {
					"uv": [
						3.25,
						1.25,
						2.625,
						3
					],
					"rotation": 90,
					"texture": "#3"
				},
				"up": {
					"uv": [
						3.25,
						3.125,
						2.5,
						1.125
					],
					"texture": "#3"
				},
				"down": {
					"uv": [
						3.25,
						1.125,
						2.5,
						3.125
					],
					"texture": "#3"
				}
			}
		},
		{
			"from": [
				2.0103986135181975,
				5.942505372616985,
				0.5129982668977471
			],
			"to": [
				13.989601386481802,
				10.039559098786828,
				2.0103986135181975
			],
			"rotation": {
				"angle": 0,
				"axis": "y",
				"origin": [
					8,
					7.9910322357019075,
					8
				]
			},
			"faces": {
				"north": {
					"uv": [
						2.875,
						3.75,
						1.125,
						3.125
					],
					"rotation": 180,
					"texture": "#3"
				},
				"east": {
					"uv": [
						2.75,
						5.375,
						3,
						5.75
					],
					"texture": "#4"
				},
				"south": {
					"uv": [
						0,
						0,
						0,
						0
					],
					"texture": "#3"
				},
				"west": {
					"uv": [
						5,
						5.375,
						5.25,
						5.75
					],
					"texture": "#4"
				},
				"up": {
					"uv": [
						1,
						3.375,
						3,
						3.125
					],
					"rotation": 180,
					"texture": "#3"
				},
				"down": {
					"uv": [
						1,
						3.375,
						3,
						3.125
					],
					"rotation": 180,
					"texture": "#3"
				}
			}
		},
		{
			"from": [
				2.0103986135181975,
				5.942505372616985,
				13.989601386481802
			],
			"to": [
				13.989601386481802,
				10.039559098786828,
				15.487001733102254
			],
			"rotation": {
				"angle": 0,
				"axis": "y",
				"origin": [
					8,
					7.9910322357019075,
					8
				]
			},
			"faces": {
				"north": {
					"uv": [
						0,
						0,
						0,
						0
					],
					"texture": "#3"
				},
				"east": {
					"uv": [
						5,
						5.375,
						5.25,
						5.75
					],
					"texture": "#4"
				},
				"south": {
					"uv": [
						2.75,
						1.5,
						1,
						0.875
					],
					"texture": "#3"
				},
				"west": {
					"uv": [
						2.75,
						5.375,
						3,
						5.75
					],
					"texture": "#4"
				},
				"up": {
					"uv": [
						3,
						1.125,
						1,
						0.875
					],
					"texture": "#3"
				},
				"down": {
					"uv": [
						3,
						0.875,
						1,
						1.125
					],
					"texture": "#3"
				}
			}
		},
		{
			"from": [
				10.9948006932409,
				8.458969844020798,
				2.0103986135181975
			],
			"to": [
				15.487001733102254,
				10.12274800693241,
				13.989601386481802
			],
			"rotation": {
				"angle": 0,
				"axis": "y",
				"origin": [
					8,
					7.9910322357019075,
					8
				]
			},
			"faces": {
				"up": {
					"uv": [
						0.75,
						2.25,
						0,
						0.25
					],
					"texture": "#5"
				}
			}
		},
		{
			"from": [
				5.005199306759099,
				8.458969844020798,
				10.9948006932409
			],
			"to": [
				10.9948006932409,
				10.12274800693241,
				13.989601386481802
			],
			"rotation": {
				"angle": 0,
				"axis": "y",
				"origin": [
					8,
					7.9910322357019075,
					8
				]
			},
			"faces": {
				"up": {
					"uv": [
						1.75,
						0.75,
						0.75,
						0.25
					],
					"texture": "#5"
				}
			}
		},
		{
			"from": [
				5.005199306759099,
				8.458969844020798,
				2.0103986135181975
			],
			"to": [
				10.9948006932409,
				10.12274800693241,
				5.005199306759099
			],
			"rotation": {
				"angle": 0,
				"axis": "y",
				"origin": [
					8,
					7.9910322357019075,
					8
				]
			},
			"faces": {
				"up": {
					"uv": [
						1.75,
						2.25,
						0.75,
						1.75
					],
					"texture": "#5"
				}
			}
		},
		{
			"from": [
				0.5129982668977471,
				8.458969844020798,
				2.0103986135181975
			],
			"to": [
				5.005199306759099,
				10.12274800693241,
				13.989601386481802
			],
			"rotation": {
				"angle": 0,
				"axis": "y",
				"origin": [
					8,
					7.9910322357019075,
					8
				]
			},
			"faces": {
				"up": {
					"uv": [
						2.5,
						2.25,
						1.75,
						0.25
					],
					"texture": "#5"
				}
			}
		},
		{
			"from": [
				2.0103986135181975,
				8.458969844020798,
				0.5129982668977471
			],
			"to": [
				13.989601386481802,
				10.12274800693241,
				2.0103986135181975
			],
			"rotation": {
				"angle": 0,
				"axis": "y",
				"origin": [
					8,
					7.9910322357019075,
					8
				]
			},
			"faces": {
				"up": {
					"uv": [
						0.25,
						2.25,
						2.25,
						2.5
					],
					"rotation": 180,
					"texture": "#5"
				}
			}
		},
		{
			"from": [
				2.0103986135181975,
				8.458969844020798,
				13.989601386481802
			],
			"to": [
				13.989601386481802,
				10.12274800693241,
				15.487001733102254
			],
			"rotation": {
				"angle": 0,
				"axis": "y",
				"origin": [
					8,
					7.9910322357019075,
					8
				]
			},
			"faces": {
				"up": {
					"uv": [
						2.25,
						0.25,
						0.25,
						0
					],
					"texture": "#5"
				}
			}
		},
		{
			"from": [
				0.5129982668977471,
				5.8801136915078,
				2.0103986135181975
			],
			"to": [
				5.005199306759099,
				7.54389185441941,
				13.989601386481802
			],
			"rotation": {
				"angle": 0,
				"axis": "y",
				"origin": [
					8,
					6.587219410745235,
					8
				]
			},
			"faces": {
				"down": {
					"uv": [
						0.75,
						2.25,
						0,
						0.25
					],
					"rotation": 180,
					"texture": "#5"
				}
			}
		},
		{
			"from": [
				5.005199306759099,
				5.8801136915078,
				10.9948006932409
			],
			"to": [
				10.9948006932409,
				7.54389185441941,
				13.989601386481802
			],
			"rotation": {
				"angle": 0,
				"axis": "y",
				"origin": [
					8,
					6.587219410745235,
					8
				]
			},
			"faces": {
				"down": {
					"uv": [
						1.75,
						0.75,
						0.75,
						0.25
					],
					"rotation": 180,
					"texture": "#5"
				}
			}
		},
		{
			"from": [
				5.005199306759099,
				5.8801136915078,
				2.0103986135181975
			],
			"to": [
				10.9948006932409,
				7.54389185441941,
				5.005199306759099
			],
			"rotation": {
				"angle": 0,
				"axis": "y",
				"origin": [
					8,
					6.587219410745235,
					8
				]
			},
			"faces": {
				"down": {
					"uv": [
						1.75,
						2.25,
						0.75,
						1.75
					],
					"rotation": 180,
					"texture": "#5"
				}
			}
		},
		{
			"from": [
				10.9948006932409,
				5.8801136915078,
				2.0103986135181975
			],
			"to": [
				15.487001733102254,
				7.54389185441941,
				13.989601386481802
			],
			"rotation": {
				"angle": 0,
				"axis": "y",
				"origin": [
					8,
					6.587219410745235,
					8
				]
			},
			"faces": {
				"down": {
					"uv": [
						2.5,
						2.25,
						1.75,
						0.25
					],
					"rotation": 180,
					"texture": "#5"
				}
			}
		},
		{
			"from": [
				2.0103986135181975,
				5.8801136915078,
				0.5129982668977471
			],
			"to": [
				13.989601386481802,
				7.54389185441941,
				2.0103986135181975
			],
			"rotation": {
				"angle": 0,
				"axis": "y",
				"origin": [
					8,
					6.587219410745235,
					8
				]
			},
			"faces": {
				"down": {
					"uv": [
						0.25,
						2.25,
						2.25,
						2.5
					],
					"texture": "#5"
				}
			}
		},
		{
			"from": [
				2.0103986135181975,
				5.8801136915078,
				13.989601386481802
			],
			"to": [
				13.989601386481802,
				7.54389185441941,
				15.487001733102254
			],
			"rotation": {
				"angle": 0,
				"axis": "y",
				"origin": [
					8,
					6.587219410745235,
					8
				]
			},
			"faces": {
				"down": {
					"uv": [
						2.25,
						0.25,
						0.25,
						0
					],
					"rotation": 180,
					"texture": "#5"
				}
			}
		},
		{
			"from": [
				6.856152512998267,
				6.212869324090121,
				-4
			],
			"to": [
				9.143847487001732,
				9.789992374350087,
				1.2616984402079732
			],
			"rotation": {
				"angle": 0,
				"axis": "y",
				"origin": [
					8,
					8.001430849220105,
					8
				]
			},
			"faces": {
				"north": {
					"uv": [
						7,
						1.875,
						7.5,
						1.5
					],
					"rotation": 270,
					"texture": "#4"
				},
				"east": {
					"uv": [
						7.75,
						1.875,
						8.25,
						1.125
					],
					"rotation": 270,
					"texture": "#4"
				},
				"south": {
					"uv": [
						7,
						1.875,
						7.5,
						1.5
					],
					"rotation": 270,
					"texture": "#4"
				},
				"west": {
					"uv": [
						7.75,
						1.125,
						8.25,
						1.875
					],
					"rotation": 270,
					"texture": "#4"
				},
				"up": {
					"uv": [
						7.75,
						1.125,
						7,
						1.5
					],
					"rotation": 270,
					"texture": "#4"
				},
				"down": {
					"uv": [
						7.75,
						1.125,
						7,
						1.5
					],
					"rotation": 90,
					"texture": "#4"
				}
			}
		},
		{
			"from": [
				6.856152512998267,
				6.212869324090121,
				-4
			],
			"to": [
				9.143847487001732,
				9.789992374350087,
				1.2616984402079732
			],
			"rotation": {
				"angle": -22.5,
				"axis": "y",
				"origin": [
					8,
					8.001430849220105,
					8
				]
			},
			"faces": {
				"north": {
					"uv": [
						7,
						1.875,
						7.5,
						1.5
					],
					"rotation": 270,
					"texture": "#4"
				},
				"east": {
					"uv": [
						7.75,
						1.875,
						8.25,
						1.125
					],
					"rotation": 270,
					"texture": "#4"
				},
				"south": {
					"uv": [
						7,
						1.875,
						7.5,
						1.5
					],
					"rotation": 270,
					"texture": "#4"
				},
				"west": {
					"uv": [
						7.75,
						1.125,
						8.25,
						1.875
					],
					"rotation": 270,
					"texture": "#4"
				},
				"up": {
					"uv": [
						7.75,
						1.125,
						7,
						1.5
					],
					"rotation": 270,
					"texture": "#4"
				},
				"down": {
					"uv": [
						7.75,
						1.125,
						7,
						1.5
					],
					"rotation": 90,
					"texture": "#4"
				}
			}
		},
		{
			"from": [
				14.738301559792028,
				6.212869324090121,
				6.856152512998267
			],
			"to": [
				20,
				9.789992374350087,
				9.143847487001732
			],
			"rotation": {
				"angle": 45,
				"axis": "y",
				"origin": [
					8,
					8.001430849220105,
					8
				]
			},
			"faces": {
				"north": {
					"uv": [
						7.75,
						1.125,
						8.25,
						1.875
					],
					"rotation": 270,
					"texture": "#4"
				},
				"east": {
					"uv": [
						7,
						1.875,
						7.5,
						1.5
					],
					"rotation": 270,
					"texture": "#4"
				},
				"south": {
					"uv": [
						7.75,
						1.875,
						8.25,
						1.125
					],
					"rotation": 270,
					"texture": "#4"
				},
				"west": {
					"uv": [
						7,
						1.875,
						7.5,
						1.5
					],
					"rotation": 270,
					"texture": "#4"
				},
				"up": {
					"uv": [
						7.75,
						1.125,
						7,
						1.5
					],
					"texture": "#4"
				},
				"down": {
					"uv": [
						7.75,
						1.125,
						7,
						1.5
					],
					"texture": "#4"
				}
			}
		},
		{
			"from": [
				14.738301559792028,
				6.212869324090121,
				6.856152512998267
			],
			"to": [
				20,
				9.789992374350087,
				9.143847487001732
			],
			"rotation": {
				"angle": 22.5,
				"axis": "y",
				"origin": [
					8,
					8.001430849220105,
					8
				]
			},
			"faces": {
				"north": {
					"uv": [
						7.75,
						1.125,
						8.25,
						1.875
					],
					"rotation": 270,
					"texture": "#4"
				},
				"east": {
					"uv": [
						7,
						1.875,
						7.5,
						1.5
					],
					"rotation": 270,
					"texture": "#4"
				},
				"south": {
					"uv": [
						7.75,
						1.875,
						8.25,
						1.125
					],
					"rotation": 270,
					"texture": "#4"
				},
				"west": {
					"uv": [
						7,
						1.875,
						7.5,
						1.5
					],
					"rotation": 270,
					"texture": "#4"
				},
				"up": {
					"uv": [
						7.75,
						1.125,
						7,
						1.5
					],
					"texture": "#4"
				},
				"down": {
					"uv": [
						7.75,
						1.125,
						7,
						1.5
					],
					"texture": "#4"
				}
			}
		},
		{
			"from": [
				14.738301559792028,
				6.212869324090121,
				6.856152512998267
			],
			"to": [
				20,
				9.789992374350087,
				9.143847487001732
			],
			"rotation": {
				"angle": 0,
				"axis": "y",
				"origin": [
					8,
					8.001430849220105,
					8
				]
			},
			"faces": {
				"north": {
					"uv": [
						7.75,
						1.125,
						8.25,
						1.875
					],
					"rotation": 270,
					"texture": "#4"
				},
				"east": {
					"uv": [
						7,
						1.875,
						7.5,
						1.5
					],
					"rotation": 270,
					"texture": "#4"
				},
				"south": {
					"uv": [
						7.75,
						1.875,
						8.25,
						1.125
					],
					"rotation": 270,
					"texture": "#4"
				},
				"west": {
					"uv": [
						7,
						1.875,
						7.5,
						1.5
					],
					"rotation": 270,
					"texture": "#4"
				},
				"up": {
					"uv": [
						7.75,
						1.125,
						7,
						1.5
					],
					"texture": "#4"
				},
				"down": {
					"uv": [
						7.75,
						1.125,
						7,
						1.5
					],
					"texture": "#4"
				}
			}
		},
		{
			"from": [
				14.738301559792028,
				6.212869324090121,
				6.856152512998267
			],
			"to": [
				20,
				9.789992374350087,
				9.143847487001732
			],
			"rotation": {
				"angle": -22.5,
				"axis": "y",
				"origin": [
					8,
					8.001430849220105,
					8
				]
			},
			"faces": {
				"north": {
					"uv": [
						7.75,
						1.125,
						8.25,
						1.875
					],
					"rotation": 270,
					"texture": "#4"
				},
				"east": {
					"uv": [
						7,
						1.875,
						7.5,
						1.5
					],
					"rotation": 270,
					"texture": "#4"
				},
				"south": {
					"uv": [
						7.75,
						1.875,
						8.25,
						1.125
					],
					"rotation": 270,
					"texture": "#4"
				},
				"west": {
					"uv": [
						7,
						1.875,
						7.5,
						1.5
					],
					"rotation": 270,
					"texture": "#4"
				},
				"up": {
					"uv": [
						7.75,
						1.125,
						7,
						1.5
					],
					"texture": "#4"
				},
				"down": {
					"uv": [
						7.75,
						1.125,
						7,
						1.5
					],
					"texture": "#4"
				}
			}
		},
		{
			"from": [
				6.856152512998267,
				6.212869324090121,
				14.738301559792028
			],
			"to": [
				9.143847487001732,
				9.789992374350087,
				20
			],
			"rotation": {
				"angle": 45,
				"axis": "y",
				"origin": [
					8,
					8.001430849220105,
					8
				]
			},
			"faces": {
				"north": {
					"uv": [
						7,
						1.875,
						7.5,
						1.5
					],
					"rotation": 270,
					"texture": "#4"
				},
				"east": {
					"uv": [
						7.75,
						1.125,
						8.25,
						1.875
					],
					"rotation": 270,
					"texture": "#4"
				},
				"south": {
					"uv": [
						7,
						1.875,
						7.5,
						1.5
					],
					"rotation": 270,
					"texture": "#4"
				},
				"west": {
					"uv": [
						7.75,
						1.875,
						8.25,
						1.125
					],
					"rotation": 270,
					"texture": "#4"
				},
				"up": {
					"uv": [
						7.75,
						1.125,
						7,
						1.5
					],
					"rotation": 90,
					"texture": "#4"
				},
				"down": {
					"uv": [
						7.75,
						1.125,
						7,
						1.5
					],
					"rotation": 270,
					"texture": "#4"
				}
			}
		},
		{
			"from": [
				6.856152512998267,
				6.212869324090121,
				14.738301559792028
			],
			"to": [
				9.143847487001732,
				9.789992374350087,
				20
			],
			"rotation": {
				"angle": 22.5,
				"axis": "y",
				"origin": [
					8,
					8.001430849220105,
					8
				]
			},
			"faces": {
				"north": {
					"uv": [
						7,
						1.875,
						7.5,
						1.5
					],
					"rotation": 270,
					"texture": "#4"
				},
				"east": {
					"uv": [
						7.75,
						1.125,
						8.25,
						1.875
					],
					"rotation": 270,
					"texture": "#4"
				},
				"south": {
					"uv": [
						7,
						1.875,
						7.5,
						1.5
					],
					"rotation": 270,
					"texture": "#4"
				},
				"west": {
					"uv": [
						7.75,
						1.875,
						8.25,
						1.125
					],
					"rotation": 270,
					"texture": "#4"
				},
				"up": {
					"uv": [
						7.75,
						1.125,
						7,
						1.5
					],
					"rotation": 90,
					"texture": "#4"
				},
				"down": {
					"uv": [
						7.75,
						1.125,
						7,
						1.5
					],
					"rotation": 270,
					"texture": "#4"
				}
			}
		},
		{
			"from": [
				6.856152512998267,
				6.212869324090121,
				14.738301559792028
			],
			"to": [
				9.143847487001732,
				9.789992374350087,
				20
			],
			"rotation": {
				"angle": 0,
				"axis": "y",
				"origin": [
					8,
					8.001430849220105,
					8
				]
			},
			"faces": {
				"north": {
					"uv": [
						7,
						1.875,
						7.5,
						1.5
					],
					"rotation": 270,
					"texture": "#4"
				},
				"east": {
					"uv": [
						7.75,
						1.125,
						8.25,
						1.875
					],
					"rotation": 270,
					"texture": "#4"
				},
				"south": {
					"uv": [
						7,
						1.875,
						7.5,
						1.5
					],
					"rotation": 270,
					"texture": "#4"
				},
				"west": {
					"uv": [
						7.75,
						1.875,
						8.25,
						1.125
					],
					"rotation": 270,
					"texture": "#4"
				},
				"up": {
					"uv": [
						7.75,
						1.125,
						7,
						1.5
					],
					"rotation": 90,
					"texture": "#4"
				},
				"down": {
					"uv": [
						7.75,
						1.125,
						7,
						1.5
					],
					"rotation": 270,
					"texture": "#4"
				}
			}
		},
		{
			"from": [
				6.856152512998267,
				6.212869324090121,
				14.738301559792028
			],
			"to": [
				9.143847487001732,
				9.789992374350087,
				20
			],
			"rotation": {
				"angle": -22.5,
				"axis": "y",
				"origin": [
					8,
					8.001430849220105,
					8
				]
			},
			"faces": {
				"north": {
					"uv": [
						7,
						1.875,
						7.5,
						1.5
					],
					"rotation": 270,
					"texture": "#4"
				},
				"east": {
					"uv": [
						7.75,
						1.125,
						8.25,
						1.875
					],
					"rotation": 270,
					"texture": "#4"
				},
				"south": {
					"uv": [
						7,
						1.875,
						7.5,
						1.5
					],
					"rotation": 270,
					"texture": "#4"
				},
				"west": {
					"uv": [
						7.75,
						1.875,
						8.25,
						1.125
					],
					"rotation": 270,
					"texture": "#4"
				},
				"up": {
					"uv": [
						7.75,
						1.125,
						7,
						1.5
					],
					"rotation": 90,
					"texture": "#4"
				},
				"down": {
					"uv": [
						7.75,
						1.125,
						7,
						1.5
					],
					"rotation": 270,
					"texture": "#4"
				}
			}
		},
		{
			"from": [
				-4,
				6.212869324090121,
				6.856152512998267
			],
			"to": [
				1.2616984402079732,
				9.789992374350087,
				9.143847487001732
			],
			"rotation": {
				"angle": 45,
				"axis": "y",
				"origin": [
					8,
					8.001430849220105,
					8
				]
			},
			"faces": {
				"north": {
					"uv": [
						7.75,
						1.875,
						8.25,
						1.125
					],
					"rotation": 270,
					"texture": "#4"
				},
				"east": {
					"uv": [
						7,
						1.875,
						7.5,
						1.5
					],
					"rotation": 270,
					"texture": "#4"
				},
				"south": {
					"uv": [
						7.75,
						1.125,
						8.25,
						1.875
					],
					"rotation": 270,
					"texture": "#4"
				},
				"west": {
					"uv": [
						7,
						1.875,
						7.5,
						1.5
					],
					"rotation": 270,
					"texture": "#4"
				},
				"up": {
					"uv": [
						7.75,
						1.125,
						7,
						1.5
					],
					"rotation": 180,
					"texture": "#4"
				},
				"down": {
					"uv": [
						7.75,
						1.125,
						7,
						1.5
					],
					"rotation": 180,
					"texture": "#4"
				}
			}
		},
		{
			"from": [
				6.856152512998267,
				6.212869324090121,
				-4
			],
			"to": [
				9.143847487001732,
				9.789992374350087,
				1.2616984402079732
			],
			"rotation": {
				"angle": 22.5,
				"axis": "y",
				"origin": [
					8,
					8.001430849220105,
					8
				]
			},
			"faces": {
				"north": {
					"uv": [
						7,
						1.875,
						7.5,
						1.5
					],
					"rotation": 270,
					"texture": "#4"
				},
				"east": {
					"uv": [
						7.75,
						1.875,
						8.25,
						1.125
					],
					"rotation": 270,
					"texture": "#4"
				},
				"south": {
					"uv": [
						7,
						1.875,
						7.5,
						1.5
					],
					"rotation": 270,
					"texture": "#4"
				},
				"west": {
					"uv": [
						7.75,
						1.125,
						8.25,
						1.875
					],
					"rotation": 270,
					"texture": "#4"
				},
				"up": {
					"uv": [
						7.75,
						1.125,
						7,
						1.5
					],
					"rotation": 270,
					"texture": "#4"
				},
				"down": {
					"uv": [
						7.75,
						1.125,
						7,
						1.5
					],
					"rotation": 90,
					"texture": "#4"
				}
			}
		},
		{
			"from": [
				-4,
				6.212869324090121,
				6.856152512998267
			],
			"to": [
				1.2616984402079732,
				9.789992374350087,
				9.143847487001732
			],
			"rotation": {
				"angle": -22.5,
				"axis": "y",
				"origin": [
					8,
					8.001430849220105,
					8
				]
			},
			"faces": {
				"north": {
					"uv": [
						7.75,
						1.875,
						8.25,
						1.125
					],
					"rotation": 270,
					"texture": "#4"
				},
				"east": {
					"uv": [
						7,
						1.875,
						7.5,
						1.5
					],
					"rotation": 270,
					"texture": "#4"
				},
				"south": {
					"uv": [
						7.75,
						1.125,
						8.25,
						1.875
					],
					"rotation": 270,
					"texture": "#4"
				},
				"west": {
					"uv": [
						7,
						1.875,
						7.5,
						1.5
					],
					"rotation": 270,
					"texture": "#4"
				},
				"up": {
					"uv": [
						7.75,
						1.125,
						7,
						1.5
					],
					"rotation": 180,
					"texture": "#4"
				},
				"down": {
					"uv": [
						7.75,
						1.125,
						7,
						1.5
					],
					"rotation": 180,
					"texture": "#4"
				}
			}
		},
		{
			"from": [
				-4,
				6.212869324090121,
				6.856152512998267
			],
			"to": [
				1.2616984402079732,
				9.789992374350087,
				9.143847487001732
			],
			"rotation": {
				"angle": 0,
				"axis": "y",
				"origin": [
					8,
					8.001430849220105,
					8
				]
			},
			"faces": {
				"north": {
					"uv": [
						7.75,
						1.875,
						8.25,
						1.125
					],
					"rotation": 270,
					"texture": "#4"
				},
				"east": {
					"uv": [
						7,
						1.875,
						7.5,
						1.5
					],
					"rotation": 270,
					"texture": "#4"
				},
				"south": {
					"uv": [
						7.75,
						1.125,
						8.25,
						1.875
					],
					"rotation": 270,
					"texture": "#4"
				},
				"west": {
					"uv": [
						7,
						1.875,
						7.5,
						1.5
					],
					"rotation": 270,
					"texture": "#4"
				},
				"up": {
					"uv": [
						7.75,
						1.125,
						7,
						1.5
					],
					"rotation": 180,
					"texture": "#4"
				},
				"down": {
					"uv": [
						7.75,
						1.125,
						7,
						1.5
					],
					"rotation": 180,
					"texture": "#4"
				}
			}
		},
		{
			"from": [
				-4,
				6.212869324090121,
				6.856152512998267
			],
			"to": [
				1.2616984402079732,
				9.789992374350087,
				9.143847487001732
			],
			"rotation": {
				"angle": 22.5,
				"axis": "y",
				"origin": [
					8,
					8.001430849220105,
					8
				]
			},
			"faces": {
				"north": {
					"uv": [
						7.75,
						1.875,
						8.25,
						1.125
					],
					"rotation": 270,
					"texture": "#4"
				},
				"east": {
					"uv": [
						7,
						1.875,
						7.5,
						1.5
					],
					"rotation": 270,
					"texture": "#4"
				},
				"south": {
					"uv": [
						7.75,
						1.125,
						8.25,
						1.875
					],
					"rotation": 270,
					"texture": "#4"
				},
				"west": {
					"uv": [
						7,
						1.875,
						7.5,
						1.5
					],
					"rotation": 270,
					"texture": "#4"
				},
				"up": {
					"uv": [
						7.75,
						1.125,
						7,
						1.5
					],
					"rotation": 180,
					"texture": "#4"
				},
				"down": {
					"uv": [
						7.75,
						1.125,
						7,
						1.5
					],
					"rotation": 180,
					"texture": "#4"
				}
			}
		},
		{
			"from": [
				-4,
				6.212869324090121,
				6.856152512998267
			],
			"to": [
				1.2616984402079732,
				9.789992374350087,
				9.143847487001732
			],
			"rotation": {
				"angle": -45,
				"axis": "y",
				"origin": [
					8,
					8.001430849220105,
					8
				]
			},
			"faces": {
				"north": {
					"uv": [
						7.75,
						1.875,
						8.25,
						1.125
					],
					"rotation": 270,
					"texture": "#4"
				},
				"east": {
					"uv": [
						7,
						1.875,
						7.5,
						1.5
					],
					"rotation": 270,
					"texture": "#4"
				},
				"south": {
					"uv": [
						7.75,
						1.125,
						8.25,
						1.875
					],
					"rotation": 270,
					"texture": "#4"
				},
				"west": {
					"uv": [
						7,
						1.875,
						7.5,
						1.5
					],
					"rotation": 270,
					"texture": "#4"
				},
				"up": {
					"uv": [
						7.75,
						1.125,
						7,
						1.5
					],
					"rotation": 180,
					"texture": "#4"
				},
				"down": {
					"uv": [
						7.75,
						1.125,
						7,
						1.5
					],
					"rotation": 180,
					"texture": "#4"
				}
			}
		},
		{
			"from": [
				-3.979202772963605,
				6.233666551126517,
				6.876949740034662
			],
			"to": [
				1.2616984402079732,
				9.769195147313692,
				9.123050259965337
			],
			"rotation": {
				"angle": 45,
				"axis": "y",
				"origin": [
					8,
					8.001430849220105,
					8
				]
			},
			"faces": {
				"north": {
					"uv": [
						2.5,
						0.75,
						3.25,
						0.25
					],
					"texture": "#3"
				},
				"east": {
					"uv": [
						0,
						0,
						0,
						0
					],
					"texture": "#3"
				},
				"south": {
					"uv": [
						3.125,
						0.75,
						3.875,
						0.25
					],
					"texture": "#3"
				},
				"west": {
					"uv": [
						2.875,
						0.5,
						3.25,
						0
					],
					"texture": "#3"
				},
				"up": {
					"uv": [
						2.875,
						0,
						3.25,
						0.75
					],
					"rotation": 90,
					"texture": "#3"
				},
				"down": {
					"uv": [
						2.875,
						0,
						3.25,
						0.75
					],
					"rotation": 90,
					"texture": "#3"
				}
			}
		},
		{
			"from": [
				6.876949740034662,
				6.233666551126517,
				14.738301559792028
			],
			"to": [
				9.123050259965337,
				9.769195147313692,
				19.979202772963603
			],
			"rotation": {
				"angle": 22.5,
				"axis": "y",
				"origin": [
					8,
					8.001430849220105,
					8
				]
			},
			"faces": {
				"north": {
					"uv": [
						0,
						0,
						0,
						0
					],
					"texture": "#3"
				},
				"east": {
					"uv": [
						0.75,
						0.875,
						1.5,
						1.375
					],
					"texture": "#3"
				},
				"south": {
					"uv": [
						1.125,
						1.125,
						0.625,
						0.75
					],
					"rotation": 90,
					"texture": "#3"
				},
				"west": {
					"uv": [
						0.25,
						0.125,
						1,
						0.625
					],
					"texture": "#3"
				},
				"up": {
					"uv": [
						0.375,
						0.75,
						1.25,
						0.375
					],
					"rotation": 90,
					"texture": "#3"
				},
				"down": {
					"uv": [
						0.375,
						0.75,
						1.25,
						0.375
					],
					"rotation": 90,
					"texture": "#3"
				}
			}
		},
		{
			"from": [
				6.876949740034662,
				6.233666551126517,
				14.738301559792028
			],
			"to": [
				9.123050259965337,
				9.769195147313692,
				19.979202772963603
			],
			"rotation": {
				"angle": 0,
				"axis": "y",
				"origin": [
					8,
					8.001430849220105,
					8
				]
			},
			"faces": {
				"north": {
					"uv": [
						0,
						0,
						0,
						0
					],
					"texture": "#3"
				},
				"east": {
					"uv": [
						2.375,
						0.5,
						1.625,
						1
					],
					"texture": "#3"
				},
				"south": {
					"uv": [
						2.25,
						0,
						1.875,
						0.5
					],
					"texture": "#3"
				},
				"west": {
					"uv": [
						2.875,
						0.125,
						2.125,
						0.625
					],
					"texture": "#3"
				},
				"up": {
					"uv": [
						2.25,
						0.75,
						1.875,
						0
					],
					"texture": "#3"
				},
				"down": {
					"uv": [
						2.25,
						0,
						1.875,
						0.75
					],
					"texture": "#3"
				}
			}
		},
		{
			"from": [
				6.876949740034662,
				6.233666551126517,
				14.738301559792028
			],
			"to": [
				9.123050259965337,
				9.769195147313692,
				19.979202772963603
			],
			"rotation": {
				"angle": -22.5,
				"axis": "y",
				"origin": [
					8,
					8.001430849220105,
					8
				]
			},
			"faces": {
				"north": {
					"uv": [
						0,
						0,
						0,
						0
					],
					"texture": "#3"
				},
				"east": {
					"uv": [
						3.25,
						0.625,
						4,
						1.125
					],
					"texture": "#3"
				},
				"south": {
					"uv": [
						3.25,
						0.375,
						2.75,
						0.75
					],
					"rotation": 90,
					"texture": "#3"
				},
				"west": {
					"uv": [
						3.125,
						0.625,
						2.375,
						1.125
					],
					"rotation": 180,
					"texture": "#3"
				},
				"up": {
					"uv": [
						2.75,
						0.375,
						3.625,
						0.75
					],
					"rotation": 90,
					"texture": "#3"
				},
				"down": {
					"uv": [
						2.75,
						0.375,
						3.625,
						0.75
					],
					"rotation": 90,
					"texture": "#3"
				}
			}
		},
		{
			"from": [
				14.738301559792028,
				6.233666551126517,
				6.876949740034662
			],
			"to": [
				19.979202772963603,
				9.769195147313692,
				9.123050259965337
			],
			"rotation": {
				"angle": -45,
				"axis": "y",
				"origin": [
					8,
					8.001430849220105,
					8
				]
			},
			"faces": {
				"north": {
					"uv": [
						1,
						0.875,
						1.75,
						0.375
					],
					"texture": "#3"
				},
				"east": {
					"uv": [
						1.125,
						0.5,
						0.75,
						0
					],
					"texture": "#3"
				},
				"south": {
					"uv": [
						0.875,
						0.625,
						0.125,
						0.125
					],
					"texture": "#3"
				},
				"west": {
					"uv": [
						0,
						0,
						0,
						0
					],
					"texture": "#3"
				},
				"up": {
					"uv": [
						0.75,
						0.75,
						1.125,
						0
					],
					"rotation": 90,
					"texture": "#3"
				},
				"down": {
					"uv": [
						1.125,
						0,
						0.75,
						0.75
					],
					"rotation": 90,
					"texture": "#3"
				}
			}
		},
		{
			"from": [
				14.738301559792028,
				6.233666551126517,
				6.876949740034662
			],
			"to": [
				19.979202772963603,
				9.769195147313692,
				9.123050259965337
			],
			"rotation": {
				"angle": -22.5,
				"axis": "y",
				"origin": [
					8,
					8.001430849220105,
					8
				]
			},
			"faces": {
				"north": {
					"uv": [
						1,
						1.25,
						0.25,
						1.75
					],
					"texture": "#3"
				},
				"east": {
					"uv": [
						0.375,
						1.375,
						0.75,
						0.875
					],
					"texture": "#3"
				},
				"south": {
					"uv": [
						1.125,
						1.375,
						0.375,
						0.875
					],
					"texture": "#3"
				},
				"west": {
					"uv": [
						0,
						0,
						0,
						0
					],
					"texture": "#3"
				},
				"up": {
					"uv": [
						0.75,
						1.625,
						0.375,
						0.875
					],
					"rotation": 90,
					"texture": "#3"
				},
				"down": {
					"uv": [
						0.5,
						1.25,
						0.875,
						0.5
					],
					"rotation": 90,
					"texture": "#3"
				}
			}
		},
		{
			"from": [
				14.738301559792028,
				6.233666551126517,
				6.876949740034662
			],
			"to": [
				19.979202772963603,
				9.769195147313692,
				9.123050259965337
			],
			"rotation": {
				"angle": 0,
				"axis": "y",
				"origin": [
					8,
					8.001430849220105,
					8
				]
			},
			"faces": {
				"north": {
					"uv": [
						0,
						2.5,
						0.75,
						3
					],
					"texture": "#3"
				},
				"east": {
					"uv": [
						0.5,
						2.25,
						0,
						1.875
					],
					"rotation": 270,
					"texture": "#3"
				},
				"south": {
					"uv": [
						0.75,
						2.25,
						0,
						2.75
					],
					"texture": "#3"
				},
				"west": {
					"uv": [
						0,
						0,
						0,
						0
					],
					"texture": "#3"
				},
				"up": {
					"uv": [
						0,
						2.25,
						0.75,
						1.875
					],
					"rotation": 180,
					"texture": "#3"
				},
				"down": {
					"uv": [
						0.75,
						1.875,
						0,
						2.25
					],
					"rotation": 180,
					"texture": "#3"
				}
			}
		},
		{
			"from": [
				14.738301559792028,
				6.233666551126517,
				6.876949740034662
			],
			"to": [
				19.979202772963603,
				9.769195147313692,
				9.123050259965337
			],
			"rotation": {
				"angle": 22.5,
				"axis": "y",
				"origin": [
					8,
					8.001430849220105,
					8
				]
			},
			"faces": {
				"north": {
					"uv": [
						0.75,
						2.5,
						1.5,
						3
					],
					"texture": "#3"
				},
				"east": {
					"uv": [
						0.75,
						2.875,
						0.375,
						2.375
					],
					"rotation": 180,
					"texture": "#3"
				},
				"south": {
					"uv": [
						1,
						2.75,
						0.25,
						3.25
					],
					"texture": "#3"
				},
				"west": {
					"uv": [
						0,
						0,
						0,
						0
					],
					"texture": "#3"
				},
				"up": {
					"uv": [
						0.75,
						2.375,
						0.375,
						3.125
					],
					"rotation": 90,
					"texture": "#3"
				},
				"down": {
					"uv": [
						0.375,
						2.375,
						0.75,
						3.125
					],
					"rotation": 90,
					"texture": "#3"
				}
			}
		},
		{
			"from": [
				6.876949740034662,
				6.233666551126517,
				-3.979202772963605
			],
			"to": [
				9.123050259965337,
				9.769195147313692,
				1.2616984402079732
			],
			"rotation": {
				"angle": -45,
				"axis": "y",
				"origin": [
					8,
					8.001430849220105,
					8
				]
			},
			"faces": {
				"north": {
					"uv": [
						0.75,
						3.75,
						1.125,
						3.25
					],
					"rotation": 180,
					"texture": "#3"
				},
				"east": {
					"uv": [
						1.875,
						3.5,
						1.125,
						4
					],
					"texture": "#3"
				},
				"south": {
					"uv": [
						0,
						0,
						0,
						0
					],
					"texture": "#3"
				},
				"west": {
					"uv": [
						0.75,
						3.5,
						0,
						4
					],
					"texture": "#3"
				},
				"up": {
					"uv": [
						1.125,
						4,
						0.75,
						3.25
					],
					"rotation": 180,
					"texture": "#3"
				},
				"down": {
					"uv": [
						0.75,
						3.25,
						1.125,
						4
					],
					"texture": "#3"
				}
			}
		},
		{
			"from": [
				6.876949740034662,
				6.233666551126517,
				-3.979202772963605
			],
			"to": [
				9.123050259965337,
				9.769195147313692,
				1.2616984402079732
			],
			"rotation": {
				"angle": -22.5,
				"axis": "y",
				"origin": [
					8,
					8.001430849220105,
					8
				]
			},
			"faces": {
				"north": {
					"uv": [
						0.5,
						3.625,
						0,
						3.25
					],
					"rotation": 90,
					"texture": "#3"
				},
				"east": {
					"uv": [
						1.125,
						3.25,
						0.375,
						2.75
					],
					"texture": "#3"
				},
				"south": {
					"uv": [
						0,
						0,
						0,
						0
					],
					"texture": "#3"
				},
				"west": {
					"uv": [
						0.375,
						3.5,
						1.125,
						4
					],
					"texture": "#3"
				},
				"up": {
					"uv": [
						0.375,
						3.25,
						1.25,
						3.625
					],
					"rotation": 90,
					"texture": "#3"
				},
				"down": {
					"uv": [
						0.375,
						3.25,
						1.25,
						3.625
					],
					"rotation": 90,
					"texture": "#3"
				}
			}
		},
		{
			"from": [
				6.876949740034662,
				6.233666551126517,
				-3.979202772963605
			],
			"to": [
				9.123050259965337,
				9.769195147313692,
				1.2616984402079732
			],
			"rotation": {
				"angle": 0,
				"axis": "y",
				"origin": [
					8,
					8.001430849220105,
					8
				]
			},
			"faces": {
				"north": {
					"uv": [
						1.875,
						3.25,
						2.25,
						3.75
					],
					"texture": "#3"
				},
				"east": {
					"uv": [
						1.125,
						3.375,
						1.875,
						3.875
					],
					"texture": "#3"
				},
				"south": {
					"uv": [
						0,
						0,
						0,
						0
					],
					"texture": "#3"
				},
				"west": {
					"uv": [
						2.125,
						3.375,
						2.875,
						3.875
					],
					"texture": "#3"
				},
				"up": {
					"uv": [
						2.25,
						3.25,
						1.875,
						4
					],
					"texture": "#3"
				},
				"down": {
					"uv": [
						2.25,
						3.25,
						1.875,
						4
					],
					"texture": "#3"
				}
			}
		},
		{
			"from": [
				6.876949740034662,
				6.233666551126517,
				-3.979202772963605
			],
			"to": [
				9.123050259965337,
				9.769195147313692,
				1.2616984402079732
			],
			"rotation": {
				"angle": 22.5,
				"axis": "y",
				"origin": [
					8,
					8.001430849220105,
					8
				]
			},
			"faces": {
				"north": {
					"uv": [
						3.25,
						3.625,
						2.75,
						3.25
					],
					"rotation": 90,
					"texture": "#3"
				},
				"east": {
					"uv": [
						3.375,
						3.5,
						2.875,
						2.75
					],
					"rotation": 90,
					"texture": "#3"
				},
				"south": {
					"uv": [
						0,
						0,
						0,
						0
					],
					"texture": "#3"
				},
				"west": {
					"uv": [
						3.375,
						3.25,
						2.875,
						4
					],
					"rotation": 90,
					"texture": "#3"
				},
				"up": {
					"uv": [
						3.625,
						3.25,
						2.75,
						3.625
					],
					"rotation": 90,
					"texture": "#3"
				},
				"down": {
					"uv": [
						3.625,
						3.25,
						2.75,
						3.625
					],
					"rotation": 90,
					"texture": "#3"
				}
			}
		},
		{
			"from": [
				6.876949740034662,
				6.233666551126517,
				-3.979202772963605
			],
			"to": [
				9.123050259965337,
				9.769195147313692,
				1.2616984402079732
			],
			"rotation": {
				"angle": 45,
				"axis": "y",
				"origin": [
					8,
					8.001430849220105,
					8
				]
			},
			"faces": {
				"north": {
					"uv": [
						2.875,
						3.75,
						3.25,
						3.25
					],
					"texture": "#3"
				},
				"east": {
					"uv": [
						3.125,
						3.25,
						2.375,
						3.75
					],
					"rotation": 180,
					"texture": "#3"
				},
				"south": {
					"uv": [
						0,
						0,
						0,
						0
					],
					"texture": "#3"
				},
				"west": {
					"uv": [
						3.125,
						3.875,
						3.875,
						3.375
					],
					"texture": "#3"
				},
				"up": {
					"uv": [
						2.875,
						3.25,
						3.25,
						4
					],
					"rotation": 180,
					"texture": "#3"
				},
				"down": {
					"uv": [
						2.875,
						3.25,
						3.25,
						4
					],
					"rotation": 180,
					"texture": "#3"
				}
			}
		},
		{
			"from": [
				-3.979202772963605,
				6.233666551126517,
				6.876949740034662
			],
			"to": [
				1.2616984402079732,
				9.769195147313692,
				9.123050259965337
			],
			"rotation": {
				"angle": -22.5,
				"axis": "y",
				"origin": [
					8,
					8.001430849220105,
					8
				]
			},
			"faces": {
				"north": {
					"uv": [
						2.625,
						3,
						3.375,
						2.5
					],
					"texture": "#3"
				},
				"east": {
					"uv": [
						0,
						0,
						0,
						0
					],
					"texture": "#3"
				},
				"south": {
					"uv": [
						4,
						2.5,
						3.5,
						3.25
					],
					"rotation": 90,
					"texture": "#3"
				},
				"west": {
					"uv": [
						3.25,
						3.125,
						3.625,
						2.625
					],
					"texture": "#3"
				},
				"up": {
					"uv": [
						3.25,
						2.375,
						3.625,
						3.125
					],
					"rotation": 90,
					"texture": "#3"
				},
				"down": {
					"uv": [
						3.625,
						3.125,
						3.25,
						2.375
					],
					"rotation": 90,
					"texture": "#3"
				}
			}
		},
		{
			"from": [
				-3.979202772963605,
				6.233666551126517,
				6.876949740034662
			],
			"to": [
				1.2616984402079732,
				9.769195147313692,
				9.123050259965337
			],
			"rotation": {
				"angle": 0,
				"axis": "y",
				"origin": [
					8,
					8.001430849220105,
					8
				]
			},
			"faces": {
				"north": {
					"uv": [
						3.875,
						2.375,
						3.125,
						1.875
					],
					"texture": "#3"
				},
				"east": {
					"uv": [
						0,
						0,
						0,
						0
					],
					"texture": "#3"
				},
				"south": {
					"uv": [
						4,
						2,
						3.25,
						1.5
					],
					"texture": "#3"
				},
				"west": {
					"uv": [
						3.25,
						1.875,
						3.75,
						2.25
					],
					"rotation": 90,
					"texture": "#3"
				},
				"up": {
					"uv": [
						4,
						1.875,
						3.25,
						2.25
					],
					"rotation": 180,
					"texture": "#3"
				},
				"down": {
					"uv": [
						3.25,
						2.25,
						4,
						1.875
					],
					"rotation": 180,
					"texture": "#3"
				}
			}
		},
		{
			"from": [
				-3.979202772963605,
				6.233666551126517,
				6.876949740034662
			],
			"to": [
				1.2616984402079732,
				9.769195147313692,
				9.123050259965337
			],
			"rotation": {
				"angle": 22.5,
				"axis": "y",
				"origin": [
					8,
					8.001430849220105,
					8
				]
			},
			"faces": {
				"north": {
					"uv": [
						3.375,
						1,
						2.875,
						1.75
					],
					"rotation": 90,
					"texture": "#3"
				},
				"east": {
					"uv": [
						0,
						0,
						0,
						0
					],
					"texture": "#3"
				},
				"south": {
					"uv": [
						3.25,
						1.5,
						4,
						2
					],
					"texture": "#3"
				},
				"west": {
					"uv": [
						3.625,
						0.875,
						3.25,
						1.375
					],
					"texture": "#3"
				},
				"up": {
					"uv": [
						3.625,
						1.625,
						3.25,
						0.875
					],
					"rotation": 90,
					"texture": "#3"
				},
				"down": {
					"uv": [
						3.25,
						1.625,
						3.625,
						0.875
					],
					"rotation": 90,
					"texture": "#3"
				}
			}
		}
	],
	"display": {
		"head": {
			"rotation": [
				0,
				180,
				0
			]
		}
	}
}