{
	"ambientocclusion": false,
	"parent": "minecraft:block/block",
	"textures": {
		"particle": "#texture"
	},
	"elements": [
		{
			"from": [0, 0, 0],
			"to": [16, 16, 16],
			"shade": false,
			"faces": {
				"down" : {"uv": [0, 0, 16, 16], "texture": "#texture", "cullface": "down" },
				"up"   : {"uv": [0, 0, 16, 16], "texture": "#texture", "cullface": "up"   },
				"east" : {"uv": [0, 0, 16, 16], "texture": "#texture", "cullface": "east" },
				"west" : {"uv": [0, 0, 16, 16], "texture": "#texture", "cullface": "west" },
				"south": {"uv": [0, 0, 16, 16], "texture": "#texture", "cullface": "south"},
				"north": {"uv": [0, 0, 16, 16], "texture": "#texture", "cullface": "north"}
			}
		}
	]
}