{
	"textures": {
		"19": "kello:item/decal/moving_platform/moving_platform_indicator/def"
	},
	"elements": [
		{
			"from": [
				-4,
				5.061224489795919,
				-4
			],
			"to": [
				20,
				10.938775510204081,
				20
			],
			"rotation": {
				"angle": 0,
				"axis": "y",
				"origin": [
					8,
					8,
					8
				]
			},
			"faces": {
				"north": {
					"uv": [
						0,
						12,
						12,
						16
					],
					"texture": "#19"
				},
				"east": {
					"uv": [
						0,
						12,
						12,
						16
					],
					"texture": "#19"
				},
				"south": {
					"uv": [
						0,
						12,
						12,
						16
					],
					"texture": "#19"
				},
				"west": {
					"uv": [
						0,
						12,
						12,
						16
					],
					"texture": "#19"
				},
				"up": {
					"uv": [
						12,
						12,
						0,
						0
					],
					"rotation": 90,
					"texture": "#19"
				}
			}
		}
	],
	"display": {
		"head": {
			"rotation": [
				0,
				180,
				0
			]
		}
	}
}