{
	"credit": "Made by Miffen Kop!",
	"texture_size": [32, 32],
	"textures": {
		"energy": "inquognito:items/gun/energy",
		"barrel": "inquognito:items/gun/barrel",
		"rifle": "inquognito:items/gun/base",
		"energy_trans": "inquognito:items/gun/energy_trans"
	},
	"elements": [
		{
			"from": [6.8875, 8.75, 13.15625],
			"to": [9.6375, 11.25, 18.15625],
			"rotation": {"angle": 0, "axis": "y", "origin": [7.2625, 0, 1.59375]},
			"faces": {
				"north": {"uv": [7, 0, 9, 3], "texture": "#rifle"},
				"east": {"uv": [5, 0, 0, 3], "texture": "#rifle"},
				"south": {"uv": [5, 0, 7, 3], "texture": "#rifle"},
				"west": {"uv": [0, 0, 5, 3], "texture": "#rifle"},
				"up": {"uv": [9, 0, 14, 2], "rotation": 270, "texture": "#rifle"},
				"down": {"uv": [9, 2, 14, 4], "rotation": 270, "texture": "#rifle"}
			}
		},
		{
			"from": [6.7875, 8.65, 13.05625],
			"to": [9.7375, 11.35, 18.25625],
			"rotation": {"angle": 0, "axis": "y", "origin": [7.2625, 0, 1.59375]},
			"faces": {
				"east": {"uv": [9, 9, 4, 12], "texture": "#rifle"},
				"south": {"uv": [9, 9, 11, 12], "texture": "#rifle"},
				"west": {"uv": [4, 9, 9, 12], "texture": "#rifle"},
				"up": {"uv": [11, 8, 16, 10], "rotation": 270, "texture": "#rifle"},
				"down": {"uv": [11, 10, 16, 12], "rotation": 270, "texture": "#rifle"}
			}
		},
		{
			"from": [7.1375, 9, 3.59375],
			"to": [9.3875, 11, 6.67125],
			"rotation": {"angle": 0, "axis": "y", "origin": [7.2625, 0, 1.59375]},
			"faces": {
				"north": {"uv": [12, 4, 14, 6], "texture": "#rifle"},
				"east": {"uv": [12, 6, 9, 8], "texture": "#rifle"},
				"south": {"uv": [0.5, 5.5, 4.5, 9.5], "texture": "#energy"},
				"west": {"uv": [9, 6, 12, 8], "texture": "#rifle"},
				"up": {"uv": [6, 3, 9, 5], "rotation": 270, "texture": "#rifle"},
				"down": {"uv": [9, 4, 12, 6], "rotation": 270, "texture": "#rifle"}
			}
		},
		{
			"from": [7.2625, 9.125, 0.84375],
			"to": [9.2625, 10.625, 3.59375],
			"rotation": {"angle": 0, "axis": "y", "origin": [7.2625, 0, 1.59375]},
			"faces": {
				"north": {"uv": [0, 2, 2, 3.5], "texture": "#barrel"},
				"east": {"uv": [9.75, 0, 7, 1.5], "texture": "#barrel"},
				"west": {"uv": [7, 0, 9.75, 1.5], "texture": "#barrel"},
				"up": {"uv": [2, 0, 4.75, 2], "rotation": 270, "texture": "#barrel"},
				"down": {"uv": [2, 2, 4.75, 4], "rotation": 270, "texture": "#barrel"}
			}
		},
		{
			"from": [7.5125, 9.375, -1.15625],
			"to": [9.0125, 10.375, 1.84375],
			"rotation": {"angle": 0, "axis": "y", "origin": [7.2625, 0, 1.59375]},
			"faces": {
				"east": {"uv": [6, 4, 0, 7], "texture": "#barrel"},
				"west": {"uv": [0, 4, 6, 7], "texture": "#barrel"},
				"up": {"uv": [0, 7, 6, 8], "rotation": 270, "texture": "#barrel"},
				"down": {"uv": [6, 7, 0, 8], "rotation": 270, "texture": "#barrel"}
			}
		},
		{
			"from": [9.0125, 10.375, 1.84375],
			"to": [7.5125, 9.375, -1.15625],
			"rotation": {"angle": 0, "axis": "y", "origin": [7.2625, 0, 1.59375]},
			"faces": {
				"east": {"uv": [0, 7, 6, 4], "texture": "#barrel"},
				"west": {"uv": [6, 7, 0, 4], "texture": "#barrel"},
				"up": {"uv": [6, 8, 0, 7], "rotation": 270, "texture": "#barrel"},
				"down": {"uv": [0, 8, 6, 7], "rotation": 270, "texture": "#barrel"}
			}
		},
		{
			"from": [7.7625, 11.625, -1.15625],
			"to": [8.7625, 12.625, 1.84375],
			"rotation": {"angle": 0, "axis": "y", "origin": [7.2625, 0.25, 1.59375]},
			"faces": {
				"east": {"uv": [6, 12, 0, 15], "texture": "#barrel"},
				"west": {"uv": [0, 12, 6, 15], "texture": "#barrel"},
				"up": {"uv": [0, 15, 6, 16], "rotation": 270, "texture": "#barrel"},
				"down": {"uv": [0, 14, 6, 15], "rotation": 270, "texture": "#barrel"}
			}
		},
		{
			"from": [7.5125, 11.375, 0.84375],
			"to": [9.0125, 12.875, 1.59375],
			"rotation": {"angle": 0, "axis": "y", "origin": [7.2625, 0.25, 1.59375]},
			"faces": {
				"north": {"uv": [0, 10, 1.5, 11.5], "texture": "#barrel"},
				"east": {"uv": [10.25, 8, 9.5, 9.5], "texture": "#barrel"},
				"west": {"uv": [7, 8, 7.75, 9.5], "texture": "#barrel"},
				"up": {"uv": [2, 8, 2.75, 9.5], "rotation": 270, "texture": "#barrel"},
				"down": {"uv": [2, 10, 2.75, 11.5], "rotation": 270, "texture": "#barrel"}
			}
		},
		{
			"from": [7.48125, 11.375, 1.59375],
			"to": [9.04375, 12.875, 3.59375],
			"rotation": {"angle": 22.5, "axis": "x", "origin": [8.25625, 12.875, 1.59375]},
			"faces": {
				"north": {"uv": [0, 10, 2, 11.5], "texture": "#barrel"},
				"east": {"uv": [9, 8, 11, 9.5], "texture": "#barrel"},
				"south": {"uv": [0, 10, 2, 11.5], "texture": "#barrel"},
				"west": {"uv": [9, 8, 11, 9.5], "texture": "#barrel"},
				"up": {"uv": [4, 8, 6, 10], "rotation": 270, "texture": "#barrel"},
				"down": {"uv": [4, 10, 6, 12], "rotation": 270, "texture": "#barrel"}
			}
		},
		{
			"from": [7.5125, 10.60963, 3.44151],
			"to": [9.0125, 12.10963, 5.44151],
			"rotation": {"angle": 45, "axis": "x", "origin": [8.2625, 12.10963, 3.44151]},
			"faces": {
				"north": {"uv": [0, 10, 2, 11.25], "texture": "#barrel"},
				"east": {"uv": [2, 10, 0, 11.25], "texture": "#barrel"},
				"west": {"uv": [8, 8, 10, 9.25], "texture": "#barrel"},
				"up": {"uv": [5, 8, 7, 10], "rotation": 270, "texture": "#barrel"},
				"down": {"uv": [5, 10, 7, 12], "rotation": 270, "texture": "#barrel"}
			}
		},
		{
			"from": [8.7625, 12.625, 1.84375],
			"to": [7.7625, 11.625, -1.15625],
			"rotation": {"angle": 0, "axis": "y", "origin": [7.2625, 0.25, 1.59375]},
			"faces": {
				"east": {"uv": [0, 15, 6, 12], "texture": "#barrel"},
				"west": {"uv": [6, 15, 0, 12], "texture": "#barrel"},
				"up": {"uv": [0, 15, 6, 14], "rotation": 270, "texture": "#barrel"},
				"down": {"uv": [0, 16, 6, 15], "rotation": 270, "texture": "#barrel"}
			}
		},
		{
			"from": [5.2625, 9.3125, -1.15625],
			"to": [6.2625, 10.3125, 1.84375],
			"rotation": {"angle": 0, "axis": "y", "origin": [17.6375, 8.8125, 1.59375]},
			"faces": {
				"east": {"uv": [0, 14, 6, 15], "rotation": 180, "texture": "#barrel"},
				"west": {"uv": [0, 15, 6, 16], "rotation": 180, "texture": "#barrel"},
				"up": {"uv": [6, 12, 0, 15], "rotation": 270, "texture": "#barrel"},
				"down": {"uv": [0, 12, 6, 15], "rotation": 270, "texture": "#barrel"}
			}
		},
		{
			"from": [5.0125, 9.0625, 0.84375],
			"to": [6.5125, 10.5625, 1.59375],
			"rotation": {"angle": 0, "axis": "y", "origin": [17.6375, 8.8125, 1.59375]},
			"faces": {
				"north": {"uv": [0, 10, 1.5, 11.5], "rotation": 90, "texture": "#barrel"},
				"east": {"uv": [2, 10, 2.75, 11.5], "rotation": 180, "texture": "#barrel"},
				"west": {"uv": [2, 8, 2.75, 9.5], "rotation": 180, "texture": "#barrel"},
				"up": {"uv": [10.25, 8, 9.5, 9.5], "rotation": 270, "texture": "#barrel"},
				"down": {"uv": [7, 8, 7.75, 9.5], "rotation": 270, "texture": "#barrel"}
			}
		},
		{
			"from": [5.0125, 9.03125, 1.59375],
			"to": [6.5125, 10.59375, 3.59375],
			"rotation": {"angle": 22.5, "axis": "y", "origin": [5.0125, 9.80625, 1.59375]},
			"faces": {
				"north": {"uv": [0, 10, 2, 11.5], "rotation": 90, "texture": "#barrel"},
				"east": {"uv": [4, 10, 6, 12], "rotation": 180, "texture": "#barrel"},
				"south": {"uv": [0, 10, 2, 11.5], "rotation": 270, "texture": "#barrel"},
				"west": {"uv": [4, 8, 6, 10], "rotation": 180, "texture": "#barrel"},
				"up": {"uv": [9, 8, 11, 9.5], "rotation": 270, "texture": "#barrel"},
				"down": {"uv": [9, 8, 11, 9.5], "rotation": 270, "texture": "#barrel"}
			}
		},
		{
			"from": [5.77787, 9.0625, 3.44151],
			"to": [7.27787, 10.5625, 5.44151],
			"rotation": {"angle": 45, "axis": "y", "origin": [5.77787, 9.8125, 3.44151]},
			"faces": {
				"north": {"uv": [0, 10, 2, 11.25], "rotation": 90, "texture": "#barrel"},
				"east": {"uv": [5, 10, 7, 12], "rotation": 180, "texture": "#barrel"},
				"west": {"uv": [5, 8, 7, 10], "rotation": 180, "texture": "#barrel"},
				"up": {"uv": [2, 10, 0, 11.25], "rotation": 270, "texture": "#barrel"},
				"down": {"uv": [8, 8, 10, 9.25], "rotation": 270, "texture": "#barrel"}
			}
		},
		{
			"from": [6.2625, 10.3125, 1.84375],
			"to": [5.2625, 9.3125, -1.15625],
			"rotation": {"angle": 0, "axis": "y", "origin": [17.6375, 8.8125, 1.59375]},
			"faces": {
				"east": {"uv": [0, 16, 6, 15], "rotation": 180, "texture": "#barrel"},
				"west": {"uv": [0, 15, 6, 14], "rotation": 180, "texture": "#barrel"},
				"up": {"uv": [0, 15, 6, 12], "rotation": 270, "texture": "#barrel"},
				"down": {"uv": [6, 15, 0, 12], "rotation": 270, "texture": "#barrel"}
			}
		},
		{
			"from": [9.7375, 9.3125, -1.15625],
			"to": [10.7375, 10.3125, 1.84375],
			"rotation": {"angle": 0, "axis": "y", "origin": [-1.6375, 8.8125, 1.59375]},
			"faces": {
				"east": {"uv": [6, 15, 0, 16], "rotation": 180, "texture": "#barrel"},
				"west": {"uv": [6, 14, 0, 15], "rotation": 180, "texture": "#barrel"},
				"up": {"uv": [6, 15, 0, 12], "rotation": 270, "texture": "#barrel"},
				"down": {"uv": [0, 15, 6, 12], "rotation": 270, "texture": "#barrel"}
			}
		},
		{
			"from": [9.4875, 9.0625, 0.84375],
			"to": [10.9875, 10.5625, 1.59375],
			"rotation": {"angle": 0, "axis": "y", "origin": [-1.6375, 8.8125, 1.59375]},
			"faces": {
				"north": {"uv": [0, 11.5, 1.5, 10], "rotation": 90, "texture": "#barrel"},
				"east": {"uv": [2.75, 8, 2, 9.5], "rotation": 180, "texture": "#barrel"},
				"west": {"uv": [2.75, 10, 2, 11.5], "rotation": 180, "texture": "#barrel"},
				"up": {"uv": [10.25, 9.5, 9.5, 8], "rotation": 270, "texture": "#barrel"},
				"down": {"uv": [7, 9.5, 7.75, 8], "rotation": 270, "texture": "#barrel"}
			}
		},
		{
			"from": [9.4875, 9.03125, 1.59375],
			"to": [10.9875, 10.59375, 3.59375],
			"rotation": {"angle": -22.5, "axis": "y", "origin": [10.9875, 9.80625, 1.59375]},
			"faces": {
				"north": {"uv": [0, 11.5, 2, 10], "rotation": 90, "texture": "#barrel"},
				"east": {"uv": [6, 8, 4, 10], "rotation": 180, "texture": "#barrel"},
				"south": {"uv": [0, 11.5, 2, 10], "rotation": 270, "texture": "#barrel"},
				"west": {"uv": [6, 10, 4, 12], "rotation": 180, "texture": "#barrel"},
				"up": {"uv": [9, 9.5, 11, 8], "rotation": 270, "texture": "#barrel"},
				"down": {"uv": [9, 9.5, 11, 8], "rotation": 270, "texture": "#barrel"}
			}
		},
		{
			"from": [8.72213, 9.0625, 3.44151],
			"to": [10.22213, 10.5625, 5.44151],
			"rotation": {"angle": -45, "axis": "y", "origin": [10.22213, 9.8125, 3.44151]},
			"faces": {
				"north": {"uv": [0, 11.25, 2, 10], "rotation": 90, "texture": "#barrel"},
				"east": {"uv": [7, 8, 5, 10], "rotation": 180, "texture": "#barrel"},
				"west": {"uv": [7, 10, 5, 12], "rotation": 180, "texture": "#barrel"},
				"up": {"uv": [2, 11.25, 0, 10], "rotation": 270, "texture": "#barrel"},
				"down": {"uv": [8, 9.25, 10, 8], "rotation": 270, "texture": "#barrel"}
			}
		},
		{
			"from": [10.7375, 10.3125, 1.84375],
			"to": [9.7375, 9.3125, -1.15625],
			"rotation": {"angle": 0, "axis": "y", "origin": [-1.6375, 8.8125, 1.59375]},
			"faces": {
				"east": {"uv": [6, 15, 0, 14], "rotation": 180, "texture": "#barrel"},
				"west": {"uv": [6, 16, 0, 15], "rotation": 180, "texture": "#barrel"},
				"up": {"uv": [0, 12, 6, 15], "rotation": 270, "texture": "#barrel"},
				"down": {"uv": [6, 12, 0, 15], "rotation": 270, "texture": "#barrel"}
			}
		},
		{
			"from": [7.1375, 9, 7.59375],
			"to": [9.3875, 11, 13.17125],
			"rotation": {"angle": 0, "axis": "y", "origin": [7.2625, 0, 1.59375]},
			"faces": {
				"north": {"uv": [0.5, 5.5, 4.5, 9.5], "texture": "#energy"},
				"east": {"uv": [4, 9, 6, 3], "rotation": 270, "texture": "#rifle"},
				"west": {"uv": [0, 0, 12, 4], "texture": "#energy"},
				"up": {"uv": [2, 3, 4, 9], "texture": "#rifle"},
				"down": {"uv": [0, 3, 2, 9], "texture": "#rifle"}
			}
		},
		{
			"from": [9.0125, 9.25, 6.59375],
			"to": [9.0125, 10.75, 7.67125],
			"rotation": {"angle": 0, "axis": "y", "origin": [7.2625, 0, 1.59375]},
			"faces": {
				"east": {"uv": [6, 0, 8, 4], "texture": "#energy_trans"},
				"west": {"uv": [6, 0, 8, 4], "texture": "#energy_trans"}
			}
		},
		{
			"from": [8.2625, 9.25, 6.59375],
			"to": [8.2625, 10.75, 7.67125],
			"rotation": {"angle": 0, "axis": "y", "origin": [7.2625, 0, 1.59375]},
			"faces": {
				"east": {"uv": [3, 0, 5, 4], "texture": "#energy_trans"},
				"west": {"uv": [3, 0, 5, 4], "texture": "#energy_trans"}
			}
		},
		{
			"from": [7.5125, 9.25, 6.59375],
			"to": [7.5125, 10.75, 7.67125],
			"rotation": {"angle": 0, "axis": "y", "origin": [7.2625, 0, 1.59375]},
			"faces": {
				"east": {"uv": [0, 0, 2, 4], "texture": "#energy_trans"},
				"west": {"uv": [0, 0, 2, 4], "texture": "#energy_trans"}
			}
		},
		{
			"from": [6.8625, 9.5, 7.84375],
			"to": [7.15, 10.5, 8.84375],
			"rotation": {"angle": 0, "axis": "y", "origin": [7.2625, 0, 1.59375]},
			"faces": {
				"north": {"uv": [1.25, 9.25, 0.75, 9.75], "rotation": 270, "texture": "#rifle"},
				"south": {"uv": [2.25, 9.25, 1.75, 9.75], "rotation": 270, "texture": "#rifle"},
				"up": {"uv": [1.6875, 9.75, 1.25, 10.25], "texture": "#rifle"},
				"down": {"uv": [1.6875, 9.75, 1.25, 10.25], "texture": "#rifle"}
			}
		},
		{
			"from": [7.1125, 10.5, 8.84375],
			"to": [6.8625, 9.5, 7.84375],
			"rotation": {"angle": 0, "axis": "y", "origin": [7.2625, 0, 1.59375]},
			"faces": {
				"north": {"uv": [1.75, 9.25, 2.25, 9.75], "rotation": 270, "texture": "#rifle"},
				"south": {"uv": [0.75, 9.25, 1.25, 9.75], "rotation": 270, "texture": "#rifle"},
				"west": {"uv": [2.25, 9.25, 3.75, 10.75], "texture": "#rifle"},
				"up": {"uv": [1.25, 9.75, 1.6875, 10.25], "texture": "#rifle"},
				"down": {"uv": [1.25, 9.75, 1.6875, 10.25], "texture": "#rifle"}
			}
		},
		{
			"from": [7.1, 10.5, 8.84375],
			"to": [7.1, 9.5, 7.84375],
			"rotation": {"angle": 0, "axis": "y", "origin": [7.2625, 0, 1.59375]},
			"faces": {
				"west": {"uv": [9.25, 0.25, 10.75, 1.75], "texture": "#energy_trans"}
			}
		},
		{
			"from": [6.6125, 9.5625, 7.96875],
			"to": [7.15, 10.4375, 7.96875],
			"rotation": {"angle": 0, "axis": "y", "origin": [7.2625, 0, 1.59375]},
			"faces": {
				"north": {"uv": [2, 5, 0.5, 7], "rotation": 270, "texture": "#energy_trans"},
				"south": {"uv": [0.5, 5, 2, 7], "rotation": 270, "texture": "#energy_trans"}
			}
		},
		{
			"from": [6.6125, 9.5625, 8.34375],
			"to": [7.15, 10.4375, 8.34375],
			"rotation": {"angle": 0, "axis": "y", "origin": [7.2625, 0, 1.59375]},
			"faces": {
				"north": {"uv": [2, 8, 0.5, 10], "rotation": 270, "texture": "#energy_trans"},
				"south": {"uv": [0.5, 8, 2, 10], "rotation": 270, "texture": "#energy_trans"}
			}
		},
		{
			"from": [6.6125, 9.5625, 8.71875],
			"to": [7.15, 10.4375, 8.71875],
			"rotation": {"angle": 0, "axis": "y", "origin": [7.2625, 0, 1.59375]},
			"faces": {
				"north": {"uv": [2, 11, 0.5, 13], "rotation": 270, "texture": "#energy_trans"},
				"south": {"uv": [0.5, 11, 2, 13], "rotation": 270, "texture": "#energy_trans"}
			}
		},
		{
			"from": [5.3625, 9.375, 6.59375],
			"to": [6.65, 10.625, 8.96875],
			"rotation": {"angle": 22.5, "axis": "x", "origin": [6.63125, 10, 8.34375]},
			"faces": {
				"north": {"uv": [6.9375, 5.9375, 8.0625, 7.0625], "texture": "#rifle"},
				"east": {"uv": [15.5, 0, 13.5, 1], "texture": "#energy"},
				"south": {"uv": [6, 8, 6.5, 9], "rotation": 270, "texture": "#rifle"},
				"west": {"uv": [6.5, 8, 8.5, 9], "texture": "#rifle"},
				"up": {"uv": [8.5, 8, 6.5, 9], "rotation": 270, "texture": "#rifle"},
				"down": {"uv": [6.5, 8, 8.5, 9], "rotation": 270, "texture": "#rifle"}
			}
		},
		{
			"from": [6.5875, 10.5625, 7.71875],
			"to": [5.425, 9.4375, 6.59375],
			"rotation": {"angle": 22.5, "axis": "x", "origin": [6.63125, 10, 8.34375]},
			"faces": {
				"north": {"uv": [3, 1, 2.5, 1.5], "rotation": 270, "texture": "#missing"},
				"east": {"uv": [9.5, 11.5, 11.5, 10.5], "texture": "#rifle"},
				"west": {"uv": [11.5, 11.5, 9.5, 10.5], "texture": "#rifle"},
				"up": {"uv": [9.5, 11.5, 11.5, 10.5], "rotation": 270, "texture": "#rifle"},
				"down": {"uv": [11.5, 11.5, 9.5, 10.5], "rotation": 270, "texture": "#rifle"}
			}
		},
		{
			"from": [6.65, 10.625, 6.96875],
			"to": [5.3625, 9.375, 6.96875],
			"rotation": {"angle": 22.5, "axis": "x", "origin": [6.63125, 10, 8.34375]},
			"faces": {
				"north": {"uv": [10.5, 0.5, 9.5, 1.5], "rotation": 270, "texture": "#energy_trans"}
			}
		}
	],
	"display": {
		"thirdperson_righthand": {
			"translation": [0, 0, 1],
			"scale": [1.25, 1.25, 1.25]
		},
		"thirdperson_lefthand": {
			"translation": [0, 0, 1],
			"scale": [1.25, 1.25, 1.25]
		},
		"firstperson_righthand": {
			"translation": [0, -0.75, 1.5],
			"scale": [1.25, 1.25, 1.25]
		},
		"firstperson_lefthand": {
			"rotation": [-35, 0, 0],
			"translation": [0, -0.75, 1.75],
			"scale": [1.25, 1.25, 1.25]
		},
		"gui": {
			"rotation": [30, 225, 0],
			"translation": [0, -0.75, 0],
			"scale": [0.675, 0.675, 0.675]
		},
		"fixed": {
			"rotation": [0, 90, 0],
			"translation": [-0.25, 0, 1],
			"scale": [0.7, 0.7, 0.7]
		}
	},
	"groups": [
		{
			"name": "stock",
			"origin": [7, 0, 0.75],
			"color": 0,
			"nbt": "{}",
			"children": [0, 1]
		},
		{
			"name": "barrel",
			"origin": [7, 0, 0.75],
			"color": 0,
			"nbt": "{}",
			"children": [
				2,
				{
					"name": "single",
					"origin": [7, 0, 0.75],
					"color": 0,
					"nbt": "{}",
					"children": [3, 4, 5]
				},
				{
					"name": "triple",
					"origin": [7.2625, 0, 1.59375],
					"color": 0,
					"nbt": "{}",
					"children": [
						{
							"name": "top",
							"origin": [7.2625, 0, 1.59375],
							"color": 0,
							"nbt": "{}",
							"children": [6, 7, 8, 9, 10]
						},
						{
							"name": "west",
							"origin": [7.2625, 0, 1.59375],
							"color": 0,
							"nbt": "{}",
							"children": [11, 12, 13, 14, 15]
						},
						{
							"name": "east",
							"origin": [7.2625, 0, 1.59375],
							"color": 0,
							"nbt": "{}",
							"children": [16, 17, 18, 19, 20]
						}
					]
				}
			]
		},
		{
			"name": "shaft",
			"origin": [7, 0, 0.75],
			"color": 0,
			"nbt": "{}",
			"children": [
				21,
				22,
				23,
				24,
				25,
				26,
				27,
				{
					"name": "grenade",
					"origin": [7, 0, 0.75],
					"color": 0,
					"nbt": "{}",
					"children": [28, 29, 30, 31, 32, 33]
				}
			]
		}
	]
}
