{
	"textures": {
		"0": "kello:item/decal/comet_0",
		"1": "kello:item/decal/comet_1",
		"3": "kello:item/decal/comet_2",
		"4": "kello:item/decal/comet_3"
	},
	"elements": [
		{
			"from": [
				10.063797592599773,
				12.735524070566575,
				3.382743041615294
			],
			"to": [
				30.843050738763285,
				17.994079806414447,
				8.428213135837314
			],
			"rotation": {
				"angle": 45,
				"axis": "z",
				"origin": [
					16.80422784244976,
					15.68821469983194,
					5.905478088726303
				]
			},
			"faces": {
				"north": {
					"uv": [
						15.875,
						16,
						16,
						4
					],
					"rotation": 90,
					"texture": "#1",
					"tintindex": 0
				},
				"south": {
					"uv": [
						15.875,
						4,
						16,
						16
					],
					"rotation": 90,
					"texture": "#1",
					"tintindex": 0
				},
				"up": {
					"uv": [
						15.875,
						4,
						16,
						16
					],
					"rotation": 90,
					"texture": "#1",
					"tintindex": 0
				},
				"down": {
					"uv": [
						15.875,
						16,
						16,
						4
					],
					"rotation": 270,
					"texture": "#1",
					"tintindex": 0
				}
			}
		},
		{
			"from": [
				10.437512243159466,
				18.893674572056355,
				8.618262491881994
			],
			"to": [
				22.05460635135625,
				21.861690548412547,
				11.373192826612334
			],
			"rotation": {
				"angle": 45,
				"axis": "z",
				"origin": [
					16.80422784244976,
					15.68821469983194,
					5.905478088726303
				]
			},
			"faces": {
				"north": {
					"uv": [
						15.875,
						16,
						16,
						4
					],
					"rotation": 90,
					"texture": "#1",
					"tintindex": 0
				},
				"south": {
					"uv": [
						15.875,
						4,
						16,
						16
					],
					"rotation": 90,
					"texture": "#1",
					"tintindex": 0
				},
				"up": {
					"uv": [
						15.875,
						4,
						16,
						16
					],
					"rotation": 90,
					"texture": "#1",
					"tintindex": 0
				},
				"down": {
					"uv": [
						15.875,
						16,
						16,
						4
					],
					"rotation": 270,
					"texture": "#1",
					"tintindex": 0
				}
			}
		},
		{
			"from": [
				9.411970512742084,
				17.779915975001806,
				5.673282801106975
			],
			"to": [
				22.33794448350554,
				19.111832123149654,
				6.792113307628969
			],
			"rotation": {
				"angle": 45,
				"axis": "z",
				"origin": [
					13.093587790169629,
					18.609484031896564,
					5.7418681059054695
				]
			},
			"faces": {
				"north": {
					"uv": [
						15.875,
						16,
						16,
						4
					],
					"rotation": 90,
					"texture": "#1",
					"tintindex": 0
				},
				"south": {
					"uv": [
						15.875,
						4,
						16,
						16
					],
					"rotation": 90,
					"texture": "#1",
					"tintindex": 0
				},
				"up": {
					"uv": [
						15.875,
						4,
						16,
						16
					],
					"rotation": 90,
					"texture": "#1",
					"tintindex": 0
				},
				"down": {
					"uv": [
						15.875,
						16,
						16,
						4
					],
					"rotation": 270,
					"texture": "#1",
					"tintindex": 0
				}
			}
		},
		{
			"from": [
				10.156589337386514,
				14.941973940261635,
				8.291042526240325
			],
			"to": [
				16.538163995316587,
				16.60111005405115,
				9.900702981224823
			],
			"rotation": {
				"angle": 45,
				"axis": "z",
				"origin": [
					13.093587790169629,
					18.609484031896564,
					5.7418681059054695
				]
			},
			"faces": {
				"north": {
					"uv": [
						15.875,
						16,
						16,
						4
					],
					"rotation": 90,
					"texture": "#0",
					"tintindex": 0
				},
				"south": {
					"uv": [
						15.875,
						4,
						16,
						16
					],
					"rotation": 90,
					"texture": "#0",
					"tintindex": 0
				},
				"up": {
					"uv": [
						15.875,
						4,
						16,
						16
					],
					"rotation": 90,
					"texture": "#0",
					"tintindex": 0
				},
				"down": {
					"uv": [
						15.875,
						16,
						16,
						4
					],
					"rotation": 270,
					"texture": "#0",
					"tintindex": 0
				}
			}
		},
		{
			"from": [
				6.8430507387632815,
				13.834633895986936,
				6.000502766748644
			],
			"to": [
				12.079355516947512,
				15.493770009776451,
				7.610163221733141
			],
			"rotation": {
				"angle": 45,
				"axis": "z",
				"origin": [
					13.093587790169629,
					18.609484031896564,
					5.7418681059054695
				]
			},
			"faces": {
				"north": {
					"uv": [
						15.875,
						16,
						16,
						4
					],
					"rotation": 90,
					"texture": "#0",
					"tintindex": 0
				},
				"south": {
					"uv": [
						15.875,
						4,
						16,
						16
					],
					"rotation": 90,
					"texture": "#0",
					"tintindex": 0
				},
				"up": {
					"uv": [
						15.875,
						4,
						16,
						16
					],
					"rotation": 90,
					"texture": "#0",
					"tintindex": 0
				},
				"down": {
					"uv": [
						15.875,
						16,
						16,
						4
					],
					"rotation": 270,
					"texture": "#0",
					"tintindex": 0
				}
			}
		},
		{
			"from": [
				8.685724870093322,
				16.416358473062633,
				6.491332715211147
			],
			"to": [
				17.685059253156744,
				19.057154483777154,
				9.082653067120651
			],
			"rotation": {
				"angle": 45,
				"axis": "z",
				"origin": [
					13.093587790169629,
					18.609484031896564,
					5.7418681059054695
				]
			},
			"faces": {
				"north": {
					"uv": [
						15.875,
						16,
						16,
						4
					],
					"rotation": 90,
					"texture": "#0",
					"tintindex": 0
				},
				"south": {
					"uv": [
						15.875,
						4,
						16,
						16
					],
					"rotation": 90,
					"texture": "#0",
					"tintindex": 0
				},
				"up": {
					"uv": [
						15.875,
						4,
						16,
						16
					],
					"rotation": 90,
					"texture": "#0",
					"tintindex": 0
				},
				"down": {
					"uv": [
						15.875,
						16,
						16,
						4
					],
					"rotation": 270,
					"texture": "#0",
					"tintindex": 0
				}
			}
		},
		{
			"from": [
				8.292546366963105,
				16.776084035595204,
				9.272702423165333
			],
			"to": [
				13.856071110789006,
				17.453560252459724,
				9.900702981224823
			],
			"rotation": {
				"angle": 45,
				"axis": "z",
				"origin": [
					13.093587790169629,
					18.609484031896564,
					5.7418681059054695
				]
			},
			"faces": {
				"north": {
					"uv": [
						15.875,
						16,
						16,
						4
					],
					"rotation": 90,
					"texture": "#0",
					"tintindex": 0
				},
				"south": {
					"uv": [
						15.875,
						4,
						16,
						16
					],
					"rotation": 90,
					"texture": "#0",
					"tintindex": 0
				},
				"up": {
					"uv": [
						15.875,
						4,
						16,
						16
					],
					"rotation": 90,
					"texture": "#0",
					"tintindex": 0
				},
				"down": {
					"uv": [
						15.875,
						16,
						16,
						4
					],
					"rotation": 270,
					"texture": "#0",
					"tintindex": 0
				}
			}
		},
		{
			"from": [
				10.757308458663044,
				14.989703436073038,
				9.92714235444867
			],
			"to": [
				16.975273133772276,
				16.321619584220894,
				11.209582843791498
			],
			"rotation": {
				"angle": 45,
				"axis": "z",
				"origin": [
					13.093587790169629,
					18.609484031896564,
					5.7418681059054695
				]
			},
			"faces": {
				"north": {
					"uv": [
						15.875,
						16,
						16,
						4
					],
					"rotation": 90,
					"texture": "#4",
					"tintindex": 0
				},
				"south": {
					"uv": [
						15.875,
						4,
						16,
						16
					],
					"rotation": 90,
					"texture": "#4",
					"tintindex": 0
				},
				"up": {
					"uv": [
						15.875,
						4,
						16,
						16
					],
					"rotation": 90,
					"texture": "#4",
					"tintindex": 0
				},
				"down": {
					"uv": [
						15.875,
						16,
						16,
						4
					],
					"rotation": 270,
					"texture": "#4",
					"tintindex": 0
				}
			}
		},
		{
			"from": [
				13.21145820097556,
				13.680823573506363,
				7.309382629315319
			],
			"to": [
				22.70162253250148,
				15.667179652937556,
				9.246263049941486
			],
			"rotation": {
				"angle": 45,
				"axis": "z",
				"origin": [
					13.093587790169629,
					18.609484031896564,
					5.7418681059054695
				]
			},
			"faces": {
				"north": {
					"uv": [
						15.875,
						16,
						16,
						4
					],
					"rotation": 90,
					"texture": "#4",
					"tintindex": 0
				},
				"south": {
					"uv": [
						15.875,
						4,
						16,
						16
					],
					"rotation": 90,
					"texture": "#4",
					"tintindex": 0
				},
				"up": {
					"uv": [
						15.875,
						4,
						16,
						16
					],
					"rotation": 90,
					"texture": "#4",
					"tintindex": 0
				},
				"down": {
					"uv": [
						15.875,
						16,
						16,
						4
					],
					"rotation": 270,
					"texture": "#4",
					"tintindex": 0
				}
			}
		},
		{
			"from": [
				15.011168012004738,
				16.13497331581888,
				4.528012921361134
			],
			"to": [
				26.464652137380675,
				19.430209257816745,
				7.773773204553976
			],
			"rotation": {
				"angle": 45,
				"axis": "z",
				"origin": [
					13.093587790169629,
					18.609484031896564,
					5.7418681059054695
				]
			},
			"faces": {
				"north": {
					"uv": [
						15.875,
						16,
						16,
						4
					],
					"rotation": 90,
					"texture": "#4",
					"tintindex": 0
				},
				"south": {
					"uv": [
						15.875,
						4,
						16,
						16
					],
					"rotation": 90,
					"texture": "#4",
					"tintindex": 0
				},
				"up": {
					"uv": [
						15.875,
						4,
						16,
						16
					],
					"rotation": 90,
					"texture": "#4",
					"tintindex": 0
				},
				"down": {
					"uv": [
						15.875,
						16,
						16,
						4
					],
					"rotation": 270,
					"texture": "#4",
					"tintindex": 0
				}
			}
		},
		{
			"from": [
				15.011168012004738,
				16.13497331581888,
				4.528012921361134
			],
			"to": [
				26.464652137380675,
				19.430209257816745,
				7.773773204553976
			],
			"rotation": {
				"angle": 45,
				"axis": "z",
				"origin": [
					13.093587790169629,
					18.609484031896564,
					5.7418681059054695
				]
			},
			"faces": {
				"north": {
					"uv": [
						15.875,
						16,
						16,
						4
					],
					"rotation": 90,
					"texture": "#4",
					"tintindex": 0
				},
				"south": {
					"uv": [
						15.875,
						4,
						16,
						16
					],
					"rotation": 90,
					"texture": "#4",
					"tintindex": 0
				},
				"up": {
					"uv": [
						15.875,
						4,
						16,
						16
					],
					"rotation": 90,
					"texture": "#4",
					"tintindex": 0
				},
				"down": {
					"uv": [
						15.875,
						16,
						16,
						4
					],
					"rotation": 270,
					"texture": "#4",
					"tintindex": 0
				}
			}
		},
		{
			"from": [
				11.266909146069791,
				16.160020622591254,
				8.127432543419491
			],
			"to": [
				23.538443185549895,
				18.14637670202245,
				10.064312964045659
			],
			"rotation": {
				"angle": 45,
				"axis": "z",
				"origin": [
					16.666431243116094,
					18.13485855923186,
					6.150893062957556
				]
			},
			"faces": {
				"north": {
					"uv": [
						15.875,
						16,
						16,
						4
					],
					"rotation": 90,
					"texture": "#3",
					"tintindex": 0
				},
				"south": {
					"uv": [
						15.875,
						4,
						16,
						16
					],
					"rotation": 90,
					"texture": "#3",
					"tintindex": 0
				},
				"up": {
					"uv": [
						15.875,
						4,
						16,
						16
					],
					"rotation": 90,
					"texture": "#3",
					"tintindex": 0
				},
				"down": {
					"uv": [
						15.875,
						16,
						16,
						4
					],
					"rotation": 270,
					"texture": "#3",
					"tintindex": 0
				}
			}
		},
		{
			"from": [
				10.203444257734366,
				17.387095493747516,
				6.082307758159061
			],
			"to": [
				18.057508761051942,
				18.8826216247162,
				7.528358230322724
			],
			"rotation": {
				"angle": 45,
				"axis": "z",
				"origin": [
					16.666431243116094,
					18.13485855923186,
					6.150893062957556
				]
			},
			"faces": {
				"north": {
					"uv": [
						15.875,
						16,
						16,
						4
					],
					"rotation": 90,
					"texture": "#3",
					"tintindex": 0
				},
				"south": {
					"uv": [
						15.875,
						4,
						16,
						16
					],
					"rotation": 90,
					"texture": "#3",
					"tintindex": 0
				},
				"up": {
					"uv": [
						15.875,
						4,
						16,
						16
					],
					"rotation": 90,
					"texture": "#3",
					"tintindex": 0
				},
				"down": {
					"uv": [
						15.875,
						16,
						16,
						4
					],
					"rotation": 270,
					"texture": "#3",
					"tintindex": 0
				}
			}
		},
		{
			"from": [
				12.412179025815632,
				19.105000313366276,
				6.982162663673651
			],
			"to": [
				21.08429344323738,
				20.109696495872463,
				7.93738318737481
			],
			"rotation": {
				"angle": 45,
				"axis": "z",
				"origin": [
					16.666431243116094,
					18.13485855923186,
					6.150893062957556
				]
			},
			"faces": {
				"north": {
					"uv": [
						15.875,
						16,
						16,
						4
					],
					"rotation": 90,
					"texture": "#3",
					"tintindex": 0
				},
				"south": {
					"uv": [
						15.875,
						4,
						16,
						16
					],
					"rotation": 90,
					"texture": "#3",
					"tintindex": 0
				},
				"up": {
					"uv": [
						15.875,
						4,
						16,
						16
					],
					"rotation": 90,
					"texture": "#3",
					"tintindex": 0
				},
				"down": {
					"uv": [
						15.875,
						16,
						16,
						4
					],
					"rotation": 270,
					"texture": "#3",
					"tintindex": 0
				}
			}
		},
		{
			"from": [
				30.843050738763285,
				17.994079806414447,
				8.428213135837314
			],
			"to": [
				10.063797592599773,
				12.735524070566575,
				3.382743041615294
			],
			"rotation": {
				"angle": 45,
				"axis": "z",
				"origin": [
					16.80422784244976,
					15.68821469983194,
					5.905478088726303
				]
			},
			"faces": {
				"north": {
					"uv": [
						16,
						4,
						15.875,
						16
					],
					"rotation": 90,
					"texture": "#1",
					"tintindex": 0
				},
				"south": {
					"uv": [
						16,
						16,
						15.875,
						4
					],
					"rotation": 90,
					"texture": "#1",
					"tintindex": 0
				},
				"up": {
					"uv": [
						15.875,
						4,
						16,
						16
					],
					"rotation": 270,
					"texture": "#1",
					"tintindex": 0
				},
				"down": {
					"uv": [
						15.875,
						16,
						16,
						4
					],
					"rotation": 90,
					"texture": "#1",
					"tintindex": 0
				}
			}
		},
		{
			"from": [
				22.05460635135625,
				21.861690548412547,
				11.373192826612334
			],
			"to": [
				10.437512243159466,
				18.893674572056355,
				8.618262491881994
			],
			"rotation": {
				"angle": 45,
				"axis": "z",
				"origin": [
					16.80422784244976,
					15.68821469983194,
					5.905478088726303
				]
			},
			"faces": {
				"north": {
					"uv": [
						16,
						4,
						15.875,
						16
					],
					"rotation": 90,
					"texture": "#1",
					"tintindex": 0
				},
				"south": {
					"uv": [
						16,
						16,
						15.875,
						4
					],
					"rotation": 90,
					"texture": "#1",
					"tintindex": 0
				},
				"up": {
					"uv": [
						15.875,
						4,
						16,
						16
					],
					"rotation": 270,
					"texture": "#1",
					"tintindex": 0
				},
				"down": {
					"uv": [
						15.875,
						16,
						16,
						4
					],
					"rotation": 90,
					"texture": "#1",
					"tintindex": 0
				}
			}
		},
		{
			"from": [
				22.33794448350554,
				19.111832123149654,
				6.792113307628969
			],
			"to": [
				9.411970512742084,
				17.779915975001806,
				5.673282801106975
			],
			"rotation": {
				"angle": 45,
				"axis": "z",
				"origin": [
					13.093587790169629,
					18.609484031896564,
					5.7418681059054695
				]
			},
			"faces": {
				"north": {
					"uv": [
						16,
						4,
						15.875,
						16
					],
					"rotation": 90,
					"texture": "#1",
					"tintindex": 0
				},
				"south": {
					"uv": [
						16,
						16,
						15.875,
						4
					],
					"rotation": 90,
					"texture": "#1",
					"tintindex": 0
				},
				"up": {
					"uv": [
						15.875,
						4,
						16,
						16
					],
					"rotation": 270,
					"texture": "#1",
					"tintindex": 0
				},
				"down": {
					"uv": [
						15.875,
						16,
						16,
						4
					],
					"rotation": 90,
					"texture": "#1",
					"tintindex": 0
				}
			}
		},
		{
			"from": [
				16.538163995316587,
				16.60111005405115,
				9.900702981224823
			],
			"to": [
				10.156589337386514,
				14.941973940261635,
				8.291042526240325
			],
			"rotation": {
				"angle": 45,
				"axis": "z",
				"origin": [
					13.093587790169629,
					18.609484031896564,
					5.7418681059054695
				]
			},
			"faces": {
				"north": {
					"uv": [
						16,
						4,
						15.875,
						16
					],
					"rotation": 90,
					"texture": "#0",
					"tintindex": 0
				},
				"south": {
					"uv": [
						16,
						16,
						15.875,
						4
					],
					"rotation": 90,
					"texture": "#0",
					"tintindex": 0
				},
				"up": {
					"uv": [
						15.875,
						4,
						16,
						16
					],
					"rotation": 270,
					"texture": "#0",
					"tintindex": 0
				},
				"down": {
					"uv": [
						15.875,
						16,
						16,
						4
					],
					"rotation": 90,
					"texture": "#0",
					"tintindex": 0
				}
			}
		},
		{
			"from": [
				12.079355516947512,
				15.493770009776451,
				7.610163221733141
			],
			"to": [
				6.8430507387632815,
				13.834633895986936,
				6.000502766748644
			],
			"rotation": {
				"angle": 45,
				"axis": "z",
				"origin": [
					13.093587790169629,
					18.609484031896564,
					5.7418681059054695
				]
			},
			"faces": {
				"north": {
					"uv": [
						16,
						4,
						15.875,
						16
					],
					"rotation": 90,
					"texture": "#0",
					"tintindex": 0
				},
				"south": {
					"uv": [
						16,
						16,
						15.875,
						4
					],
					"rotation": 90,
					"texture": "#0",
					"tintindex": 0
				},
				"up": {
					"uv": [
						15.875,
						4,
						16,
						16
					],
					"rotation": 270,
					"texture": "#0",
					"tintindex": 0
				},
				"down": {
					"uv": [
						15.875,
						16,
						16,
						4
					],
					"rotation": 90,
					"texture": "#0",
					"tintindex": 0
				}
			}
		},
		{
			"from": [
				17.685059253156744,
				19.057154483777154,
				9.082653067120651
			],
			"to": [
				8.685724870093322,
				16.416358473062633,
				6.491332715211147
			],
			"rotation": {
				"angle": 45,
				"axis": "z",
				"origin": [
					13.093587790169629,
					18.609484031896564,
					5.7418681059054695
				]
			},
			"faces": {
				"north": {
					"uv": [
						16,
						4,
						15.875,
						16
					],
					"rotation": 90,
					"texture": "#0",
					"tintindex": 0
				},
				"south": {
					"uv": [
						16,
						16,
						15.875,
						4
					],
					"rotation": 90,
					"texture": "#0",
					"tintindex": 0
				},
				"up": {
					"uv": [
						15.875,
						4,
						16,
						16
					],
					"rotation": 270,
					"texture": "#0",
					"tintindex": 0
				},
				"down": {
					"uv": [
						15.875,
						16,
						16,
						4
					],
					"rotation": 90,
					"texture": "#0",
					"tintindex": 0
				}
			}
		},
		{
			"from": [
				13.856071110789006,
				17.453560252459724,
				9.900702981224823
			],
			"to": [
				8.292546366963105,
				16.776084035595204,
				9.272702423165333
			],
			"rotation": {
				"angle": 45,
				"axis": "z",
				"origin": [
					13.093587790169629,
					18.609484031896564,
					5.7418681059054695
				]
			},
			"faces": {
				"north": {
					"uv": [
						16,
						4,
						15.875,
						16
					],
					"rotation": 90,
					"texture": "#0",
					"tintindex": 0
				},
				"south": {
					"uv": [
						16,
						16,
						15.875,
						4
					],
					"rotation": 90,
					"texture": "#0",
					"tintindex": 0
				},
				"up": {
					"uv": [
						15.875,
						4,
						16,
						16
					],
					"rotation": 270,
					"texture": "#0",
					"tintindex": 0
				},
				"down": {
					"uv": [
						15.875,
						16,
						16,
						4
					],
					"rotation": 90,
					"texture": "#0",
					"tintindex": 0
				}
			}
		},
		{
			"from": [
				16.975273133772276,
				16.321619584220894,
				11.209582843791498
			],
			"to": [
				10.757308458663044,
				14.989703436073038,
				9.92714235444867
			],
			"rotation": {
				"angle": 45,
				"axis": "z",
				"origin": [
					13.093587790169629,
					18.609484031896564,
					5.7418681059054695
				]
			},
			"faces": {
				"north": {
					"uv": [
						16,
						4,
						15.875,
						16
					],
					"rotation": 90,
					"texture": "#4",
					"tintindex": 0
				},
				"south": {
					"uv": [
						16,
						16,
						15.875,
						4
					],
					"rotation": 90,
					"texture": "#4",
					"tintindex": 0
				},
				"up": {
					"uv": [
						15.875,
						4,
						16,
						16
					],
					"rotation": 270,
					"texture": "#4",
					"tintindex": 0
				},
				"down": {
					"uv": [
						15.875,
						16,
						16,
						4
					],
					"rotation": 90,
					"texture": "#4",
					"tintindex": 0
				}
			}
		},
		{
			"from": [
				22.70162253250148,
				15.667179652937556,
				9.246263049941486
			],
			"to": [
				13.21145820097556,
				13.680823573506363,
				7.309382629315319
			],
			"rotation": {
				"angle": 45,
				"axis": "z",
				"origin": [
					13.093587790169629,
					18.609484031896564,
					5.7418681059054695
				]
			},
			"faces": {
				"north": {
					"uv": [
						16,
						4,
						15.875,
						16
					],
					"rotation": 90,
					"texture": "#4",
					"tintindex": 0
				},
				"south": {
					"uv": [
						16,
						16,
						15.875,
						4
					],
					"rotation": 90,
					"texture": "#4",
					"tintindex": 0
				},
				"up": {
					"uv": [
						15.875,
						4,
						16,
						16
					],
					"rotation": 270,
					"texture": "#4",
					"tintindex": 0
				},
				"down": {
					"uv": [
						15.875,
						16,
						16,
						4
					],
					"rotation": 90,
					"texture": "#4",
					"tintindex": 0
				}
			}
		},
		{
			"from": [
				26.464652137380675,
				19.430209257816745,
				7.773773204553976
			],
			"to": [
				15.011168012004738,
				16.13497331581888,
				4.528012921361134
			],
			"rotation": {
				"angle": 45,
				"axis": "z",
				"origin": [
					13.093587790169629,
					18.609484031896564,
					5.7418681059054695
				]
			},
			"faces": {
				"north": {
					"uv": [
						16,
						4,
						15.875,
						16
					],
					"rotation": 90,
					"texture": "#4",
					"tintindex": 0
				},
				"south": {
					"uv": [
						16,
						16,
						15.875,
						4
					],
					"rotation": 90,
					"texture": "#4",
					"tintindex": 0
				},
				"up": {
					"uv": [
						15.875,
						4,
						16,
						16
					],
					"rotation": 270,
					"texture": "#4",
					"tintindex": 0
				},
				"down": {
					"uv": [
						15.875,
						16,
						16,
						4
					],
					"rotation": 90,
					"texture": "#4",
					"tintindex": 0
				}
			}
		},
		{
			"from": [
				26.464652137380675,
				19.430209257816745,
				7.773773204553976
			],
			"to": [
				15.011168012004738,
				16.13497331581888,
				4.528012921361134
			],
			"rotation": {
				"angle": 45,
				"axis": "z",
				"origin": [
					13.093587790169629,
					18.609484031896564,
					5.7418681059054695
				]
			},
			"faces": {
				"north": {
					"uv": [
						16,
						4,
						15.875,
						16
					],
					"rotation": 90,
					"texture": "#4",
					"tintindex": 0
				},
				"south": {
					"uv": [
						16,
						16,
						15.875,
						4
					],
					"rotation": 90,
					"texture": "#4",
					"tintindex": 0
				},
				"up": {
					"uv": [
						15.875,
						4,
						16,
						16
					],
					"rotation": 270,
					"texture": "#4",
					"tintindex": 0
				},
				"down": {
					"uv": [
						15.875,
						16,
						16,
						4
					],
					"rotation": 90,
					"texture": "#4",
					"tintindex": 0
				}
			}
		},
		{
			"from": [
				23.538443185549895,
				18.14637670202245,
				10.064312964045659
			],
			"to": [
				11.266909146069791,
				16.160020622591254,
				8.127432543419491
			],
			"rotation": {
				"angle": 45,
				"axis": "z",
				"origin": [
					16.666431243116094,
					18.13485855923186,
					6.150893062957556
				]
			},
			"faces": {
				"north": {
					"uv": [
						16,
						4,
						15.875,
						16
					],
					"rotation": 90,
					"texture": "#3",
					"tintindex": 0
				},
				"south": {
					"uv": [
						16,
						16,
						15.875,
						4
					],
					"rotation": 90,
					"texture": "#3",
					"tintindex": 0
				},
				"up": {
					"uv": [
						15.875,
						4,
						16,
						16
					],
					"rotation": 270,
					"texture": "#3",
					"tintindex": 0
				},
				"down": {
					"uv": [
						15.875,
						16,
						16,
						4
					],
					"rotation": 90,
					"texture": "#3",
					"tintindex": 0
				}
			}
		},
		{
			"from": [
				18.057508761051942,
				18.8826216247162,
				7.528358230322724
			],
			"to": [
				10.203444257734366,
				17.387095493747516,
				6.082307758159061
			],
			"rotation": {
				"angle": 45,
				"axis": "z",
				"origin": [
					16.666431243116094,
					18.13485855923186,
					6.150893062957556
				]
			},
			"faces": {
				"north": {
					"uv": [
						16,
						4,
						15.875,
						16
					],
					"rotation": 90,
					"texture": "#3",
					"tintindex": 0
				},
				"south": {
					"uv": [
						16,
						16,
						15.875,
						4
					],
					"rotation": 90,
					"texture": "#3",
					"tintindex": 0
				},
				"up": {
					"uv": [
						15.875,
						4,
						16,
						16
					],
					"rotation": 270,
					"texture": "#3",
					"tintindex": 0
				},
				"down": {
					"uv": [
						15.875,
						16,
						16,
						4
					],
					"rotation": 90,
					"texture": "#3",
					"tintindex": 0
				}
			}
		},
		{
			"from": [
				21.08429344323738,
				20.109696495872463,
				7.93738318737481
			],
			"to": [
				12.412179025815632,
				19.105000313366276,
				6.982162663673651
			],
			"rotation": {
				"angle": 45,
				"axis": "z",
				"origin": [
					16.666431243116094,
					18.13485855923186,
					6.150893062957556
				]
			},
			"faces": {
				"north": {
					"uv": [
						16,
						4,
						15.875,
						16
					],
					"rotation": 90,
					"texture": "#3",
					"tintindex": 0
				},
				"south": {
					"uv": [
						16,
						16,
						15.875,
						4
					],
					"rotation": 90,
					"texture": "#3",
					"tintindex": 0
				},
				"up": {
					"uv": [
						15.875,
						4,
						16,
						16
					],
					"rotation": 270,
					"texture": "#3",
					"tintindex": 0
				},
				"down": {
					"uv": [
						15.875,
						16,
						16,
						4
					],
					"rotation": 90,
					"texture": "#3",
					"tintindex": 0
				}
			}
		}
	],
	"display": {
		"head": {
			"rotation": [
				0,
				180,
				0
			]
		}
	}
}