{
	"parent": "minecraft:item/generated",
	"textures": {
		"layer0": "minecraft:item/white_dye"
	},
	"overrides": [
		{
			"predicate": {
				"custom_model_data": 1
			},
			"model": "item/animated_java_empty"
		},
		{
			"predicate": {
				"custom_model_data": 2
			},
			"model": "cluckshroom_animated_java_rig:item/right_leg"
		},
		{
			"predicate": {
				"custom_model_data": 3
			},
			"model": "cluckshroom_animated_java_rig:item/left_leg2"
		},
		{
			"predicate": {
				"custom_model_data": 4
			},
			"model": "animated_java:item/maze_npc/bone3"
		},
		{
			"predicate": {
				"custom_model_data": 5
			},
			"model": "animated_java:item/maze_npc/bone4"
		},
		{
			"predicate": {
				"custom_model_data": 6
			},
			"model": "animated_java:item/maze_npc/bone2"
		},
		{
			"predicate": {
				"custom_model_data": 7
			},
			"model": "animated_java:item/maze_npc/bone"
		},
		{
			"predicate": {
				"custom_model_data": 8
			},
			"model": "animated_java:item/maze_npc/head"
		},
		{
			"predicate": {
				"custom_model_data": 9
			},
			"model": "animated_java:item/maze_npc/body"
		},
		{
			"predicate": {
				"custom_model_data": 10
			},
			"model": "animated_java:item/maze_npc/steve"
		},

		{
			"predicate": { "custom_model_data": 10051 },
			"model": "masp005:alarm_light"
		},
		{
			"predicate": { "custom_model_data": 10052 },
			"model": "masp005:carton"
		},
		{
			"predicate": { "custom_model_data": 10053 },
			"model": "masp005:barricade"
		},
		{
			"predicate": { "custom_model_data": 10054 },
			"model": "masp005:pallet"
		},
		{
			"predicate": { "custom_model_data": 10055 },
			"model": "masp005:cover"
		},
		{
			"predicate": { "custom_model_data": 10056 },
			"model": "masp005:storage_rack"
		},
		{
			"predicate": { "custom_model_data": 10057 },
			"model": "masp005:test_tube"
		}
	]
}