{
	"textures": {
		"1": "kello:item/decal/large_decwheel_3",
		"2": "kello:item/decal/large_decwheel_1"
	},
	"elements": [
		{
			"from": [
				5.734684959750391,
				19.981279251170044,
				5.734684959750392
			],
			"to": [
				10.2527471875195,
				31.96255850234009,
				10.252747187519503
			],
			"rotation": {
				"angle": 0,
				"axis": "y",
				"origin": [
					7.371607363494539,
					25.073322932917314,
					7.371607363494541
				]
			},
			"faces": {
				"north": {
					"uv": [
						4.25,
						3.5,
						5,
						5.5
					],
					"texture": "#2"
				},
				"east": {
					"uv": [
						0,
						5,
						0.75,
						7
					],
					"texture": "#2"
				},
				"south": {
					"uv": [
						0.75,
						5,
						1.5,
						7
					],
					"texture": "#2"
				},
				"west": {
					"uv": [
						1.5,
						5,
						2.25,
						7
					],
					"texture": "#2"
				},
				"up": {
					"uv": [
						7.25,
						6.5,
						6.5,
						5.75
					],
					"texture": "#2"
				},
				"down": {
					"uv": [
						7.25,
						6.5,
						6.5,
						7.25
					],
					"texture": "#2"
				}
			}
		},
		{
			"from": [
				5.697034441185648,
				19.943837753510138,
				5.678209181903277
			],
			"to": [
				10.290397706084242,
				32,
				10.309222965366617
			],
			"rotation": {
				"angle": 0,
				"axis": "y",
				"origin": [
					7.371607363494539,
					25.073322932917314,
					7.371607363494541
				]
			},
			"faces": {
				"north": {
					"uv": [
						3,
						11,
						2.25,
						9
					],
					"texture": "#1"
				},
				"east": {
					"uv": [
						0.75,
						11,
						0,
						9
					],
					"texture": "#1"
				},
				"south": {
					"uv": [
						1.5,
						11,
						0.75,
						9
					],
					"texture": "#1"
				},
				"west": {
					"uv": [
						2.25,
						11,
						1.5,
						9
					],
					"texture": "#1"
				},
				"up": {
					"uv": [
						3.75,
						10.5,
						3,
						9.75
					],
					"texture": "#1"
				},
				"down": {
					"uv": [
						3.75,
						9,
						3,
						9.75
					],
					"texture": "#1"
				}
			}
		},
		{
			"from": [
				10.290397706084242,
				32,
				10.309222965366617
			],
			"to": [
				5.697034441185648,
				19.943837753510138,
				5.678209181903277
			],
			"rotation": {
				"angle": 0,
				"axis": "y",
				"origin": [
					7.371607363494539,
					25.073322932917314,
					7.371607363494541
				]
			},
			"faces": {
				"north": {
					"uv": [
						1.5,
						9,
						0.75,
						11
					],
					"texture": "#1"
				},
				"east": {
					"uv": [
						2.25,
						9,
						1.5,
						11
					],
					"texture": "#1"
				},
				"south": {
					"uv": [
						3,
						9,
						2.25,
						11
					],
					"texture": "#1"
				},
				"west": {
					"uv": [
						0.75,
						9,
						0,
						11
					],
					"texture": "#1"
				},
				"up": {
					"uv": [
						3,
						9,
						3.75,
						9.75
					],
					"texture": "#1"
				},
				"down": {
					"uv": [
						3,
						10.5,
						3.75,
						9.75
					],
					"texture": "#1"
				}
			}
		}
	],
	"display": {
		"head": {
			"rotation": [
				0,
				180,
				0
			]
		}
	}
}