{
	"credit": "Made with Blockbench",
	"texture_size": [32, 32],
	"textures": {
		"1": "rko:custom/factory_box",
		"2": "rko:custom/factory_box_r8"
	},
	"elements": [
		{
			"from": [-7, 1, -7],
			"to": [23, 31, 23],
			"rotation": {"angle": 0, "axis": "y", "origin": [8, 16, 8]},
			"faces": {
				"north": {"uv": [0.5, 0.5, 15.5, 15.5], "texture": "#2"},
				"east": {"uv": [0.5, 0.5, 15.5, 15.5], "texture": "#2"},
				"south": {"uv": [0.5, 0.5, 15.5, 15.5], "texture": "#2"},
				"west": {"uv": [0.5, 0.5, 15.5, 15.5], "texture": "#2"},
				"up": {"uv": [0.5, 0.5, 15.5, 15.5], "texture": "#1"},
				"down": {"uv": [0.5, 0.5, 15.5, 15.5], "texture": "#1"}
			}
		},
		{
			"from": [-8, 0, 20],
			"to": [-4, 32, 24],
			"rotation": {"angle": 0, "axis": "y", "origin": [-6, 16, 22]},
			"faces": {
				"north": {"uv": [0, 0, 2, 16], "texture": "#1"},
				"east": {"uv": [14, 0, 16, 16], "texture": "#1"},
				"south": {"uv": [0, 0, 2, 16], "texture": "#1"},
				"west": {"uv": [14, 0, 16, 16], "texture": "#1"},
				"up": {"uv": [0, 14, 2, 16], "texture": "#1"},
				"down": {"uv": [0, 0, 2, 2], "texture": "#1"}
			}
		},
		{
			"from": [20, 0, 20],
			"to": [24, 32, 24],
			"rotation": {"angle": 0, "axis": "y", "origin": [22, 16, 22]},
			"faces": {
				"north": {"uv": [14, 0, 16, 16], "texture": "#1"},
				"east": {"uv": [0, 0, 2, 16], "texture": "#1"},
				"south": {"uv": [14, 0, 16, 16], "texture": "#1"},
				"west": {"uv": [0, 0, 2, 16], "texture": "#1"},
				"up": {"uv": [0, 14, 2, 16], "rotation": 270, "texture": "#1"},
				"down": {"uv": [0, 0, 2, 2], "rotation": 90, "texture": "#1"}
			}
		},
		{
			"from": [20, 0, -8],
			"to": [24, 32, -4],
			"rotation": {"angle": 0, "axis": "y", "origin": [22, 16, -6]},
			"faces": {
				"north": {"uv": [0, 0, 2, 16], "texture": "#1"},
				"east": {"uv": [14, 0, 16, 16], "texture": "#1"},
				"south": {"uv": [0, 0, 2, 16], "texture": "#1"},
				"west": {"uv": [14, 0, 16, 16], "texture": "#1"},
				"up": {"uv": [0, 14, 2, 16], "rotation": 180, "texture": "#1"},
				"down": {"uv": [0, 0, 2, 2], "rotation": 180, "texture": "#1"}
			}
		},
		{
			"from": [-8, 0, -8],
			"to": [-4, 32, -4],
			"rotation": {"angle": 0, "axis": "y", "origin": [-6, 16, -6]},
			"faces": {
				"north": {"uv": [14, 0, 16, 16], "texture": "#1"},
				"east": {"uv": [0, 0, 2, 16], "texture": "#1"},
				"south": {"uv": [14, 0, 16, 16], "texture": "#1"},
				"west": {"uv": [0, 0, 2, 16], "texture": "#1"},
				"up": {"uv": [0, 14, 2, 16], "rotation": 90, "texture": "#1"},
				"down": {"uv": [0, 0, 2, 2], "rotation": 270, "texture": "#1"}
			}
		},
		{
			"from": [-4, 28, 20],
			"to": [20, 32, 24],
			"rotation": {"angle": 0, "axis": "y", "origin": [8, 16, 8]},
			"faces": {
				"north": {"uv": [2, 0, 14, 2], "texture": "#1"},
				"south": {"uv": [2, 0, 14, 2], "texture": "#1"},
				"up": {"uv": [2, 14, 14, 16], "texture": "#1"},
				"down": {"uv": [2, 14, 14, 16], "texture": "#1"}
			}
		},
		{
			"from": [20, 28, -4],
			"to": [24, 32, 20],
			"rotation": {"angle": 0, "axis": "y", "origin": [8, 16, 8]},
			"faces": {
				"east": {"uv": [2, 0, 14, 2], "texture": "#1"},
				"west": {"uv": [2, 0, 14, 2], "texture": "#1"},
				"up": {"uv": [2, 14, 14, 16], "rotation": 270, "texture": "#1"},
				"down": {"uv": [2, 14, 14, 16], "rotation": 90, "texture": "#1"}
			}
		},
		{
			"from": [20, 0, -4],
			"to": [24, 4, 20],
			"rotation": {"angle": 0, "axis": "y", "origin": [8, 16, 8]},
			"faces": {
				"east": {"uv": [2, 0, 14, 2], "texture": "#1"},
				"west": {"uv": [2, 0, 14, 2], "texture": "#1"},
				"up": {"uv": [2, 14, 14, 16], "rotation": 270, "texture": "#1"},
				"down": {"uv": [2, 14, 14, 16], "rotation": 90, "texture": "#1"}
			}
		},
		{
			"from": [-8, 0, -4],
			"to": [-4, 4, 20],
			"rotation": {"angle": 0, "axis": "y", "origin": [8, 16, 8]},
			"faces": {
				"east": {"uv": [2, 0, 14, 2], "texture": "#1"},
				"west": {"uv": [2, 0, 14, 2], "texture": "#1"},
				"up": {"uv": [2, 14, 14, 16], "rotation": 270, "texture": "#1"},
				"down": {"uv": [2, 14, 14, 16], "rotation": 90, "texture": "#1"}
			}
		},
		{
			"from": [-8, 28, -4],
			"to": [-4, 32, 20],
			"rotation": {"angle": 0, "axis": "y", "origin": [8, 16, 8]},
			"faces": {
				"east": {"uv": [2, 0, 14, 2], "texture": "#1"},
				"west": {"uv": [2, 0, 14, 2], "texture": "#1"},
				"up": {"uv": [2, 14, 14, 16], "rotation": 270, "texture": "#1"},
				"down": {"uv": [2, 14, 14, 16], "rotation": 90, "texture": "#1"}
			}
		},
		{
			"from": [-4, 28, -8],
			"to": [20, 32, -4],
			"rotation": {"angle": 0, "axis": "y", "origin": [8, 16, 8]},
			"faces": {
				"north": {"uv": [2, 0, 14, 2], "texture": "#1"},
				"south": {"uv": [2, 0, 14, 2], "texture": "#1"},
				"up": {"uv": [2, 14, 14, 16], "texture": "#1"},
				"down": {"uv": [2, 14, 14, 16], "texture": "#1"}
			}
		},
		{
			"from": [-4, 0, -8],
			"to": [20, 4, -4],
			"rotation": {"angle": 0, "axis": "y", "origin": [8, 16, 8]},
			"faces": {
				"north": {"uv": [2, 0, 14, 2], "texture": "#1"},
				"south": {"uv": [2, 0, 14, 2], "texture": "#1"},
				"up": {"uv": [2, 14, 14, 16], "texture": "#1"},
				"down": {"uv": [2, 14, 14, 16], "texture": "#1"}
			}
		},
		{
			"from": [-4, 0, 20],
			"to": [20, 4, 24],
			"rotation": {"angle": 0, "axis": "y", "origin": [8, 16, 8]},
			"faces": {
				"north": {"uv": [2, 0, 14, 2], "texture": "#1"},
				"south": {"uv": [2, 0, 14, 2], "texture": "#1"},
				"up": {"uv": [2, 14, 14, 16], "texture": "#1"},
				"down": {"uv": [2, 14, 14, 16], "texture": "#1"}
			}
		}
	]
}