{
	"textures": {
		"1": "kello:item/decal/large_decwheel_2",
		"2": "kello:item/decal/large_decwheel_1",
		"3": "kello:item/interactable/thrown/stellar"
	},
	"elements": [
		{
			"from": [
				5,
				0.5499999999999998,
				5
			],
			"to": [
				11,
				16.55,
				11
			],
			"rotation": {
				"angle": 0,
				"axis": "y",
				"origin": [
					7.1,
					7.35,
					7.1
				]
			},
			"faces": {
				"north": {
					"uv": [
						4.25,
						3.5,
						5,
						5.5
					],
					"texture": "#2"
				},
				"east": {
					"uv": [
						0,
						5,
						0.75,
						7
					],
					"texture": "#2"
				},
				"south": {
					"uv": [
						0.75,
						5,
						1.5,
						7
					],
					"texture": "#2"
				},
				"west": {
					"uv": [
						1.5,
						5,
						2.25,
						7
					],
					"texture": "#2"
				},
				"up": {
					"uv": [
						7.25,
						6.5,
						6.5,
						5.75
					],
					"texture": "#2"
				},
				"down": {
					"uv": [
						7.25,
						6.5,
						6.5,
						7.25
					],
					"texture": "#2"
				}
			}
		},
		{
			"from": [
				5,
				0.5499999999999998,
				5
			],
			"to": [
				11,
				16.55,
				11
			],
			"rotation": {
				"angle": 0,
				"axis": "y",
				"origin": [
					7.1,
					7.35,
					7.1
				]
			},
			"faces": {
				"north": {
					"uv": [
						1.25,
						1.625,
						0.5,
						3.625
					],
					"texture": "#3"
				},
				"east": {
					"uv": [
						0.75,
						1.625,
						0,
						3.625
					],
					"texture": "#3"
				},
				"south": {
					"uv": [
						1.5,
						1.625,
						0.75,
						3.625
					],
					"texture": "#3"
				},
				"west": {
					"uv": [
						2.25,
						1.625,
						1.5,
						3.625
					],
					"texture": "#3"
				},
				"up": {
					"uv": [
						2,
						1.125,
						1.25,
						0.375
					],
					"texture": "#3"
				},
				"down": {
					"uv": [
						1.375,
						1.125,
						0.625,
						1.875
					],
					"texture": "#3"
				}
			}
		},
		{
			"from": [
				4.95,
				0.4999999999999991,
				4.925
			],
			"to": [
				11.05,
				16.6,
				11.075
			],
			"rotation": {
				"angle": 0,
				"axis": "y",
				"origin": [
					7.1,
					7.35,
					7.1
				]
			},
			"faces": {
				"north": {
					"uv": [
						3,
						11,
						2.25,
						9
					],
					"texture": "#1"
				},
				"east": {
					"uv": [
						0.75,
						11,
						0,
						9
					],
					"texture": "#1"
				},
				"south": {
					"uv": [
						1.5,
						11,
						0.75,
						9
					],
					"texture": "#1"
				},
				"west": {
					"uv": [
						2.25,
						11,
						1.5,
						9
					],
					"texture": "#1"
				},
				"up": {
					"uv": [
						3.75,
						10.5,
						3,
						9.75
					],
					"texture": "#1"
				},
				"down": {
					"uv": [
						3.75,
						9,
						3,
						9.75
					],
					"texture": "#1"
				}
			}
		},
		{
			"from": [
				11.05,
				16.6,
				11.075
			],
			"to": [
				4.95,
				0.4999999999999991,
				4.925
			],
			"rotation": {
				"angle": 0,
				"axis": "y",
				"origin": [
					7.1,
					7.35,
					7.1
				]
			},
			"faces": {
				"north": {
					"uv": [
						1.5,
						9,
						0.75,
						11
					],
					"texture": "#1"
				},
				"east": {
					"uv": [
						2.25,
						9,
						1.5,
						11
					],
					"texture": "#1"
				},
				"south": {
					"uv": [
						3,
						9,
						2.25,
						11
					],
					"texture": "#1"
				},
				"west": {
					"uv": [
						0.75,
						9,
						0,
						11
					],
					"texture": "#1"
				},
				"up": {
					"uv": [
						3,
						9,
						3.75,
						9.75
					],
					"texture": "#1"
				},
				"down": {
					"uv": [
						3,
						10.5,
						3.75,
						9.75
					],
					"texture": "#1"
				}
			}
		}
	],
	"display": {
		"head": {
			"rotation": [
				0,
				180,
				0
			]
		}
	}
}