{
	"textures": {
		"6": "kello:item/decal/small_decwheel_1",
		"8": "kello:item/interactable/thrown/small_cogwheel"
	},
	"elements": [
		{
			"from": [
				6,
				0.5,
				6
			],
			"to": [
				10,
				16.5,
				10
			],
			"rotation": {
				"angle": 0,
				"axis": "y",
				"origin": [
					7,
					8,
					7
				]
			},
			"faces": {
				"north": {
					"uv": [
						2,
						0,
						2.5,
						2
					],
					"texture": "#6"
				},
				"east": {
					"uv": [
						2,
						2,
						2.5,
						4
					],
					"texture": "#6"
				},
				"south": {
					"uv": [
						0,
						2.25,
						0.5,
						4.25
					],
					"texture": "#6"
				},
				"west": {
					"uv": [
						0.5,
						2.25,
						1,
						4.25
					],
					"texture": "#6"
				},
				"up": {
					"uv": [
						3.875,
						2.625,
						3.375,
						2.125
					],
					"texture": "#6"
				},
				"down": {
					"uv": [
						4,
						2.625,
						3.5,
						3.125
					],
					"texture": "#6"
				}
			}
		},
		{
			"from": [
				2.40477,
				13.8759,
				5
			],
			"to": [
				6.40477,
				13.8759,
				9
			],
			"rotation": {
				"angle": 45,
				"axis": "y",
				"origin": [
					5.96838,
					13.88477,
					8.5
				]
			},
			"faces": {
				"north": {
					"uv": [
						0,
						0,
						0,
						0
					],
					"texture": "#8"
				},
				"east": {
					"uv": [
						0,
						0,
						0,
						0
					],
					"texture": "#8"
				},
				"south": {
					"uv": [
						0,
						0,
						0,
						0
					],
					"texture": "#8"
				},
				"west": {
					"uv": [
						0,
						0,
						0,
						0
					],
					"texture": "#8"
				},
				"up": {
					"uv": [
						0,
						4.25,
						0.5,
						4.75
					],
					"rotation": 270,
					"texture": "#6"
				},
				"down": {
					"uv": [
						0.5,
						4.25,
						0,
						4.75
					],
					"rotation": 270,
					"texture": "#6"
				}
			}
		},
		{
			"from": [
				9.29762,
				3.1928900000000002,
				7.97754
			],
			"to": [
				13.29762,
				3.1928900000000002,
				11.97754
			],
			"rotation": {
				"angle": -22.5,
				"axis": "x",
				"origin": [
					10.29762,
					3.79289,
					10.97754
				]
			},
			"faces": {
				"north": {
					"uv": [
						0,
						0,
						0,
						0
					],
					"rotation": 90,
					"texture": "#8"
				},
				"east": {
					"uv": [
						0,
						0,
						0,
						0
					],
					"rotation": 270,
					"texture": "#8"
				},
				"south": {
					"uv": [
						0,
						0,
						0,
						0
					],
					"rotation": 270,
					"texture": "#8"
				},
				"west": {
					"uv": [
						0,
						0,
						0,
						0
					],
					"rotation": 270,
					"texture": "#8"
				},
				"up": {
					"uv": [
						0.5,
						4.25,
						0,
						4.75
					],
					"rotation": 180,
					"texture": "#6"
				},
				"down": {
					"uv": [
						0,
						4.25,
						0.5,
						4.75
					],
					"texture": "#6"
				}
			}
		},
		{
			"from": [
				8.07107,
				15.39949,
				3.4000000000000004
			],
			"to": [
				12.071069999999999,
				15.39949,
				7.4
			],
			"rotation": {
				"angle": -22.5,
				"axis": "y",
				"origin": [
					9.65685,
					15.39949,
					8
				]
			},
			"faces": {
				"north": {
					"uv": [
						0,
						0,
						0,
						0
					],
					"rotation": 90,
					"texture": "#8"
				},
				"east": {
					"uv": [
						0,
						0,
						0,
						0
					],
					"rotation": 90,
					"texture": "#8"
				},
				"south": {
					"uv": [
						0,
						0,
						0,
						0
					],
					"rotation": 270,
					"texture": "#8"
				},
				"west": {
					"uv": [
						0,
						0,
						0,
						0
					],
					"rotation": 90,
					"texture": "#8"
				},
				"up": {
					"uv": [
						0.5,
						4.75,
						0,
						4.25
					],
					"rotation": 180,
					"texture": "#6"
				},
				"down": {
					"uv": [
						0,
						4.75,
						0.5,
						4.25
					],
					"texture": "#6"
				}
			}
		}
	],
	"display": {
		"head": {
			"rotation": [
				0,
				180,
				0
			]
		}
	}
}