{
	"credit": "Made with Blockbench",
	"texture_size": [64, 64],
	"textures": {
		"0": "mrminerman:item/miner_painting",
		"2": "mrminerman:item/minerimageyt",
		"particle": "mrminerman:item/miner_painting"
	},
	"elements": [
		{
			"from": [0, 3, 1],
			"to": [16, 19, 2],
			"faces": {
				"north": {"uv": [0, 0, 16, 16], "texture": "#2"},
				"east": {"uv": [7.5, 4.75, 7.75, 8.75], "texture": "#0"},
				"south": {"uv": [0, 4, 4, 8], "texture": "#0"},
				"west": {"uv": [6.25, 7.5, 6.5, 11.5], "texture": "#0"},
				"up": {"uv": [11.75, 5, 7.75, 4.75], "texture": "#0"},
				"down": {"uv": [11.75, 5, 7.75, 5.25], "texture": "#0"}
			}
		},
		{
			"from": [15, 4, 0.5],
			"to": [17, 18, 2],
			"faces": {
				"north": {"uv": [4, 4, 4.5, 7.5], "texture": "#0"},
				"east": {"uv": [4.5, 4, 5, 7.5], "texture": "#0"},
				"south": {"uv": [5, 4, 5.5, 7.5], "texture": "#0"},
				"west": {"uv": [5.5, 4, 6, 7.5], "texture": "#0"},
				"up": {"uv": [8.25, 6.75, 7.75, 6.25], "texture": "#0"},
				"down": {"uv": [8.25, 6.75, 7.75, 7.25], "texture": "#0"}
			}
		},
		{
			"from": [-1, 18, 0.5],
			"to": [17, 20, 2],
			"faces": {
				"north": {"uv": [4, 0, 8.5, 0.5], "texture": "#0"},
				"east": {"uv": [0, 8, 0.5, 8.5], "texture": "#0"},
				"south": {"uv": [4, 0.5, 8.5, 1], "texture": "#0"},
				"west": {"uv": [0.5, 8, 1, 8.5], "texture": "#0"},
				"up": {"uv": [8.5, 1.5, 4, 1], "texture": "#0"},
				"down": {"uv": [8.5, 1.5, 4, 2], "texture": "#0"}
			}
		},
		{
			"from": [-1, 2, 0.5],
			"to": [17, 4, 2],
			"faces": {
				"north": {"uv": [4, 2, 8.5, 2.5], "texture": "#0"},
				"east": {"uv": [1, 8, 1.5, 8.5], "texture": "#0"},
				"south": {"uv": [4, 2.5, 8.5, 3], "texture": "#0"},
				"west": {"uv": [1.5, 8, 2, 8.5], "texture": "#0"},
				"up": {"uv": [8.5, 3.5, 4, 3], "texture": "#0"},
				"down": {"uv": [8.5, 3.5, 4, 4], "texture": "#0"}
			}
		},
		{
			"from": [-1, 4, 0.5],
			"to": [1, 18, 2],
			"faces": {
				"north": {"uv": [6, 4, 6.5, 7.5], "texture": "#0"},
				"east": {"uv": [6.5, 4, 7, 7.5], "texture": "#0"},
				"south": {"uv": [7, 4, 7.5, 7.5], "texture": "#0"},
				"west": {"uv": [4, 7.5, 4.5, 11], "texture": "#0"},
				"up": {"uv": [8.25, 7.75, 7.75, 7.25], "texture": "#0"},
				"down": {"uv": [8.25, 7.75, 7.75, 8.25], "texture": "#0"}
			}
		}
	],
	"display": {
		"thirdperson_righthand": {
			"scale": [0.4, 0.4, 0.4]
		},
		"fixed": {
			"translation": [48, 17.75, 24],
			"scale": [4, 4, 4]
		}
	}
}