{
	"credit": "Made with Blockbench",
	"texture_size": [64, 64],
	"textures": {
		"0": "mrminerman:item/miner_statuestand",
		"1": "mrminerman:item/miner_statue",
		"particle": "mrminerman:item/miner_statuestand"
	},
	"elements": [
		{
			"from": [3, 0, 3],
			"to": [13, 6, 13],
			"faces": {
				"north": {"uv": [3, 5, 5.5, 6.5], "texture": "#0"},
				"east": {"uv": [5.5, 0, 8, 1.5], "texture": "#0"},
				"south": {"uv": [5.5, 1.5, 8, 3], "texture": "#0"},
				"west": {"uv": [5.5, 3, 8, 4.5], "texture": "#0"},
				"up": {"uv": [5.5, 2.5, 3, 0], "texture": "#0"},
				"down": {"uv": [5.5, 2.5, 3, 5], "texture": "#0"}
			}
		},
		{
			"from": [2, 0, 2],
			"to": [14, 2, 14],
			"faces": {
				"north": {"uv": [8, 0, 11, 0.5], "texture": "#0"},
				"east": {"uv": [8, 0.5, 11, 1], "texture": "#0"},
				"south": {"uv": [8, 1, 11, 1.5], "texture": "#0"},
				"west": {"uv": [8, 1.5, 11, 2], "texture": "#0"},
				"up": {"uv": [3, 3, 0, 0], "texture": "#0"},
				"down": {"uv": [3, 3, 0, 6], "texture": "#0"}
			}
		},
		{
			"from": [5, 6, 7],
			"to": [8, 15, 10],
			"rotation": {"angle": -22.5, "axis": "x", "origin": [8, 15, 8.5]},
			"faces": {
				"north": {"uv": [1, 5, 2, 8], "texture": "#1"},
				"east": {"uv": [0, 5, 1, 8], "texture": "#1"},
				"south": {"uv": [3, 5, 4, 8], "texture": "#1"},
				"west": {"uv": [2, 5, 3, 8], "texture": "#1"},
				"up": {"uv": [2, 5, 1, 4], "texture": "#1"},
				"down": {"uv": [3, 4, 2, 5], "texture": "#1"}
			}
		},
		{
			"from": [5, 15, 7],
			"to": [11, 24, 10],
			"rotation": {"angle": 0, "axis": "y", "origin": [8, 18.5, 8.5]},
			"faces": {
				"north": {"uv": [5, 5.00909, 7, 8], "texture": "#1"},
				"east": {"uv": [4, 5.00909, 5, 8], "texture": "#1"},
				"south": {"uv": [8, 5.00909, 10, 8], "texture": "#1"},
				"west": {"uv": [7, 5.00909, 8, 8], "texture": "#1"},
				"up": {"uv": [7, 5.00909, 5, 4], "texture": "#1"},
				"down": {"uv": [9, 4, 7, 5.00909], "texture": "#1"}
			}
		},
		{
			"from": [11, 15, 7],
			"to": [13, 24, 10],
			"rotation": {"angle": -45, "axis": "x", "origin": [11, 22.5, 8.5]},
			"faces": {
				"north": {"uv": [11.05, 5, 11.75, 8], "texture": "#1"},
				"east": {"uv": [10, 5, 11.05, 8], "texture": "#1"},
				"south": {"uv": [12.8, 5, 13.5, 8], "texture": "#1"},
				"west": {"uv": [11.75, 5, 12.8, 8], "texture": "#1"},
				"up": {"uv": [11.75, 5, 11, 4], "texture": "#1"},
				"down": {"uv": [12.5, 4, 11.75, 5], "texture": "#1"}
			}
		},
		{
			"from": [3, 15, 7],
			"to": [5, 24, 10],
			"rotation": {"angle": 45, "axis": "x", "origin": [5, 22.5, 8.5]},
			"faces": {
				"north": {"uv": [9.05, 13, 9.75, 16], "texture": "#1"},
				"east": {"uv": [8, 13, 9.05, 16], "texture": "#1"},
				"south": {"uv": [10.8, 13, 11.5, 16], "texture": "#1"},
				"west": {"uv": [9.75, 13, 10.8, 16], "texture": "#1"},
				"up": {"uv": [9.75, 13, 9, 12], "texture": "#1"},
				"down": {"uv": [10.5, 12, 9.75, 13], "texture": "#1"}
			}
		},
		{
			"from": [8, 6, 7],
			"to": [11, 15, 10],
			"rotation": {"angle": 22.5, "axis": "x", "origin": [8, 15, 8.5]},
			"faces": {
				"north": {"uv": [5, 13, 6, 16], "texture": "#1"},
				"east": {"uv": [4, 13, 5, 16], "texture": "#1"},
				"south": {"uv": [7, 13, 8, 16], "texture": "#1"},
				"west": {"uv": [6, 13, 7, 16], "texture": "#1"},
				"up": {"uv": [6, 13, 5, 12], "texture": "#1"},
				"down": {"uv": [7, 12, 6, 13], "texture": "#1"}
			}
		},
		{
			"from": [5, 24, 5.5],
			"to": [11, 30, 11.5],
			"rotation": {"angle": 0, "axis": "y", "origin": [8, 23, 8.5]},
			"faces": {
				"north": {"uv": [2, 2, 4, 4], "texture": "#1"},
				"east": {"uv": [0, 2, 2, 4], "texture": "#1"},
				"south": {"uv": [6, 2, 8, 4], "texture": "#1"},
				"west": {"uv": [4, 2, 6, 4], "texture": "#1"},
				"up": {"uv": [4, 2, 2, 0], "texture": "#1"},
				"down": {"uv": [6, 0, 4, 2], "texture": "#1"}
			}
		},
		{
			"from": [4.9, 23.9, 5.4],
			"to": [11.1, 30.1, 11.6],
			"rotation": {"angle": 0, "axis": "y", "origin": [8, 23, 8.5]},
			"faces": {
				"north": {"uv": [10, 2, 12, 4], "texture": "#1"},
				"east": {"uv": [8, 2, 10, 4], "texture": "#1"},
				"south": {"uv": [14, 2, 16, 4], "texture": "#1"},
				"west": {"uv": [12, 2, 14, 4], "texture": "#1"},
				"up": {"uv": [12, 2, 10, 0], "texture": "#1"},
				"down": {"uv": [14, 0, 12, 2], "texture": "#1"}
			}
		}
	],
	"display": {
		"gui": {
			"rotation": [10, 154, 18],
			"translation": [0, -4, 0],
			"scale": [0.55, 0.55, 0.55]
		},
		"fixed": {
			"rotation": [-90, 0, 0],
			"translation": [0, 0, -21],
			"scale": [2.7, 2.7, 2.7]
		}
	},
	"groups": [
		0,
		1,
		2,
		3,
		4,
		5,
		6,
		{
			"name": "group",
			"origin": [0, 0, 0],
			"color": 0,
			"nbt": "{}",
			"children": [7, 8]
		}
	]
}