{
	"credit": "Made with Blockbench",
	"textures": {
		"0": "piemel:item/target",
		"particle": "piemel:item/target"
	},
	"elements": [
		{
			"from": [-7, 0, -7],
			"to": [23, 0, 23],
			"faces": {
				"north": {"uv": [0, 0, 16, 16], "texture": "#0"},
				"east": {"uv": [0, 0, 16, 16], "texture": "#0"},
				"south": {"uv": [0, 0, 16, 16], "texture": "#0"},
				"west": {"uv": [0, 0, 16, 16], "texture": "#0"},
				"up": {"uv": [0, 0, 16, 16], "rotation": 180, "texture": "#0"},
				"down": {"uv": [0, 0, 16, 16], "texture": "#0"}
			}
		}
	],
	"gui_light": "front",
	"display": {
		"gui": {
			"rotation": [90, 180, 0]
		},
		"head": {
			"rotation": [90, 180, 0],
			"translation": [0.25, -4.5, 2.25],
			"scale": [0.3, 0.3, 0.3]
		}
	}
}