{
	"textures": {
		"1": "kello:item/interactable/thrown/stellar"
	},
	"elements": [
		{
			"from": [
				2.75,
				8,
				7.785714285714286
			],
			"to": [
				13.25,
				32,
				9.5
			],
			"faces": {
				"north": {
					"uv": [
						1.125,
						0,
						2.875,
						4
					],
					"texture": "#1"
				},
				"east": {
					"uv": [
						0.5,
						0,
						1,
						4
					],
					"texture": "#1"
				},
				"south": {
					"uv": [
						2.875,
						0,
						1.125,
						4
					],
					"texture": "#1"
				},
				"west": {
					"uv": [
						3,
						0,
						3.5,
						4
					],
					"texture": "#1"
				},
				"up": {
					"uv": [
						3.5,
						0.5,
						1.75,
						0
					],
					"texture": "#1"
				},
				"down": {
					"uv": [
						1.875,
						4,
						0.125,
						3.5
					],
					"texture": "#1"
				}
			}
		}
	],
	"display": {
		"head": {
			"rotation": [
				0,
				180,
				0
			]
		}
	}
}