{
	"textures": {
		"1": "kello:item/decal/small_decwheel_1",
		"2": "kello:item/decal/small_decwheel_3"
	},
	"elements": [
		{
			"from": [
				6.5,
				2.375,
				6.5
			],
			"to": [
				9.5,
				14.375,
				9.5
			],
			"rotation": {
				"angle": 0,
				"axis": "y",
				"origin": [
					7.25,
					8,
					7.25
				]
			},
			"faces": {
				"north": {
					"uv": [
						2,
						0,
						2.5,
						2
					],
					"texture": "#1"
				},
				"east": {
					"uv": [
						2,
						2,
						2.5,
						4
					],
					"texture": "#1"
				},
				"south": {
					"uv": [
						0,
						2.25,
						0.5,
						4.25
					],
					"texture": "#1"
				},
				"west": {
					"uv": [
						0.5,
						2.25,
						1,
						4.25
					],
					"texture": "#1"
				},
				"up": {
					"uv": [
						3.875,
						2.625,
						3.375,
						2.125
					],
					"texture": "#1"
				},
				"down": {
					"uv": [
						4,
						2.625,
						3.5,
						3.125
					],
					"texture": "#1"
				}
			}
		},
		{
			"from": [
				9.787012574273817,
				11.375,
				6.4429096493834646
			],
			"to": [
				9.787012574273817,
				12.875,
				7.9429096493834646
			],
			"rotation": {
				"angle": -22.5,
				"axis": "y",
				"origin": [
					9.5,
					7.625,
					7.25
				]
			},
			"faces": {
				"east": {
					"uv": [
						2,
						3.5,
						2.25,
						3.75
					],
					"rotation": 270,
					"texture": "#2"
				},
				"west": {
					"uv": [
						2.25,
						3.75,
						2,
						3.5
					],
					"rotation": 270,
					"texture": "#2"
				}
			}
		},
		{
			"from": [
				6.5,
				11.375,
				5.75
			],
			"to": [
				6.5,
				12.875,
				7.25
			],
			"rotation": {
				"angle": 22.5,
				"axis": "y",
				"origin": [
					6.5,
					7.625,
					7.25
				]
			},
			"faces": {
				"east": {
					"uv": [
						2.25,
						3.5,
						2,
						3.75
					],
					"rotation": 270,
					"texture": "#2"
				},
				"west": {
					"uv": [
						2.25,
						3.75,
						2,
						3.5
					],
					"rotation": 270,
					"texture": "#2"
				}
			}
		},
		{
			"from": [
				6.672207544564291,
				6.125,
				5.334254210369921
			],
			"to": [
				6.672207544564291,
				7.625000000000001,
				6.834254210369921
			],
			"rotation": {
				"angle": 22.5,
				"axis": "y",
				"origin": [
					6.5,
					7.625,
					7.25
				]
			},
			"faces": {
				"east": {
					"uv": [
						2.25,
						3.5,
						2,
						3.75
					],
					"rotation": 270,
					"texture": "#2"
				},
				"west": {
					"uv": [
						2.25,
						3.75,
						2,
						3.5
					],
					"rotation": 270,
					"texture": "#2"
				}
			}
		},
		{
			"from": [
				6.836514503590528,
				10.475,
				10.712104740535171
			],
			"to": [
				8.336514503590527,
				11.975000000000001,
				10.712104740535171
			],
			"rotation": {
				"angle": -22.5,
				"axis": "y",
				"origin": [
					9.787012574273817,
					12.125,
					9.557090350616534
				]
			},
			"faces": {
				"north": {
					"uv": [
						2.25,
						3.75,
						2,
						3.5
					],
					"rotation": 270,
					"texture": "#2"
				},
				"south": {
					"uv": [
						2,
						3.5,
						2.25,
						3.75
					],
					"rotation": 270,
					"texture": "#2"
				}
			}
		},
		{
			"from": [
				5.522648100198619,
				5.150000000000001,
				9.351571489205808
			],
			"to": [
				7.022648100198619,
				6.650000000000003,
				9.351571489205808
			],
			"rotation": {
				"angle": 22.5,
				"axis": "y",
				"origin": [
					7.312012574273817,
					4.475000000000002,
					9.782090350616533
				]
			},
			"faces": {
				"north": {
					"uv": [
						2,
						3.5,
						2.25,
						3.75
					],
					"rotation": 270,
					"texture": "#2"
				},
				"south": {
					"uv": [
						2.25,
						3.75,
						2,
						3.5
					],
					"rotation": 270,
					"texture": "#2"
				}
			}
		},
		{
			"from": [
				8.776661521864229,
				7.475,
				9.908469532568482
			],
			"to": [
				10.27666152186423,
				8.975000000000001,
				9.908469532568482
			],
			"rotation": {
				"angle": -22.5,
				"axis": "y",
				"origin": [
					9.787012574273817,
					12.125,
					9.557090350616534
				]
			},
			"faces": {
				"north": {
					"uv": [
						2.25,
						3.75,
						2,
						3.5
					],
					"rotation": 270,
					"texture": "#2"
				},
				"south": {
					"uv": [
						2.25,
						3.5,
						2,
						3.75
					],
					"rotation": 270,
					"texture": "#2"
				}
			}
		},
		{
			"from": [
				6.931778186378305,
				4.774999999999998,
				5.539556781329059
			],
			"to": [
				8.431778186378306,
				6.2749999999999995,
				5.539556781329059
			],
			"rotation": {
				"angle": 22.5,
				"axis": "y",
				"origin": [
					9.412012574273817,
					7.774999999999997,
					5.282090350616535
				]
			},
			"faces": {
				"north": {
					"uv": [
						2,
						3.75,
						2.25,
						3.5
					],
					"rotation": 270,
					"texture": "#2"
				},
				"south": {
					"uv": [
						2,
						3.5,
						2.25,
						3.75
					],
					"rotation": 270,
					"texture": "#2"
				}
			}
		},
		{
			"from": [
				7.219102924890351,
				9.274999999999997,
				6.469102924890352
			],
			"to": [
				8.719102924890354,
				10.774999999999999,
				6.469102924890352
			],
			"rotation": {
				"angle": -22.5,
				"axis": "y",
				"origin": [
					8.662012574273817,
					12.274999999999997,
					6.1820903506165354
				]
			},
			"faces": {
				"north": {
					"uv": [
						2,
						3.5,
						2.25,
						3.75
					],
					"rotation": 270,
					"texture": "#2"
				},
				"south": {
					"uv": [
						2,
						3.75,
						2.25,
						3.5
					],
					"rotation": 270,
					"texture": "#2"
				}
			}
		},
		{
			"from": [
				9.5,
				3.125,
				5.75
			],
			"to": [
				9.5,
				4.625,
				7.25
			],
			"rotation": {
				"angle": -22.5,
				"axis": "y",
				"origin": [
					9.5,
					7.625,
					7.25
				]
			},
			"faces": {
				"east": {
					"uv": [
						2,
						3.5,
						2.25,
						3.75
					],
					"rotation": 270,
					"texture": "#2"
				},
				"west": {
					"uv": [
						2,
						3.75,
						2.25,
						3.5
					],
					"rotation": 270,
					"texture": "#2"
				}
			}
		},
		{
			"from": [
				8.86496111182864,
				-8.875,
				9.327948537554823
			],
			"to": [
				10.364961111828642,
				-7.375,
				9.327948537554823
			],
			"rotation": {
				"angle": -22.5,
				"axis": "y",
				"origin": [
					8.375,
					7.625,
					9.125
				]
			},
			"faces": {
				"north": {
					"uv": [
						2,
						3.75,
						2.25,
						3.5
					],
					"rotation": 270,
					"texture": "#2"
				},
				"south": {
					"uv": [
						2,
						3.5,
						2.25,
						3.75
					],
					"rotation": 270,
					"texture": "#2"
				}
			}
		},
		{
			"from": [
				6.499999999999999,
				-9.625,
				6.5
			],
			"to": [
				9.499999999999998,
				2.375,
				9.5
			],
			"rotation": {
				"angle": 0,
				"axis": "y",
				"origin": [
					8.375,
					8,
					6.875
				]
			},
			"faces": {
				"north": {
					"uv": [
						0.5,
						2.25,
						1,
						4.25
					],
					"texture": "#1"
				},
				"east": {
					"uv": [
						2,
						0,
						2.5,
						2
					],
					"texture": "#1"
				},
				"south": {
					"uv": [
						2,
						2,
						2.5,
						4
					],
					"texture": "#1"
				},
				"west": {
					"uv": [
						0,
						2.25,
						0.5,
						4.25
					],
					"texture": "#1"
				},
				"up": {
					"uv": [
						3.875,
						2.625,
						3.375,
						2.125
					],
					"rotation": 90,
					"texture": "#1"
				},
				"down": {
					"uv": [
						4,
						2.625,
						3.5,
						3.125
					],
					"rotation": 270,
					"texture": "#1"
				}
			}
		},
		{
			"from": [
				8.172051462445175,
				-0.6249999999999982,
				9.614961111828642
			],
			"to": [
				9.672051462445175,
				0.8750000000000018,
				9.614961111828642
			],
			"rotation": {
				"angle": -22.5,
				"axis": "y",
				"origin": [
					8.375,
					7.625,
					9.125
				]
			},
			"faces": {
				"north": {
					"uv": [
						2.25,
						3.75,
						2,
						3.5
					],
					"rotation": 270,
					"texture": "#2"
				},
				"south": {
					"uv": [
						2,
						3.5,
						2.25,
						3.75
					],
					"rotation": 270,
					"texture": "#2"
				}
			}
		},
		{
			"from": [
				8.577948537554823,
				-0.6249999999999982,
				6.614961111828641
			],
			"to": [
				10.077948537554825,
				0.8750000000000018,
				6.614961111828641
			],
			"rotation": {
				"angle": 22.5,
				"axis": "y",
				"origin": [
					8.375,
					7.625,
					6.125
				]
			},
			"faces": {
				"north": {
					"uv": [
						2.25,
						3.75,
						2,
						3.5
					],
					"rotation": 270,
					"texture": "#2"
				},
				"south": {
					"uv": [
						2.25,
						3.5,
						2,
						3.75
					],
					"rotation": 270,
					"texture": "#2"
				}
			}
		},
		{
			"from": [
				8.993694327184901,
				-5.875,
				6.7871686563929305
			],
			"to": [
				10.493694327184903,
				-4.3749999999999964,
				6.7871686563929305
			],
			"rotation": {
				"angle": 22.5,
				"axis": "y",
				"origin": [
					8.375,
					7.625,
					6.125
				]
			},
			"faces": {
				"north": {
					"uv": [
						2.25,
						3.75,
						2,
						3.5
					],
					"rotation": 270,
					"texture": "#2"
				},
				"south": {
					"uv": [
						2.25,
						3.5,
						2,
						3.75
					],
					"rotation": 270,
					"texture": "#2"
				}
			}
		},
		{
			"from": [
				5.4028563712934705,
				-1.5249999999999986,
				6.664463041145352
			],
			"to": [
				5.4028563712934705,
				-0.024999999999996803,
				8.164463041145353
			],
			"rotation": {
				"angle": -22.5,
				"axis": "y",
				"origin": [
					6.067909649383466,
					12.125,
					9.412012574273817
				]
			},
			"faces": {
				"east": {
					"uv": [
						2.25,
						3.75,
						2,
						3.5
					],
					"rotation": 270,
					"texture": "#2"
				},
				"west": {
					"uv": [
						2,
						3.5,
						2.25,
						3.75
					],
					"rotation": 270,
					"texture": "#2"
				}
			}
		},
		{
			"from": [
				6.476377048349015,
				-6.849999999999998,
				5.63760921202726
			],
			"to": [
				6.476377048349015,
				-5.349999999999994,
				7.13760921202726
			],
			"rotation": {
				"angle": 22.5,
				"axis": "y",
				"origin": [
					5.842909649383466,
					4.475000000000002,
					6.937012574273817
				]
			},
			"faces": {
				"east": {
					"uv": [
						2,
						3.5,
						2.25,
						3.75
					],
					"rotation": 270,
					"texture": "#2"
				},
				"west": {
					"uv": [
						2.25,
						3.75,
						2,
						3.5
					],
					"rotation": 270,
					"texture": "#2"
				}
			}
		},
		{
			"from": [
				6.20649157926016,
				-4.524999999999999,
				8.604610059419054
			],
			"to": [
				6.20649157926016,
				-3.024999999999997,
				10.104610059419054
			],
			"rotation": {
				"angle": -22.5,
				"axis": "y",
				"origin": [
					6.067909649383466,
					12.125,
					9.412012574273817
				]
			},
			"faces": {
				"east": {
					"uv": [
						2.25,
						3.75,
						2,
						3.5
					],
					"rotation": 270,
					"texture": "#2"
				},
				"west": {
					"uv": [
						2.25,
						3.5,
						2,
						3.75
					],
					"rotation": 270,
					"texture": "#2"
				}
			}
		},
		{
			"from": [
				10.288391756225765,
				-7.225000000000001,
				7.046739298206946
			],
			"to": [
				10.288391756225765,
				-5.725000000000001,
				8.546739298206946
			],
			"rotation": {
				"angle": 22.5,
				"axis": "y",
				"origin": [
					10.342909649383465,
					7.774999999999997,
					9.037012574273817
				]
			},
			"faces": {
				"east": {
					"uv": [
						2,
						3.75,
						2.25,
						3.5
					],
					"rotation": 270,
					"texture": "#2"
				},
				"west": {
					"uv": [
						2,
						3.5,
						2.25,
						3.75
					],
					"rotation": 270,
					"texture": "#2"
				}
			}
		},
		{
			"from": [
				9.645858186938288,
				-2.7250000000000014,
				7.047051462445176
			],
			"to": [
				9.645858186938288,
				-1.2250000000000014,
				8.547051462445179
			],
			"rotation": {
				"angle": -22.5,
				"axis": "y",
				"origin": [
					9.442909649383465,
					12.274999999999997,
					8.287012574273817
				]
			},
			"faces": {
				"east": {
					"uv": [
						2,
						3.5,
						2.25,
						3.75
					],
					"rotation": 270,
					"texture": "#2"
				},
				"west": {
					"uv": [
						2,
						3.75,
						2.25,
						3.5
					],
					"rotation": 270,
					"texture": "#2"
				}
			}
		}
	],
	"display": {
		"head": {
			"rotation": [
				0,
				180,
				0
			]
		}
	}
}