{
	"textures": {
		"0": "kello:item/decal/escapement/escapement"
	},
	"elements": [
		{
			"from": [
				6.5,
				-8.350000000000001,
				7
			],
			"to": [
				9.5,
				5.65,
				9
			],
			"rotation": {
				"angle": 0,
				"axis": "y",
				"origin": [
					7.5,
					7.65,
					8
				]
			},
			"faces": {
				"north": {
					"uv": [
						2.5,
						0,
						1.75,
						3.5
					],
					"texture": "#0"
				},
				"east": {
					"uv": [
						0.5,
						4.75,
						0,
						8.25
					],
					"texture": "#0"
				},
				"south": {
					"uv": [
						3.25,
						0,
						2.5,
						3.5
					],
					"texture": "#0"
				},
				"west": {
					"uv": [
						5,
						0,
						4.5,
						3.5
					],
					"texture": "#0"
				},
				"up": {
					"uv": [
						6.25,
						2,
						7,
						1.5
					],
					"texture": "#0"
				},
				"down": {
					"uv": [
						6.25,
						2,
						7,
						2.5
					],
					"texture": "#0"
				}
			}
		},
		{
			"from": [
				5.49497,
				-9.64792,
				6.75
			],
			"to": [
				10.49497,
				-4.647919999999999,
				9.25
			],
			"rotation": {
				"angle": 45,
				"axis": "z",
				"origin": [
					7.99497,
					-7.147919999999999,
					8
				]
			},
			"faces": {
				"north": {
					"uv": [
						6.25,
						0,
						5,
						1.25
					],
					"texture": "#0"
				},
				"east": {
					"uv": [
						4.5,
						5.5,
						3.75,
						6.75
					],
					"texture": "#0"
				},
				"south": {
					"uv": [
						6.25,
						1.25,
						5,
						2.5
					],
					"texture": "#0"
				},
				"west": {
					"uv": [
						3.75,
						5.5,
						3,
						6.75
					],
					"texture": "#0"
				},
				"up": {
					"uv": [
						4.5,
						6.25,
						5.75,
						5.5
					],
					"texture": "#0"
				},
				"down": {
					"uv": [
						5.75,
						5,
						7,
						5.75
					],
					"texture": "#0"
				}
			}
		},
		{
			"from": [
				-0.09999999999999964,
				-8.350000000000001,
				7
			],
			"to": [
				9.5,
				-5.35,
				9
			],
			"rotation": {
				"angle": 0,
				"axis": "y",
				"origin": [
					6,
					7.550000000000001,
					8
				]
			},
			"faces": {
				"north": {
					"uv": [
						6,
						3.5,
						3.5,
						4.25
					],
					"texture": "#0"
				},
				"east": {
					"uv": [
						5.5,
						6.25,
						5,
						7
					],
					"texture": "#0"
				},
				"south": {
					"uv": [
						6,
						4.25,
						3.5,
						5
					],
					"texture": "#0"
				},
				"west": {
					"uv": [
						5,
						6.25,
						4.5,
						7
					],
					"texture": "#0"
				},
				"up": {
					"uv": [
						5,
						3,
						7.5,
						2.5
					],
					"texture": "#0"
				},
				"down": {
					"uv": [
						3,
						5,
						5.5,
						5.5
					],
					"texture": "#0"
				}
			}
		},
		{
			"from": [
				-1.3086784989847615,
				-13.816869884123797,
				7.858637048611131
			],
			"to": [
				7.6913215010152385,
				-5.816869884123799,
				7.858637048611131
			],
			"rotation": {
				"angle": 22.5,
				"axis": "z",
				"origin": [
					6.226855406947979,
					-7.281335978191059,
					7.858637048611131
				]
			},
			"faces": {
				"north": {
					"uv": [
						13.75,
						0,
						11.5,
						2.0000000000000004
					],
					"rotation": 180,
					"texture": "#0"
				},
				"south": {
					"uv": [
						11.5,
						0,
						13.75,
						2.0000000000000004
					],
					"rotation": 180,
					"texture": "#0"
				}
			}
		}
	],
	"display": {
		"head": {
			"rotation": [
				0,
				180,
				0
			]
		}
	}
}