{
	"textures": {
		"0": "kello:item/interactable/thrown/stellar",
		"1": "kello:item/interactable/thrown/large_cogwheel_sun",
		"3": "kello:item/interactable/thrown/large_cogwheel"
	},
	"elements": [
		{
			"from": [
				0.026845637583892135,
				6.718601342281879,
				0.026845637583892135
			],
			"to": [
				15.973154362416107,
				9.235379865771812,
				15.973154362416107
			],
			"rotation": {
				"angle": 0,
				"axis": "y",
				"origin": [
					8,
					7.976990604026845,
					8
				]
			},
			"faces": {
				"north": {
					"uv": [
						5.25,
						2.875,
						8,
						3
					],
					"texture": "#3",
					"tintindex": 0
				},
				"east": {
					"uv": [
						5.25,
						2.875,
						8,
						3
					],
					"texture": "#3",
					"tintindex": 0
				},
				"south": {
					"uv": [
						5.25,
						2.875,
						8,
						3
					],
					"texture": "#3",
					"tintindex": 0
				},
				"west": {
					"uv": [
						5.25,
						2.875,
						8,
						3
					],
					"texture": "#3",
					"tintindex": 0
				},
				"up": {
					"uv": [
						2.75,
						2.75,
						0,
						0
					],
					"texture": "#3",
					"tintindex": 0
				},
				"down": {
					"uv": [
						2.75,
						0,
						0,
						2.75
					],
					"texture": "#3",
					"tintindex": 0
				}
			}
		},
		{
			"from": [
				5.100671140939597,
				5.993769127516778,
				2.201342281879194
			],
			"to": [
				10.899328859060404,
				9.960212080536913,
				5.100671140939597
			],
			"rotation": {
				"angle": 0,
				"axis": "y",
				"origin": [
					8,
					7.976990604026845,
					8
				]
			},
			"faces": {
				"south": {
					"uv": [
						2.5,
						3.25,
						1.5,
						2.625
					],
					"texture": "#0"
				},
				"up": {
					"uv": [
						2.5,
						2.625,
						1.5,
						3.125
					],
					"texture": "#0"
				},
				"down": {
					"uv": [
						2.5,
						2.625,
						1.5,
						3.125
					],
					"texture": "#0"
				}
			}
		},
		{
			"from": [
				5.100671140939597,
				5.993769127516778,
				10.899328859060404
			],
			"to": [
				10.899328859060404,
				9.960212080536913,
				13.798657718120806
			],
			"rotation": {
				"angle": 0,
				"axis": "y",
				"origin": [
					8,
					7.976990604026845,
					8
				]
			},
			"faces": {
				"north": {
					"uv": [
						1.5,
						1.125,
						2.5,
						1.75
					],
					"texture": "#0"
				},
				"up": {
					"uv": [
						2.5,
						1.625,
						1.5,
						1.125
					],
					"texture": "#0"
				},
				"down": {
					"uv": [
						2.5,
						1.125,
						1.5,
						1.625
					],
					"texture": "#0"
				}
			}
		},
		{
			"from": [
				10.899328859060404,
				5.993769127516778,
				2.201342281879194
			],
			"to": [
				15.248322147651006,
				9.960212080536913,
				13.798657718120806
			],
			"rotation": {
				"angle": 0,
				"axis": "y",
				"origin": [
					8,
					7.976990604026845,
					8
				]
			},
			"faces": {
				"north": {
					"uv": [
						5.75,
						1.125,
						6.5,
						1.5
					],
					"texture": "#0"
				},
				"east": {
					"uv": [
						1.375,
						3.125,
						0.75,
						1.125
					],
					"rotation": 90,
					"texture": "#0"
				},
				"south": {
					"uv": [
						5.75,
						1.125,
						6.5,
						1.5
					],
					"texture": "#0"
				},
				"west": {
					"uv": [
						1.25,
						1.125,
						0.75,
						3.125
					],
					"rotation": 90,
					"texture": "#0"
				},
				"up": {
					"uv": [
						1.5,
						3.125,
						0.75,
						1.125
					],
					"texture": "#0"
				},
				"down": {
					"uv": [
						1.5,
						1.125,
						0.75,
						3.125
					],
					"texture": "#0"
				}
			}
		},
		{
			"from": [
				0.7516778523489931,
				5.993769127516778,
				2.201342281879194
			],
			"to": [
				5.100671140939597,
				9.960212080536913,
				13.798657718120806
			],
			"rotation": {
				"angle": 0,
				"axis": "y",
				"origin": [
					8,
					7.976990604026845,
					8
				]
			},
			"faces": {
				"north": {
					"uv": [
						6.5,
						1.125,
						5.75,
						1.5
					],
					"texture": "#0"
				},
				"east": {
					"uv": [
						2.625,
						3.125,
						3.25,
						1.125
					],
					"rotation": 90,
					"texture": "#0"
				},
				"south": {
					"uv": [
						6.5,
						1.125,
						5.75,
						1.5
					],
					"texture": "#0"
				},
				"west": {
					"uv": [
						3.25,
						1.125,
						2.625,
						3.125
					],
					"rotation": 90,
					"texture": "#0"
				},
				"up": {
					"uv": [
						3.25,
						3.125,
						2.5,
						1.125
					],
					"texture": "#0"
				},
				"down": {
					"uv": [
						3.25,
						1.125,
						2.5,
						3.125
					],
					"texture": "#0"
				}
			}
		},
		{
			"from": [
				2.201342281879194,
				5.993769127516778,
				0.7516778523489931
			],
			"to": [
				13.798657718120806,
				9.960212080536913,
				2.201342281879194
			],
			"rotation": {
				"angle": 0,
				"axis": "y",
				"origin": [
					8,
					7.976990604026845,
					8
				]
			},
			"faces": {
				"north": {
					"uv": [
						1.125,
						3.75,
						2.875,
						3.125
					],
					"rotation": 180,
					"texture": "#0"
				},
				"east": {
					"uv": [
						2.75,
						5.375,
						3,
						5.75
					],
					"texture": "#0"
				},
				"south": {
					"uv": [
						0,
						0,
						0,
						0
					],
					"texture": "#0"
				},
				"west": {
					"uv": [
						5,
						5.375,
						5.25,
						5.75
					],
					"texture": "#0"
				},
				"up": {
					"uv": [
						1,
						3.125,
						3,
						3.375
					],
					"rotation": 180,
					"texture": "#0"
				},
				"down": {
					"uv": [
						1,
						3.375,
						3,
						3.125
					],
					"rotation": 180,
					"texture": "#0"
				}
			}
		},
		{
			"from": [
				2.201342281879194,
				5.993769127516778,
				13.798657718120806
			],
			"to": [
				13.798657718120806,
				9.960212080536913,
				15.248322147651006
			],
			"rotation": {
				"angle": 0,
				"axis": "y",
				"origin": [
					8,
					7.976990604026845,
					8
				]
			},
			"faces": {
				"north": {
					"uv": [
						0,
						0,
						0,
						0
					],
					"texture": "#0"
				},
				"east": {
					"uv": [
						5,
						5.375,
						5.25,
						5.75
					],
					"texture": "#0"
				},
				"south": {
					"uv": [
						2.75,
						1.5,
						1,
						0.875
					],
					"texture": "#0"
				},
				"west": {
					"uv": [
						2.75,
						5.375,
						3,
						5.75
					],
					"texture": "#0"
				},
				"up": {
					"uv": [
						3,
						1.125,
						1,
						0.875
					],
					"texture": "#0"
				},
				"down": {
					"uv": [
						3,
						0.875,
						1,
						1.125
					],
					"texture": "#0"
				}
			}
		},
		{
			"from": [
				5.100671140939597,
				8.430010738255033,
				10.899328859060404
			],
			"to": [
				10.899328859060404,
				10.040748993288592,
				13.798657718120806
			],
			"rotation": {
				"angle": 0,
				"axis": "y",
				"origin": [
					8,
					7.976990604026845,
					8
				]
			},
			"faces": {
				"up": {
					"uv": [
						1.75,
						0.75,
						0.75,
						0.25
					],
					"texture": "#1",
					"tintindex": 0
				},
				"down": {
					"uv": [
						0,
						0,
						0,
						0
					],
					"texture": "#1",
					"tintindex": 0
				}
			}
		},
		{
			"from": [
				10.899328859060404,
				8.430010738255033,
				2.201342281879194
			],
			"to": [
				15.248322147651006,
				10.040748993288592,
				13.798657718120806
			],
			"rotation": {
				"angle": 0,
				"axis": "y",
				"origin": [
					8,
					7.976990604026845,
					8
				]
			},
			"faces": {
				"up": {
					"uv": [
						0.75,
						2.25,
						0,
						0.25
					],
					"texture": "#1",
					"tintindex": 0
				},
				"down": {
					"uv": [
						0,
						0,
						0,
						0
					],
					"texture": "#1",
					"tintindex": 0
				}
			}
		},
		{
			"from": [
				5.100671140939597,
				8.430010738255033,
				2.201342281879194
			],
			"to": [
				10.899328859060404,
				10.040748993288592,
				5.100671140939597
			],
			"rotation": {
				"angle": 0,
				"axis": "y",
				"origin": [
					8,
					7.976990604026845,
					8
				]
			},
			"faces": {
				"up": {
					"uv": [
						1.75,
						2.25,
						0.75,
						1.75
					],
					"texture": "#1",
					"tintindex": 0
				},
				"down": {
					"uv": [
						0,
						0,
						0,
						0
					],
					"texture": "#1",
					"tintindex": 0
				}
			}
		},
		{
			"from": [
				0.7516778523489931,
				8.430010738255033,
				2.201342281879194
			],
			"to": [
				5.100671140939597,
				10.040748993288592,
				13.798657718120806
			],
			"rotation": {
				"angle": 0,
				"axis": "y",
				"origin": [
					8,
					7.976990604026845,
					8
				]
			},
			"faces": {
				"up": {
					"uv": [
						2.5,
						2.25,
						1.75,
						0.25
					],
					"texture": "#1",
					"tintindex": 0
				},
				"down": {
					"uv": [
						0,
						0,
						0,
						0
					],
					"texture": "#1",
					"tintindex": 0
				}
			}
		},
		{
			"from": [
				2.201342281879194,
				8.430010738255033,
				0.7516778523489931
			],
			"to": [
				13.798657718120806,
				10.040748993288592,
				2.201342281879194
			],
			"rotation": {
				"angle": 0,
				"axis": "y",
				"origin": [
					8,
					7.976990604026845,
					8
				]
			},
			"faces": {
				"up": {
					"uv": [
						0.25,
						2.25,
						2.25,
						2.5
					],
					"rotation": 180,
					"texture": "#1",
					"tintindex": 0
				},
				"down": {
					"uv": [
						0,
						0,
						0,
						0
					],
					"texture": "#1",
					"tintindex": 0
				}
			}
		},
		{
			"from": [
				2.201342281879194,
				8.430010738255033,
				13.798657718120806
			],
			"to": [
				13.798657718120806,
				10.040748993288592,
				15.248322147651006
			],
			"rotation": {
				"angle": 0,
				"axis": "y",
				"origin": [
					8,
					7.976990604026845,
					8
				]
			},
			"faces": {
				"up": {
					"uv": [
						2.25,
						0.25,
						0.25,
						0
					],
					"texture": "#1",
					"tintindex": 0
				},
				"down": {
					"uv": [
						0,
						0,
						0,
						0
					],
					"texture": "#1",
					"tintindex": 0
				}
			}
		},
		{
			"from": [
				0.7516778523489931,
				5.9333664429530195,
				2.201342281879194
			],
			"to": [
				5.100671140939597,
				7.544104697986577,
				13.798657718120806
			],
			"rotation": {
				"angle": 0,
				"axis": "y",
				"origin": [
					8,
					6.617930201342282,
					8
				]
			},
			"faces": {
				"up": {
					"uv": [
						0,
						0,
						0,
						0
					],
					"texture": "#1",
					"tintindex": 0
				},
				"down": {
					"uv": [
						0.75,
						2.25,
						0,
						0.25
					],
					"rotation": 180,
					"texture": "#1",
					"tintindex": 0
				}
			}
		},
		{
			"from": [
				5.100671140939597,
				5.9333664429530195,
				10.899328859060404
			],
			"to": [
				10.899328859060404,
				7.544104697986577,
				13.798657718120806
			],
			"rotation": {
				"angle": 0,
				"axis": "y",
				"origin": [
					8,
					6.617930201342282,
					8
				]
			},
			"faces": {
				"up": {
					"uv": [
						0,
						0,
						0,
						0
					],
					"texture": "#1",
					"tintindex": 0
				},
				"down": {
					"uv": [
						1.75,
						0.75,
						0.75,
						0.25
					],
					"rotation": 180,
					"texture": "#1",
					"tintindex": 0
				}
			}
		},
		{
			"from": [
				5.100671140939597,
				5.9333664429530195,
				2.201342281879194
			],
			"to": [
				10.899328859060404,
				7.544104697986577,
				5.100671140939597
			],
			"rotation": {
				"angle": 0,
				"axis": "y",
				"origin": [
					8,
					6.617930201342282,
					8
				]
			},
			"faces": {
				"up": {
					"uv": [
						0,
						0,
						0,
						0
					],
					"texture": "#1",
					"tintindex": 0
				},
				"down": {
					"uv": [
						1.75,
						2.25,
						0.75,
						1.75
					],
					"rotation": 180,
					"texture": "#1",
					"tintindex": 0
				}
			}
		},
		{
			"from": [
				10.899328859060404,
				5.9333664429530195,
				2.201342281879194
			],
			"to": [
				15.248322147651006,
				7.544104697986577,
				13.798657718120806
			],
			"rotation": {
				"angle": 0,
				"axis": "y",
				"origin": [
					8,
					6.617930201342282,
					8
				]
			},
			"faces": {
				"up": {
					"uv": [
						0,
						0,
						0,
						0
					],
					"texture": "#1",
					"tintindex": 0
				},
				"down": {
					"uv": [
						2.5,
						2.25,
						1.75,
						0.25
					],
					"rotation": 180,
					"texture": "#1",
					"tintindex": 0
				}
			}
		},
		{
			"from": [
				2.201342281879194,
				5.9333664429530195,
				0.7516778523489931
			],
			"to": [
				13.798657718120806,
				7.544104697986577,
				2.201342281879194
			],
			"rotation": {
				"angle": 0,
				"axis": "y",
				"origin": [
					8,
					6.617930201342282,
					8
				]
			},
			"faces": {
				"up": {
					"uv": [
						0,
						0,
						0,
						0
					],
					"texture": "#1",
					"tintindex": 0
				},
				"down": {
					"uv": [
						0.25,
						2.25,
						2.25,
						2.5
					],
					"texture": "#1",
					"tintindex": 0
				}
			}
		},
		{
			"from": [
				2.201342281879194,
				5.9333664429530195,
				13.798657718120806
			],
			"to": [
				13.798657718120806,
				7.544104697986577,
				15.248322147651006
			],
			"rotation": {
				"angle": 0,
				"axis": "y",
				"origin": [
					8,
					6.617930201342282,
					8
				]
			},
			"faces": {
				"up": {
					"uv": [
						0,
						0,
						0,
						0
					],
					"texture": "#1",
					"tintindex": 0
				},
				"down": {
					"uv": [
						2.25,
						0.25,
						0.25,
						0
					],
					"rotation": 180,
					"texture": "#1",
					"tintindex": 0
				}
			}
		},
		{
			"from": [
				6.89261744966443,
				6.255514093959731,
				-3.6174496644295324
			],
			"to": [
				9.10738255033557,
				9.718601342281879,
				1.476510067114094
			],
			"faces": {
				"north": {
					"uv": [
						7,
						1.875,
						7.5,
						1.5
					],
					"rotation": 270,
					"texture": "#3",
					"tintindex": 0
				},
				"east": {
					"uv": [
						7.75,
						1.875,
						8.25,
						1.125
					],
					"rotation": 270,
					"texture": "#3",
					"tintindex": 0
				},
				"south": {
					"uv": [
						7,
						1.875,
						7.5,
						1.5
					],
					"rotation": 270,
					"texture": "#3",
					"tintindex": 0
				},
				"west": {
					"uv": [
						7.75,
						1.125,
						8.25,
						1.875
					],
					"rotation": 270,
					"texture": "#3",
					"tintindex": 0
				},
				"up": {
					"uv": [
						7.75,
						1.125,
						7,
						1.5
					],
					"rotation": 270,
					"texture": "#3",
					"tintindex": 0
				},
				"down": {
					"uv": [
						7.75,
						1.125,
						7,
						1.5
					],
					"rotation": 90,
					"texture": "#3",
					"tintindex": 0
				}
			}
		},
		{
			"from": [
				6.89261744966443,
				6.255514093959731,
				-3.6174496644295324
			],
			"to": [
				9.10738255033557,
				9.718601342281879,
				1.476510067114094
			],
			"rotation": {
				"angle": -22.5,
				"axis": "y",
				"origin": [
					8,
					7.987057718120806,
					8
				]
			},
			"faces": {
				"north": {
					"uv": [
						7,
						1.875,
						7.5,
						1.5
					],
					"rotation": 270,
					"texture": "#3",
					"tintindex": 0
				},
				"east": {
					"uv": [
						7.75,
						1.875,
						8.25,
						1.125
					],
					"rotation": 270,
					"texture": "#3",
					"tintindex": 0
				},
				"south": {
					"uv": [
						7,
						1.875,
						7.5,
						1.5
					],
					"rotation": 270,
					"texture": "#3",
					"tintindex": 0
				},
				"west": {
					"uv": [
						7.75,
						1.125,
						8.25,
						1.875
					],
					"rotation": 270,
					"texture": "#3",
					"tintindex": 0
				},
				"up": {
					"uv": [
						7.75,
						1.125,
						7,
						1.5
					],
					"rotation": 270,
					"texture": "#3",
					"tintindex": 0
				},
				"down": {
					"uv": [
						7.75,
						1.125,
						7,
						1.5
					],
					"rotation": 90,
					"texture": "#3",
					"tintindex": 0
				}
			}
		},
		{
			"from": [
				14.523489932885905,
				6.255514093959731,
				6.89261744966443
			],
			"to": [
				19.617449664429532,
				9.718601342281879,
				9.10738255033557
			],
			"rotation": {
				"angle": 45,
				"axis": "y",
				"origin": [
					8,
					7.987057718120806,
					8
				]
			},
			"faces": {
				"north": {
					"uv": [
						7.75,
						1.125,
						8.25,
						1.875
					],
					"rotation": 270,
					"texture": "#3",
					"tintindex": 0
				},
				"east": {
					"uv": [
						7,
						1.875,
						7.5,
						1.5
					],
					"rotation": 270,
					"texture": "#3",
					"tintindex": 0
				},
				"south": {
					"uv": [
						7.75,
						1.875,
						8.25,
						1.125
					],
					"rotation": 270,
					"texture": "#3",
					"tintindex": 0
				},
				"west": {
					"uv": [
						7,
						1.875,
						7.5,
						1.5
					],
					"rotation": 270,
					"texture": "#3",
					"tintindex": 0
				},
				"up": {
					"uv": [
						7.75,
						1.125,
						7,
						1.5
					],
					"texture": "#3",
					"tintindex": 0
				},
				"down": {
					"uv": [
						7.75,
						1.125,
						7,
						1.5
					],
					"texture": "#3",
					"tintindex": 0
				}
			}
		},
		{
			"from": [
				14.523489932885905,
				6.255514093959731,
				6.89261744966443
			],
			"to": [
				19.617449664429532,
				9.718601342281879,
				9.10738255033557
			],
			"rotation": {
				"angle": 22.5,
				"axis": "y",
				"origin": [
					8,
					7.987057718120806,
					8
				]
			},
			"faces": {
				"north": {
					"uv": [
						7.75,
						1.125,
						8.25,
						1.875
					],
					"rotation": 270,
					"texture": "#3",
					"tintindex": 0
				},
				"east": {
					"uv": [
						7,
						1.875,
						7.5,
						1.5
					],
					"rotation": 270,
					"texture": "#3",
					"tintindex": 0
				},
				"south": {
					"uv": [
						7.75,
						1.875,
						8.25,
						1.125
					],
					"rotation": 270,
					"texture": "#3",
					"tintindex": 0
				},
				"west": {
					"uv": [
						7,
						1.875,
						7.5,
						1.5
					],
					"rotation": 270,
					"texture": "#3",
					"tintindex": 0
				},
				"up": {
					"uv": [
						7.75,
						1.125,
						7,
						1.5
					],
					"texture": "#3",
					"tintindex": 0
				},
				"down": {
					"uv": [
						7.75,
						1.125,
						7,
						1.5
					],
					"texture": "#3",
					"tintindex": 0
				}
			}
		},
		{
			"from": [
				14.523489932885905,
				6.255514093959731,
				6.89261744966443
			],
			"to": [
				19.617449664429532,
				9.718601342281879,
				9.10738255033557
			],
			"faces": {
				"north": {
					"uv": [
						7.75,
						1.125,
						8.25,
						1.875
					],
					"rotation": 270,
					"texture": "#3",
					"tintindex": 0
				},
				"east": {
					"uv": [
						7,
						1.875,
						7.5,
						1.5
					],
					"rotation": 270,
					"texture": "#3",
					"tintindex": 0
				},
				"south": {
					"uv": [
						7.75,
						1.875,
						8.25,
						1.125
					],
					"rotation": 270,
					"texture": "#3",
					"tintindex": 0
				},
				"west": {
					"uv": [
						7,
						1.875,
						7.5,
						1.5
					],
					"rotation": 270,
					"texture": "#3",
					"tintindex": 0
				},
				"up": {
					"uv": [
						7.75,
						1.125,
						7,
						1.5
					],
					"texture": "#3",
					"tintindex": 0
				},
				"down": {
					"uv": [
						7.75,
						1.125,
						7,
						1.5
					],
					"texture": "#3",
					"tintindex": 0
				}
			}
		},
		{
			"from": [
				14.523489932885905,
				6.255514093959731,
				6.89261744966443
			],
			"to": [
				19.617449664429532,
				9.718601342281879,
				9.10738255033557
			],
			"rotation": {
				"angle": -22.5,
				"axis": "y",
				"origin": [
					8,
					7.987057718120806,
					8
				]
			},
			"faces": {
				"north": {
					"uv": [
						7.75,
						1.125,
						8.25,
						1.875
					],
					"rotation": 270,
					"texture": "#3",
					"tintindex": 0
				},
				"east": {
					"uv": [
						7,
						1.875,
						7.5,
						1.5
					],
					"rotation": 270,
					"texture": "#3",
					"tintindex": 0
				},
				"south": {
					"uv": [
						7.75,
						1.875,
						8.25,
						1.125
					],
					"rotation": 270,
					"texture": "#3",
					"tintindex": 0
				},
				"west": {
					"uv": [
						7,
						1.875,
						7.5,
						1.5
					],
					"rotation": 270,
					"texture": "#3",
					"tintindex": 0
				},
				"up": {
					"uv": [
						7.75,
						1.125,
						7,
						1.5
					],
					"texture": "#3",
					"tintindex": 0
				},
				"down": {
					"uv": [
						7.75,
						1.125,
						7,
						1.5
					],
					"texture": "#3",
					"tintindex": 0
				}
			}
		},
		{
			"from": [
				6.89261744966443,
				6.255514093959731,
				14.523489932885905
			],
			"to": [
				9.10738255033557,
				9.718601342281879,
				19.617449664429532
			],
			"rotation": {
				"angle": 45,
				"axis": "y",
				"origin": [
					8,
					7.987057718120806,
					8
				]
			},
			"faces": {
				"north": {
					"uv": [
						7,
						1.875,
						7.5,
						1.5
					],
					"rotation": 270,
					"texture": "#3",
					"tintindex": 0
				},
				"east": {
					"uv": [
						7.75,
						1.125,
						8.25,
						1.875
					],
					"rotation": 270,
					"texture": "#3",
					"tintindex": 0
				},
				"south": {
					"uv": [
						7,
						1.875,
						7.5,
						1.5
					],
					"rotation": 270,
					"texture": "#3",
					"tintindex": 0
				},
				"west": {
					"uv": [
						7.75,
						1.875,
						8.25,
						1.125
					],
					"rotation": 270,
					"texture": "#3",
					"tintindex": 0
				},
				"up": {
					"uv": [
						7.75,
						1.125,
						7,
						1.5
					],
					"rotation": 90,
					"texture": "#3",
					"tintindex": 0
				},
				"down": {
					"uv": [
						7.75,
						1.125,
						7,
						1.5
					],
					"rotation": 270,
					"texture": "#3",
					"tintindex": 0
				}
			}
		},
		{
			"from": [
				6.89261744966443,
				6.255514093959731,
				14.523489932885905
			],
			"to": [
				9.10738255033557,
				9.718601342281879,
				19.617449664429532
			],
			"rotation": {
				"angle": 22.5,
				"axis": "y",
				"origin": [
					8,
					7.987057718120806,
					8
				]
			},
			"faces": {
				"north": {
					"uv": [
						7,
						1.875,
						7.5,
						1.5
					],
					"rotation": 270,
					"texture": "#3",
					"tintindex": 0
				},
				"east": {
					"uv": [
						7.75,
						1.125,
						8.25,
						1.875
					],
					"rotation": 270,
					"texture": "#3",
					"tintindex": 0
				},
				"south": {
					"uv": [
						7,
						1.875,
						7.5,
						1.5
					],
					"rotation": 270,
					"texture": "#3",
					"tintindex": 0
				},
				"west": {
					"uv": [
						7.75,
						1.875,
						8.25,
						1.125
					],
					"rotation": 270,
					"texture": "#3",
					"tintindex": 0
				},
				"up": {
					"uv": [
						7.75,
						1.125,
						7,
						1.5
					],
					"rotation": 90,
					"texture": "#3",
					"tintindex": 0
				},
				"down": {
					"uv": [
						7.75,
						1.125,
						7,
						1.5
					],
					"rotation": 270,
					"texture": "#3",
					"tintindex": 0
				}
			}
		},
		{
			"from": [
				6.89261744966443,
				6.255514093959731,
				14.523489932885905
			],
			"to": [
				9.10738255033557,
				9.718601342281879,
				19.617449664429532
			],
			"faces": {
				"north": {
					"uv": [
						7,
						1.875,
						7.5,
						1.5
					],
					"rotation": 270,
					"texture": "#3",
					"tintindex": 0
				},
				"east": {
					"uv": [
						7.75,
						1.125,
						8.25,
						1.875
					],
					"rotation": 270,
					"texture": "#3",
					"tintindex": 0
				},
				"south": {
					"uv": [
						7,
						1.875,
						7.5,
						1.5
					],
					"rotation": 270,
					"texture": "#3",
					"tintindex": 0
				},
				"west": {
					"uv": [
						7.75,
						1.875,
						8.25,
						1.125
					],
					"rotation": 270,
					"texture": "#3",
					"tintindex": 0
				},
				"up": {
					"uv": [
						7.75,
						1.125,
						7,
						1.5
					],
					"rotation": 90,
					"texture": "#3",
					"tintindex": 0
				},
				"down": {
					"uv": [
						7.75,
						1.125,
						7,
						1.5
					],
					"rotation": 270,
					"texture": "#3",
					"tintindex": 0
				}
			}
		},
		{
			"from": [
				6.89261744966443,
				6.255514093959731,
				14.523489932885905
			],
			"to": [
				9.10738255033557,
				9.718601342281879,
				19.617449664429532
			],
			"rotation": {
				"angle": -22.5,
				"axis": "y",
				"origin": [
					8,
					7.987057718120806,
					8
				]
			},
			"faces": {
				"north": {
					"uv": [
						7,
						1.875,
						7.5,
						1.5
					],
					"rotation": 270,
					"texture": "#3",
					"tintindex": 0
				},
				"east": {
					"uv": [
						7.75,
						1.125,
						8.25,
						1.875
					],
					"rotation": 270,
					"texture": "#3",
					"tintindex": 0
				},
				"south": {
					"uv": [
						7,
						1.875,
						7.5,
						1.5
					],
					"rotation": 270,
					"texture": "#3",
					"tintindex": 0
				},
				"west": {
					"uv": [
						7.75,
						1.875,
						8.25,
						1.125
					],
					"rotation": 270,
					"texture": "#3",
					"tintindex": 0
				},
				"up": {
					"uv": [
						7.75,
						1.125,
						7,
						1.5
					],
					"rotation": 90,
					"texture": "#3",
					"tintindex": 0
				},
				"down": {
					"uv": [
						7.75,
						1.125,
						7,
						1.5
					],
					"rotation": 270,
					"texture": "#3",
					"tintindex": 0
				}
			}
		},
		{
			"from": [
				-3.6174496644295324,
				6.255514093959731,
				6.89261744966443
			],
			"to": [
				1.476510067114094,
				9.718601342281879,
				9.10738255033557
			],
			"rotation": {
				"angle": 45,
				"axis": "y",
				"origin": [
					8,
					7.987057718120806,
					8
				]
			},
			"faces": {
				"north": {
					"uv": [
						7.75,
						1.875,
						8.25,
						1.125
					],
					"rotation": 270,
					"texture": "#3",
					"tintindex": 0
				},
				"east": {
					"uv": [
						7,
						1.875,
						7.5,
						1.5
					],
					"rotation": 270,
					"texture": "#3",
					"tintindex": 0
				},
				"south": {
					"uv": [
						7.75,
						1.125,
						8.25,
						1.875
					],
					"rotation": 270,
					"texture": "#3",
					"tintindex": 0
				},
				"west": {
					"uv": [
						7,
						1.875,
						7.5,
						1.5
					],
					"rotation": 270,
					"texture": "#3",
					"tintindex": 0
				},
				"up": {
					"uv": [
						7.75,
						1.125,
						7,
						1.5
					],
					"rotation": 180,
					"texture": "#3",
					"tintindex": 0
				},
				"down": {
					"uv": [
						7.75,
						1.125,
						7,
						1.5
					],
					"rotation": 180,
					"texture": "#3",
					"tintindex": 0
				}
			}
		},
		{
			"from": [
				6.89261744966443,
				6.255514093959731,
				-3.6174496644295324
			],
			"to": [
				9.10738255033557,
				9.718601342281879,
				1.476510067114094
			],
			"rotation": {
				"angle": 22.5,
				"axis": "y",
				"origin": [
					8,
					7.987057718120806,
					8
				]
			},
			"faces": {
				"north": {
					"uv": [
						7,
						1.875,
						7.5,
						1.5
					],
					"rotation": 270,
					"texture": "#3",
					"tintindex": 0
				},
				"east": {
					"uv": [
						7.75,
						1.875,
						8.25,
						1.125
					],
					"rotation": 270,
					"texture": "#3",
					"tintindex": 0
				},
				"south": {
					"uv": [
						7,
						1.875,
						7.5,
						1.5
					],
					"rotation": 270,
					"texture": "#3",
					"tintindex": 0
				},
				"west": {
					"uv": [
						7.75,
						1.125,
						8.25,
						1.875
					],
					"rotation": 270,
					"texture": "#3",
					"tintindex": 0
				},
				"up": {
					"uv": [
						7.75,
						1.125,
						7,
						1.5
					],
					"rotation": 270,
					"texture": "#3",
					"tintindex": 0
				},
				"down": {
					"uv": [
						7.75,
						1.125,
						7,
						1.5
					],
					"rotation": 90,
					"texture": "#3",
					"tintindex": 0
				}
			}
		},
		{
			"from": [
				-3.6174496644295324,
				6.255514093959731,
				6.89261744966443
			],
			"to": [
				1.476510067114094,
				9.718601342281879,
				9.10738255033557
			],
			"rotation": {
				"angle": -22.5,
				"axis": "y",
				"origin": [
					8,
					7.987057718120806,
					8
				]
			},
			"faces": {
				"north": {
					"uv": [
						7.75,
						1.875,
						8.25,
						1.125
					],
					"rotation": 270,
					"texture": "#3",
					"tintindex": 0
				},
				"east": {
					"uv": [
						7,
						1.875,
						7.5,
						1.5
					],
					"rotation": 270,
					"texture": "#3",
					"tintindex": 0
				},
				"south": {
					"uv": [
						7.75,
						1.125,
						8.25,
						1.875
					],
					"rotation": 270,
					"texture": "#3",
					"tintindex": 0
				},
				"west": {
					"uv": [
						7,
						1.875,
						7.5,
						1.5
					],
					"rotation": 270,
					"texture": "#3",
					"tintindex": 0
				},
				"up": {
					"uv": [
						7.75,
						1.125,
						7,
						1.5
					],
					"rotation": 180,
					"texture": "#3",
					"tintindex": 0
				},
				"down": {
					"uv": [
						7.75,
						1.125,
						7,
						1.5
					],
					"rotation": 180,
					"texture": "#3",
					"tintindex": 0
				}
			}
		},
		{
			"from": [
				-3.6174496644295324,
				6.255514093959731,
				6.89261744966443
			],
			"to": [
				1.476510067114094,
				9.718601342281879,
				9.10738255033557
			],
			"faces": {
				"north": {
					"uv": [
						7.75,
						1.875,
						8.25,
						1.125
					],
					"rotation": 270,
					"texture": "#3",
					"tintindex": 0
				},
				"east": {
					"uv": [
						7,
						1.875,
						7.5,
						1.5
					],
					"rotation": 270,
					"texture": "#3",
					"tintindex": 0
				},
				"south": {
					"uv": [
						7.75,
						1.125,
						8.25,
						1.875
					],
					"rotation": 270,
					"texture": "#3",
					"tintindex": 0
				},
				"west": {
					"uv": [
						7,
						1.875,
						7.5,
						1.5
					],
					"rotation": 270,
					"texture": "#3",
					"tintindex": 0
				},
				"up": {
					"uv": [
						7.75,
						1.125,
						7,
						1.5
					],
					"rotation": 180,
					"texture": "#3",
					"tintindex": 0
				},
				"down": {
					"uv": [
						7.75,
						1.125,
						7,
						1.5
					],
					"rotation": 180,
					"texture": "#3",
					"tintindex": 0
				}
			}
		},
		{
			"from": [
				-3.6174496644295324,
				6.255514093959731,
				6.89261744966443
			],
			"to": [
				1.476510067114094,
				9.718601342281879,
				9.10738255033557
			],
			"rotation": {
				"angle": 22.5,
				"axis": "y",
				"origin": [
					8,
					7.987057718120806,
					8
				]
			},
			"faces": {
				"north": {
					"uv": [
						7.75,
						1.875,
						8.25,
						1.125
					],
					"rotation": 270,
					"texture": "#3",
					"tintindex": 0
				},
				"east": {
					"uv": [
						7,
						1.875,
						7.5,
						1.5
					],
					"rotation": 270,
					"texture": "#3",
					"tintindex": 0
				},
				"south": {
					"uv": [
						7.75,
						1.125,
						8.25,
						1.875
					],
					"rotation": 270,
					"texture": "#3",
					"tintindex": 0
				},
				"west": {
					"uv": [
						7,
						1.875,
						7.5,
						1.5
					],
					"rotation": 270,
					"texture": "#3",
					"tintindex": 0
				},
				"up": {
					"uv": [
						7.75,
						1.125,
						7,
						1.5
					],
					"rotation": 180,
					"texture": "#3",
					"tintindex": 0
				},
				"down": {
					"uv": [
						7.75,
						1.125,
						7,
						1.5
					],
					"rotation": 180,
					"texture": "#3",
					"tintindex": 0
				}
			}
		},
		{
			"from": [
				-3.6174496644295324,
				6.255514093959731,
				6.89261744966443
			],
			"to": [
				1.476510067114094,
				9.718601342281879,
				9.10738255033557
			],
			"rotation": {
				"angle": -45,
				"axis": "y",
				"origin": [
					8,
					7.987057718120806,
					8
				]
			},
			"faces": {
				"north": {
					"uv": [
						7.75,
						1.875,
						8.25,
						1.125
					],
					"rotation": 270,
					"texture": "#3",
					"tintindex": 0
				},
				"east": {
					"uv": [
						7,
						1.875,
						7.5,
						1.5
					],
					"rotation": 270,
					"texture": "#3",
					"tintindex": 0
				},
				"south": {
					"uv": [
						7.75,
						1.125,
						8.25,
						1.875
					],
					"rotation": 270,
					"texture": "#3",
					"tintindex": 0
				},
				"west": {
					"uv": [
						7,
						1.875,
						7.5,
						1.5
					],
					"rotation": 270,
					"texture": "#3",
					"tintindex": 0
				},
				"up": {
					"uv": [
						7.75,
						1.125,
						7,
						1.5
					],
					"rotation": 180,
					"texture": "#3",
					"tintindex": 0
				},
				"down": {
					"uv": [
						7.75,
						1.125,
						7,
						1.5
					],
					"rotation": 180,
					"texture": "#3",
					"tintindex": 0
				}
			}
		},
		{
			"from": [
				-3.5973154362416118,
				6.275648322147651,
				6.912751677852349
			],
			"to": [
				1.476510067114094,
				9.69846711409396,
				9.087248322147651
			],
			"rotation": {
				"angle": 45,
				"axis": "y",
				"origin": [
					8,
					7.987057718120806,
					8
				]
			},
			"faces": {
				"north": {
					"uv": [
						2.5,
						0.75,
						3.25,
						0.25
					],
					"texture": "#0"
				},
				"east": {
					"uv": [
						0,
						0,
						0,
						0
					],
					"texture": "#0"
				},
				"south": {
					"uv": [
						3.125,
						0.75,
						3.875,
						0.25
					],
					"texture": "#0"
				},
				"west": {
					"uv": [
						2.875,
						0.5,
						3.25,
						0
					],
					"texture": "#0"
				},
				"up": {
					"uv": [
						2.875,
						0,
						3.25,
						0.75
					],
					"rotation": 90,
					"texture": "#0"
				},
				"down": {
					"uv": [
						2.875,
						0,
						3.25,
						0.75
					],
					"rotation": 90,
					"texture": "#0"
				}
			}
		},
		{
			"from": [
				6.912751677852349,
				6.275648322147651,
				14.523489932885905
			],
			"to": [
				9.087248322147651,
				9.69846711409396,
				19.59731543624161
			],
			"rotation": {
				"angle": 22.5,
				"axis": "y",
				"origin": [
					8,
					7.987057718120806,
					8
				]
			},
			"faces": {
				"north": {
					"uv": [
						0,
						0,
						0,
						0
					],
					"texture": "#0"
				},
				"east": {
					"uv": [
						0.75,
						0.875,
						1.5,
						1.375
					],
					"texture": "#0"
				},
				"south": {
					"uv": [
						1.125,
						1.125,
						0.625,
						0.75
					],
					"rotation": 90,
					"texture": "#0"
				},
				"west": {
					"uv": [
						0.25,
						0.125,
						1,
						0.625
					],
					"texture": "#0"
				},
				"up": {
					"uv": [
						0.375,
						0.75,
						1.25,
						0.375
					],
					"rotation": 90,
					"texture": "#0"
				},
				"down": {
					"uv": [
						0.375,
						0.75,
						1.25,
						0.375
					],
					"rotation": 90,
					"texture": "#0"
				}
			}
		},
		{
			"from": [
				6.912751677852349,
				6.275648322147651,
				14.523489932885905
			],
			"to": [
				9.087248322147651,
				9.69846711409396,
				19.59731543624161
			],
			"faces": {
				"north": {
					"uv": [
						0,
						0,
						0,
						0
					],
					"texture": "#0"
				},
				"east": {
					"uv": [
						2.375,
						0.5,
						1.625,
						1
					],
					"texture": "#0"
				},
				"south": {
					"uv": [
						2.25,
						0,
						1.875,
						0.5
					],
					"texture": "#0"
				},
				"west": {
					"uv": [
						2.875,
						0.125,
						2.125,
						0.625
					],
					"texture": "#0"
				},
				"up": {
					"uv": [
						2.25,
						0.75,
						1.875,
						0
					],
					"texture": "#0"
				},
				"down": {
					"uv": [
						2.25,
						0,
						1.875,
						0.75
					],
					"texture": "#0"
				}
			}
		},
		{
			"from": [
				6.912751677852349,
				6.275648322147651,
				14.523489932885905
			],
			"to": [
				9.087248322147651,
				9.69846711409396,
				19.59731543624161
			],
			"rotation": {
				"angle": -22.5,
				"axis": "y",
				"origin": [
					8,
					7.987057718120806,
					8
				]
			},
			"faces": {
				"north": {
					"uv": [
						0,
						0,
						0,
						0
					],
					"texture": "#0"
				},
				"east": {
					"uv": [
						3.25,
						0.625,
						4,
						1.125
					],
					"texture": "#0"
				},
				"south": {
					"uv": [
						3.25,
						0.375,
						2.75,
						0.75
					],
					"rotation": 90,
					"texture": "#0"
				},
				"west": {
					"uv": [
						3.125,
						0.625,
						2.375,
						1.125
					],
					"rotation": 180,
					"texture": "#0"
				},
				"up": {
					"uv": [
						2.75,
						0.375,
						3.625,
						0.75
					],
					"rotation": 90,
					"texture": "#0"
				},
				"down": {
					"uv": [
						2.75,
						0.375,
						3.625,
						0.75
					],
					"rotation": 90,
					"texture": "#0"
				}
			}
		},
		{
			"from": [
				14.523489932885905,
				6.275648322147651,
				6.912751677852349
			],
			"to": [
				19.59731543624161,
				9.69846711409396,
				9.087248322147651
			],
			"rotation": {
				"angle": -45,
				"axis": "y",
				"origin": [
					8,
					7.987057718120806,
					8
				]
			},
			"faces": {
				"north": {
					"uv": [
						1,
						0.875,
						1.75,
						0.375
					],
					"texture": "#0"
				},
				"east": {
					"uv": [
						1.125,
						0.5,
						0.75,
						0
					],
					"texture": "#0"
				},
				"south": {
					"uv": [
						0.875,
						0.625,
						0.125,
						0.125
					],
					"texture": "#0"
				},
				"west": {
					"uv": [
						0,
						0,
						0,
						0
					],
					"texture": "#0"
				},
				"up": {
					"uv": [
						0.75,
						0.75,
						1.125,
						0
					],
					"rotation": 90,
					"texture": "#0"
				},
				"down": {
					"uv": [
						1.125,
						0,
						0.75,
						0.75
					],
					"rotation": 90,
					"texture": "#0"
				}
			}
		},
		{
			"from": [
				14.523489932885905,
				6.275648322147651,
				6.912751677852349
			],
			"to": [
				19.59731543624161,
				9.69846711409396,
				9.087248322147651
			],
			"rotation": {
				"angle": -22.5,
				"axis": "y",
				"origin": [
					8,
					7.987057718120806,
					8
				]
			},
			"faces": {
				"north": {
					"uv": [
						1,
						1.25,
						0.25,
						1.75
					],
					"texture": "#0"
				},
				"east": {
					"uv": [
						0.375,
						1.375,
						0.75,
						0.875
					],
					"texture": "#0"
				},
				"south": {
					"uv": [
						1.125,
						1.375,
						0.375,
						0.875
					],
					"texture": "#0"
				},
				"west": {
					"uv": [
						0,
						0,
						0,
						0
					],
					"texture": "#0"
				},
				"up": {
					"uv": [
						0.75,
						1.625,
						0.375,
						0.875
					],
					"rotation": 90,
					"texture": "#0"
				},
				"down": {
					"uv": [
						0.5,
						1.25,
						0.875,
						0.5
					],
					"rotation": 90,
					"texture": "#0"
				}
			}
		},
		{
			"from": [
				14.523489932885905,
				6.275648322147651,
				6.912751677852349
			],
			"to": [
				19.59731543624161,
				9.69846711409396,
				9.087248322147651
			],
			"faces": {
				"north": {
					"uv": [
						0,
						2.5,
						0.75,
						3
					],
					"texture": "#0"
				},
				"east": {
					"uv": [
						0.5,
						2.25,
						0,
						1.875
					],
					"rotation": 270,
					"texture": "#0"
				},
				"south": {
					"uv": [
						0.75,
						2.25,
						0,
						2.75
					],
					"texture": "#0"
				},
				"west": {
					"uv": [
						0,
						0,
						0,
						0
					],
					"texture": "#0"
				},
				"up": {
					"uv": [
						0,
						2.25,
						0.75,
						1.875
					],
					"rotation": 180,
					"texture": "#0"
				},
				"down": {
					"uv": [
						0.75,
						1.875,
						0,
						2.25
					],
					"rotation": 180,
					"texture": "#0"
				}
			}
		},
		{
			"from": [
				14.523489932885905,
				6.275648322147651,
				6.912751677852349
			],
			"to": [
				19.59731543624161,
				9.69846711409396,
				9.087248322147651
			],
			"rotation": {
				"angle": 22.5,
				"axis": "y",
				"origin": [
					8,
					7.987057718120806,
					8
				]
			},
			"faces": {
				"north": {
					"uv": [
						0.75,
						2.5,
						1.5,
						3
					],
					"texture": "#0"
				},
				"east": {
					"uv": [
						0.75,
						2.875,
						0.375,
						2.375
					],
					"rotation": 180,
					"texture": "#0"
				},
				"south": {
					"uv": [
						1,
						2.75,
						0.25,
						3.25
					],
					"texture": "#0"
				},
				"west": {
					"uv": [
						0,
						0,
						0,
						0
					],
					"texture": "#0"
				},
				"up": {
					"uv": [
						0.75,
						2.375,
						0.375,
						3.125
					],
					"rotation": 90,
					"texture": "#0"
				},
				"down": {
					"uv": [
						0.375,
						2.375,
						0.75,
						3.125
					],
					"rotation": 90,
					"texture": "#0"
				}
			}
		},
		{
			"from": [
				6.912751677852349,
				6.275648322147651,
				-3.5973154362416118
			],
			"to": [
				9.087248322147651,
				9.69846711409396,
				1.476510067114094
			],
			"rotation": {
				"angle": -45,
				"axis": "y",
				"origin": [
					8,
					7.987057718120806,
					8
				]
			},
			"faces": {
				"north": {
					"uv": [
						0.75,
						3.75,
						1.125,
						3.25
					],
					"rotation": 180,
					"texture": "#0"
				},
				"east": {
					"uv": [
						1.875,
						3.5,
						1.125,
						4
					],
					"texture": "#0"
				},
				"south": {
					"uv": [
						0,
						0,
						0,
						0
					],
					"texture": "#0"
				},
				"west": {
					"uv": [
						0.75,
						3.5,
						0,
						4
					],
					"texture": "#0"
				},
				"up": {
					"uv": [
						1.125,
						4,
						0.75,
						3.25
					],
					"rotation": 180,
					"texture": "#0"
				},
				"down": {
					"uv": [
						0.75,
						3.25,
						1.125,
						4
					],
					"texture": "#0"
				}
			}
		},
		{
			"from": [
				6.912751677852349,
				6.275648322147651,
				-3.5973154362416118
			],
			"to": [
				9.087248322147651,
				9.69846711409396,
				1.476510067114094
			],
			"rotation": {
				"angle": -22.5,
				"axis": "y",
				"origin": [
					8,
					7.987057718120806,
					8
				]
			},
			"faces": {
				"north": {
					"uv": [
						0.5,
						3.625,
						0,
						3.25
					],
					"rotation": 90,
					"texture": "#0"
				},
				"east": {
					"uv": [
						1.125,
						3.25,
						0.375,
						2.75
					],
					"texture": "#0"
				},
				"south": {
					"uv": [
						0,
						0,
						0,
						0
					],
					"texture": "#0"
				},
				"west": {
					"uv": [
						0.375,
						3.5,
						1.125,
						4
					],
					"texture": "#0"
				},
				"up": {
					"uv": [
						0.375,
						3.25,
						1.25,
						3.625
					],
					"rotation": 90,
					"texture": "#0"
				},
				"down": {
					"uv": [
						0.375,
						3.25,
						1.25,
						3.625
					],
					"rotation": 90,
					"texture": "#0"
				}
			}
		},
		{
			"from": [
				6.912751677852349,
				6.275648322147651,
				-3.5973154362416118
			],
			"to": [
				9.087248322147651,
				9.69846711409396,
				1.476510067114094
			],
			"faces": {
				"north": {
					"uv": [
						1.875,
						3.25,
						2.25,
						3.75
					],
					"texture": "#0"
				},
				"east": {
					"uv": [
						1.125,
						3.375,
						1.875,
						3.875
					],
					"texture": "#0"
				},
				"south": {
					"uv": [
						0,
						0,
						0,
						0
					],
					"texture": "#0"
				},
				"west": {
					"uv": [
						2.125,
						3.375,
						2.875,
						3.875
					],
					"texture": "#0"
				},
				"up": {
					"uv": [
						2.25,
						3.25,
						1.875,
						4
					],
					"texture": "#0"
				},
				"down": {
					"uv": [
						2.25,
						3.25,
						1.875,
						4
					],
					"texture": "#0"
				}
			}
		},
		{
			"from": [
				6.912751677852349,
				6.275648322147651,
				-3.5973154362416118
			],
			"to": [
				9.087248322147651,
				9.69846711409396,
				1.476510067114094
			],
			"rotation": {
				"angle": 22.5,
				"axis": "y",
				"origin": [
					8,
					7.987057718120806,
					8
				]
			},
			"faces": {
				"north": {
					"uv": [
						3.25,
						3.625,
						2.75,
						3.25
					],
					"rotation": 90,
					"texture": "#0"
				},
				"east": {
					"uv": [
						3.375,
						3.5,
						2.875,
						2.75
					],
					"rotation": 90,
					"texture": "#0"
				},
				"south": {
					"uv": [
						0,
						0,
						0,
						0
					],
					"texture": "#0"
				},
				"west": {
					"uv": [
						3.375,
						3.25,
						2.875,
						4
					],
					"rotation": 90,
					"texture": "#0"
				},
				"up": {
					"uv": [
						3.625,
						3.25,
						2.75,
						3.625
					],
					"rotation": 90,
					"texture": "#0"
				},
				"down": {
					"uv": [
						3.625,
						3.25,
						2.75,
						3.625
					],
					"rotation": 90,
					"texture": "#0"
				}
			}
		},
		{
			"from": [
				6.912751677852349,
				6.275648322147651,
				-3.5973154362416118
			],
			"to": [
				9.087248322147651,
				9.69846711409396,
				1.476510067114094
			],
			"rotation": {
				"angle": 45,
				"axis": "y",
				"origin": [
					8,
					7.987057718120806,
					8
				]
			},
			"faces": {
				"north": {
					"uv": [
						2.875,
						3.75,
						3.25,
						3.25
					],
					"texture": "#0"
				},
				"east": {
					"uv": [
						3.125,
						3.25,
						2.375,
						3.75
					],
					"rotation": 180,
					"texture": "#0"
				},
				"south": {
					"uv": [
						0,
						0,
						0,
						0
					],
					"texture": "#0"
				},
				"west": {
					"uv": [
						3.125,
						3.875,
						3.875,
						3.375
					],
					"texture": "#0"
				},
				"up": {
					"uv": [
						2.875,
						3.25,
						3.25,
						4
					],
					"rotation": 180,
					"texture": "#0"
				},
				"down": {
					"uv": [
						2.875,
						3.25,
						3.25,
						4
					],
					"rotation": 180,
					"texture": "#0"
				}
			}
		},
		{
			"from": [
				-3.5973154362416118,
				6.275648322147651,
				6.912751677852349
			],
			"to": [
				1.476510067114094,
				9.69846711409396,
				9.087248322147651
			],
			"rotation": {
				"angle": -22.5,
				"axis": "y",
				"origin": [
					8,
					7.987057718120806,
					8
				]
			},
			"faces": {
				"north": {
					"uv": [
						2.625,
						3,
						3.375,
						2.5
					],
					"texture": "#0"
				},
				"east": {
					"uv": [
						0,
						0,
						0,
						0
					],
					"texture": "#0"
				},
				"south": {
					"uv": [
						4,
						2.5,
						3.5,
						3.25
					],
					"rotation": 90,
					"texture": "#0"
				},
				"west": {
					"uv": [
						3.25,
						3.125,
						3.625,
						2.625
					],
					"texture": "#0"
				},
				"up": {
					"uv": [
						3.25,
						2.375,
						3.625,
						3.125
					],
					"rotation": 90,
					"texture": "#0"
				},
				"down": {
					"uv": [
						3.625,
						3.125,
						3.25,
						2.375
					],
					"rotation": 90,
					"texture": "#0"
				}
			}
		},
		{
			"from": [
				-3.5973154362416118,
				6.275648322147651,
				6.912751677852349
			],
			"to": [
				1.476510067114094,
				9.69846711409396,
				9.087248322147651
			],
			"faces": {
				"north": {
					"uv": [
						3.875,
						2.375,
						3.125,
						1.875
					],
					"texture": "#0"
				},
				"east": {
					"uv": [
						0,
						0,
						0,
						0
					],
					"texture": "#0"
				},
				"south": {
					"uv": [
						4,
						2,
						3.25,
						1.5
					],
					"texture": "#0"
				},
				"west": {
					"uv": [
						3.25,
						1.875,
						3.75,
						2.25
					],
					"rotation": 90,
					"texture": "#0"
				},
				"up": {
					"uv": [
						4,
						1.875,
						3.25,
						2.25
					],
					"rotation": 180,
					"texture": "#0"
				},
				"down": {
					"uv": [
						3.25,
						2.25,
						4,
						1.875
					],
					"rotation": 180,
					"texture": "#0"
				}
			}
		},
		{
			"from": [
				-3.5973154362416118,
				6.275648322147651,
				6.912751677852349
			],
			"to": [
				1.476510067114094,
				9.69846711409396,
				9.087248322147651
			],
			"rotation": {
				"angle": 22.5,
				"axis": "y",
				"origin": [
					8,
					7.987057718120806,
					8
				]
			},
			"faces": {
				"north": {
					"uv": [
						3.375,
						1,
						2.875,
						1.75
					],
					"rotation": 90,
					"texture": "#0"
				},
				"east": {
					"uv": [
						0,
						0,
						0,
						0
					],
					"texture": "#0"
				},
				"south": {
					"uv": [
						3.25,
						1.5,
						4,
						2
					],
					"texture": "#0"
				},
				"west": {
					"uv": [
						3.625,
						0.875,
						3.25,
						1.375
					],
					"texture": "#0"
				},
				"up": {
					"uv": [
						3.625,
						1.625,
						3.25,
						0.875
					],
					"rotation": 90,
					"texture": "#0"
				},
				"down": {
					"uv": [
						3.25,
						1.625,
						3.625,
						0.875
					],
					"rotation": 90,
					"texture": "#0"
				}
			}
		},
		{
			"from": [
				-0.7382550335570475,
				10.10115167785235,
				9.48993288590604
			],
			"to": [
				-4.000000000000002,
				5.872963758389261,
				6.51006711409396
			],
			"rotation": {
				"angle": 45,
				"axis": "y",
				"origin": [
					8,
					7.987057718120806,
					8
				]
			},
			"faces": {
				"north": {
					"uv": [
						3.125,
						0.75,
						3.875,
						0.25
					],
					"rotation": 180,
					"texture": "#0"
				},
				"east": {
					"uv": [
						2.875,
						0.5,
						3.25,
						0
					],
					"rotation": 180,
					"texture": "#0"
				},
				"south": {
					"uv": [
						2.5,
						0.75,
						3.25,
						0.25
					],
					"rotation": 180,
					"texture": "#0"
				},
				"up": {
					"uv": [
						2.875,
						0,
						3.25,
						0.75
					],
					"rotation": 180,
					"texture": "#0"
				},
				"down": {
					"uv": [
						2.875,
						0,
						3.25,
						0.75
					],
					"rotation": 180,
					"texture": "#0"
				}
			}
		},
		{
			"from": [
				9.48993288590604,
				10.10115167785235,
				20
			],
			"to": [
				6.51006711409396,
				5.872963758389261,
				15.530201342281881
			],
			"rotation": {
				"angle": 22.5,
				"axis": "y",
				"origin": [
					8,
					7.987057718120806,
					8
				]
			},
			"faces": {
				"north": {
					"uv": [
						1.125,
						1.125,
						0.625,
						0.75
					],
					"rotation": 180,
					"texture": "#0"
				},
				"east": {
					"uv": [
						0.25,
						0.125,
						1,
						0.625
					],
					"rotation": 180,
					"texture": "#0"
				},
				"west": {
					"uv": [
						0.75,
						0.875,
						1.5,
						1.375
					],
					"rotation": 180,
					"texture": "#0"
				},
				"up": {
					"uv": [
						0.375,
						0.75,
						1.25,
						0.375
					],
					"rotation": 180,
					"texture": "#0"
				},
				"down": {
					"uv": [
						0.375,
						0.75,
						1.25,
						0.375
					],
					"rotation": 180,
					"texture": "#0"
				}
			}
		},
		{
			"from": [
				9.48993288590604,
				10.10115167785235,
				20
			],
			"to": [
				6.51006711409396,
				5.872963758389261,
				15.328859060402685
			],
			"faces": {
				"north": {
					"uv": [
						2.25,
						0,
						1.875,
						0.5
					],
					"rotation": 180,
					"texture": "#0"
				},
				"east": {
					"uv": [
						2.875,
						0.125,
						2.125,
						0.625
					],
					"rotation": 180,
					"texture": "#0"
				},
				"west": {
					"uv": [
						2.375,
						0.5,
						1.625,
						1
					],
					"rotation": 180,
					"texture": "#0"
				},
				"up": {
					"uv": [
						2.25,
						0,
						1.875,
						0.75
					],
					"rotation": 180,
					"texture": "#0"
				},
				"down": {
					"uv": [
						2.25,
						0.75,
						1.875,
						0
					],
					"rotation": 180,
					"texture": "#0"
				}
			}
		},
		{
			"from": [
				9.48993288590604,
				10.10115167785235,
				20
			],
			"to": [
				6.51006711409396,
				5.872963758389261,
				15.530201342281881
			],
			"rotation": {
				"angle": -22.5,
				"axis": "y",
				"origin": [
					8,
					7.987057718120806,
					8
				]
			},
			"faces": {
				"north": {
					"uv": [
						3.25,
						0.375,
						2.75,
						0.75
					],
					"rotation": 180,
					"texture": "#0"
				},
				"east": {
					"uv": [
						3.125,
						0.625,
						2.375,
						1.125
					],
					"rotation": 180,
					"texture": "#0"
				},
				"west": {
					"uv": [
						3.25,
						0.625,
						4,
						1.125
					],
					"rotation": 180,
					"texture": "#0"
				},
				"up": {
					"uv": [
						2.75,
						0.375,
						3.625,
						0.75
					],
					"rotation": 180,
					"texture": "#0"
				},
				"down": {
					"uv": [
						2.75,
						0.375,
						3.625,
						0.75
					],
					"rotation": 180,
					"texture": "#0"
				}
			}
		},
		{
			"from": [
				20,
				10.10115167785235,
				9.48993288590604
			],
			"to": [
				16.939597315436245,
				5.872963758389261,
				6.51006711409396
			],
			"rotation": {
				"angle": -45,
				"axis": "y",
				"origin": [
					8,
					7.987057718120806,
					8
				]
			},
			"faces": {
				"north": {
					"uv": [
						0.875,
						0.625,
						0.125,
						0.125
					],
					"rotation": 180,
					"texture": "#0"
				},
				"south": {
					"uv": [
						1,
						0.875,
						1.75,
						0.375
					],
					"rotation": 180,
					"texture": "#0"
				},
				"west": {
					"uv": [
						1.125,
						0.5,
						0.75,
						0
					],
					"rotation": 180,
					"texture": "#0"
				},
				"up": {
					"uv": [
						1.125,
						0,
						0.75,
						0.75
					],
					"rotation": 180,
					"texture": "#0"
				},
				"down": {
					"uv": [
						0.75,
						0.75,
						1.125,
						0
					],
					"rotation": 180,
					"texture": "#0"
				}
			}
		},
		{
			"from": [
				20,
				10.10115167785235,
				9.48993288590604
			],
			"to": [
				15.328859060402685,
				5.872963758389261,
				6.51006711409396
			],
			"rotation": {
				"angle": -22.5,
				"axis": "y",
				"origin": [
					8,
					7.987057718120806,
					8
				]
			},
			"faces": {
				"north": {
					"uv": [
						1.125,
						1.375,
						0.375,
						0.875
					],
					"rotation": 180,
					"texture": "#0"
				},
				"south": {
					"uv": [
						1,
						1.25,
						0.25,
						1.75
					],
					"rotation": 180,
					"texture": "#0"
				},
				"west": {
					"uv": [
						0.375,
						1.375,
						0.75,
						0.875
					],
					"rotation": 180,
					"texture": "#0"
				},
				"up": {
					"uv": [
						0.5,
						1.25,
						0.875,
						0.5
					],
					"rotation": 180,
					"texture": "#0"
				},
				"down": {
					"uv": [
						0.75,
						1.625,
						0.375,
						0.875
					],
					"rotation": 180,
					"texture": "#0"
				}
			}
		},
		{
			"from": [
				20,
				10.10115167785235,
				9.48993288590604
			],
			"to": [
				15.328859060402685,
				5.872963758389261,
				6.51006711409396
			],
			"faces": {
				"north": {
					"uv": [
						0.75,
						2.25,
						0,
						2.75
					],
					"rotation": 180,
					"texture": "#0"
				},
				"south": {
					"uv": [
						0,
						2.5,
						0.75,
						3
					],
					"rotation": 180,
					"texture": "#0"
				},
				"west": {
					"uv": [
						0.5,
						2.25,
						0,
						1.875
					],
					"rotation": 180,
					"texture": "#0"
				},
				"up": {
					"uv": [
						0.75,
						1.875,
						0,
						2.25
					],
					"rotation": 180,
					"texture": "#0"
				},
				"down": {
					"uv": [
						0,
						2.25,
						0.75,
						1.875
					],
					"rotation": 180,
					"texture": "#0"
				}
			}
		},
		{
			"from": [
				20,
				10.10115167785235,
				9.48993288590604
			],
			"to": [
				15.328859060402685,
				5.872963758389261,
				6.51006711409396
			],
			"rotation": {
				"angle": 22.5,
				"axis": "y",
				"origin": [
					8,
					7.987057718120806,
					8
				]
			},
			"faces": {
				"north": {
					"uv": [
						1,
						2.75,
						0.25,
						3.25
					],
					"rotation": 180,
					"texture": "#0"
				},
				"south": {
					"uv": [
						0.75,
						2.5,
						1.5,
						3
					],
					"rotation": 180,
					"texture": "#0"
				},
				"west": {
					"uv": [
						0.75,
						2.875,
						0.375,
						2.375
					],
					"rotation": 180,
					"texture": "#0"
				},
				"up": {
					"uv": [
						0.375,
						2.375,
						0.75,
						3.125
					],
					"rotation": 180,
					"texture": "#0"
				},
				"down": {
					"uv": [
						0.75,
						2.375,
						0.375,
						3.125
					],
					"rotation": 180,
					"texture": "#0"
				}
			}
		},
		{
			"from": [
				9.48993288590604,
				10.10115167785235,
				-0.9395973154362416
			],
			"to": [
				6.51006711409396,
				5.872963758389261,
				-4.000000000000002
			],
			"rotation": {
				"angle": -45,
				"axis": "y",
				"origin": [
					8,
					7.987057718120806,
					8
				]
			},
			"faces": {
				"east": {
					"uv": [
						0.75,
						3.5,
						0,
						4
					],
					"rotation": 180,
					"texture": "#0"
				},
				"south": {
					"uv": [
						0.75,
						3.75,
						1.125,
						3.25
					],
					"rotation": 180,
					"texture": "#0"
				},
				"west": {
					"uv": [
						1.875,
						3.5,
						1.125,
						4
					],
					"rotation": 180,
					"texture": "#0"
				},
				"up": {
					"uv": [
						0.75,
						3.25,
						1.125,
						4
					],
					"rotation": 180,
					"texture": "#0"
				},
				"down": {
					"uv": [
						1.125,
						4,
						0.75,
						3.25
					],
					"rotation": 180,
					"texture": "#0"
				}
			}
		},
		{
			"from": [
				9.48993288590604,
				10.10115167785235,
				0.4697986577181208
			],
			"to": [
				6.51006711409396,
				5.872963758389261,
				-4.000000000000002
			],
			"rotation": {
				"angle": -22.5,
				"axis": "y",
				"origin": [
					8,
					7.987057718120806,
					8
				]
			},
			"faces": {
				"east": {
					"uv": [
						0.375,
						3.5,
						1.125,
						4
					],
					"rotation": 180,
					"texture": "#0"
				},
				"south": {
					"uv": [
						0.5,
						3.625,
						0,
						3.25
					],
					"rotation": 180,
					"texture": "#0"
				},
				"west": {
					"uv": [
						1.125,
						3.25,
						0.375,
						2.75
					],
					"rotation": 180,
					"texture": "#0"
				},
				"up": {
					"uv": [
						0.375,
						3.25,
						1.25,
						3.625
					],
					"rotation": 180,
					"texture": "#0"
				},
				"down": {
					"uv": [
						0.375,
						3.25,
						1.25,
						3.625
					],
					"rotation": 180,
					"texture": "#0"
				}
			}
		},
		{
			"from": [
				9.48993288590604,
				10.10115167785235,
				0.6711409395973149
			],
			"to": [
				6.51006711409396,
				5.872963758389261,
				-4.000000000000002
			],
			"faces": {
				"east": {
					"uv": [
						2.125,
						3.375,
						2.875,
						3.875
					],
					"rotation": 180,
					"texture": "#0"
				},
				"south": {
					"uv": [
						1.875,
						3.25,
						2.25,
						3.75
					],
					"rotation": 180,
					"texture": "#0"
				},
				"west": {
					"uv": [
						1.125,
						3.375,
						1.875,
						3.875
					],
					"rotation": 180,
					"texture": "#0"
				},
				"up": {
					"uv": [
						2.25,
						3.25,
						1.875,
						4
					],
					"rotation": 180,
					"texture": "#0"
				},
				"down": {
					"uv": [
						2.25,
						3.25,
						1.875,
						4
					],
					"rotation": 180,
					"texture": "#0"
				}
			}
		},
		{
			"from": [
				9.48993288590604,
				10.10115167785235,
				0.6711409395973149
			],
			"to": [
				6.51006711409396,
				5.872963758389261,
				-4.000000000000002
			],
			"rotation": {
				"angle": 22.5,
				"axis": "y",
				"origin": [
					8,
					7.987057718120806,
					8
				]
			},
			"faces": {
				"east": {
					"uv": [
						3.375,
						3.25,
						2.875,
						4
					],
					"rotation": 180,
					"texture": "#0"
				},
				"south": {
					"uv": [
						3.25,
						3.625,
						2.75,
						3.25
					],
					"rotation": 180,
					"texture": "#0"
				},
				"west": {
					"uv": [
						3.375,
						3.5,
						2.875,
						2.75
					],
					"rotation": 180,
					"texture": "#0"
				},
				"up": {
					"uv": [
						3.625,
						3.25,
						2.75,
						3.625
					],
					"rotation": 180,
					"texture": "#0"
				},
				"down": {
					"uv": [
						3.625,
						3.25,
						2.75,
						3.625
					],
					"rotation": 180,
					"texture": "#0"
				}
			}
		},
		{
			"from": [
				9.48993288590604,
				10.10115167785235,
				-0.7382550335570475
			],
			"to": [
				6.51006711409396,
				5.872963758389261,
				-4.000000000000002
			],
			"rotation": {
				"angle": 45,
				"axis": "y",
				"origin": [
					8,
					7.987057718120806,
					8
				]
			},
			"faces": {
				"east": {
					"uv": [
						3.125,
						3.875,
						3.875,
						3.375
					],
					"rotation": 180,
					"texture": "#0"
				},
				"south": {
					"uv": [
						2.875,
						3.75,
						3.25,
						3.25
					],
					"rotation": 180,
					"texture": "#0"
				},
				"west": {
					"uv": [
						3.125,
						3.25,
						2.375,
						3.75
					],
					"rotation": 180,
					"texture": "#0"
				},
				"up": {
					"uv": [
						2.875,
						3.25,
						3.25,
						4
					],
					"rotation": 180,
					"texture": "#0"
				},
				"down": {
					"uv": [
						2.875,
						3.25,
						3.25,
						4
					],
					"rotation": 180,
					"texture": "#0"
				}
			}
		},
		{
			"from": [
				0.6711409395973149,
				10.10115167785235,
				9.48993288590604
			],
			"to": [
				-4.000000000000002,
				5.872963758389261,
				6.51006711409396
			],
			"rotation": {
				"angle": -22.5,
				"axis": "y",
				"origin": [
					8,
					7.987057718120806,
					8
				]
			},
			"faces": {
				"north": {
					"uv": [
						4,
						2.5,
						3.5,
						3.25
					],
					"rotation": 180,
					"texture": "#0"
				},
				"east": {
					"uv": [
						3.25,
						3.125,
						3.625,
						2.625
					],
					"rotation": 180,
					"texture": "#0"
				},
				"south": {
					"uv": [
						2.625,
						3,
						3.375,
						2.5
					],
					"rotation": 180,
					"texture": "#0"
				},
				"up": {
					"uv": [
						3.625,
						3.125,
						3.25,
						2.375
					],
					"rotation": 180,
					"texture": "#0"
				},
				"down": {
					"uv": [
						3.25,
						2.375,
						3.625,
						3.125
					],
					"rotation": 180,
					"texture": "#0"
				}
			}
		},
		{
			"from": [
				0.6711409395973149,
				10.10115167785235,
				9.48993288590604
			],
			"to": [
				-4.000000000000002,
				5.872963758389261,
				6.51006711409396
			],
			"faces": {
				"north": {
					"uv": [
						4,
						2,
						3.25,
						1.5
					],
					"rotation": 180,
					"texture": "#0"
				},
				"east": {
					"uv": [
						3.25,
						1.875,
						3.75,
						2.25
					],
					"rotation": 180,
					"texture": "#0"
				},
				"south": {
					"uv": [
						3.875,
						2.375,
						3.125,
						1.875
					],
					"rotation": 180,
					"texture": "#0"
				},
				"up": {
					"uv": [
						3.25,
						2.25,
						4,
						1.875
					],
					"rotation": 180,
					"texture": "#0"
				},
				"down": {
					"uv": [
						4,
						1.875,
						3.25,
						2.25
					],
					"rotation": 180,
					"texture": "#0"
				}
			}
		},
		{
			"from": [
				0.6711409395973149,
				10.10115167785235,
				9.48993288590604
			],
			"to": [
				-4.000000000000002,
				5.872963758389261,
				6.51006711409396
			],
			"rotation": {
				"angle": 22.5,
				"axis": "y",
				"origin": [
					8,
					7.987057718120806,
					8
				]
			},
			"faces": {
				"north": {
					"uv": [
						3.25,
						1.5,
						4,
						2
					],
					"rotation": 180,
					"texture": "#0"
				},
				"east": {
					"uv": [
						3.625,
						0.875,
						3.25,
						1.375
					],
					"rotation": 180,
					"texture": "#0"
				},
				"south": {
					"uv": [
						3.375,
						1,
						2.875,
						1.75
					],
					"rotation": 180,
					"texture": "#0"
				},
				"up": {
					"uv": [
						3.25,
						1.625,
						3.625,
						0.875
					],
					"rotation": 180,
					"texture": "#0"
				},
				"down": {
					"uv": [
						3.625,
						1.625,
						3.25,
						0.875
					],
					"rotation": 180,
					"texture": "#0"
				}
			}
		}
	],
	"display": {
		"head": {
			"rotation": [
				0,
				0,
				0
			]
		}
	}
}