{
	"textures": {
		"0": "kello:item/decal/flyfan/minor_pattern_0",
		"7": "kello:item/decal/cogwheel/0",
		"8": "kello:item/decal/cogwheel/1",
		"9": "kello:item/decal/cogwheel/2",
		"10": "kello:item/decal/cogwheel/3",
		"11": "kello:item/decal/cogwheel/4"
	},
	"elements": [
		{
			"from": [
				-1.1428571428571423,
				-1.1428571428571423,
				8
			],
			"to": [
				17.142857142857142,
				17.142857142857142,
				8
			],
			"rotation": {
				"angle": 0,
				"axis": "y",
				"origin": [
					8,
					0.5714285714285721,
					8
				]
			},
			"faces": {
				"north": {
					"uv": [
						8,
						8,
						16,
						16
					],
					"texture": "#0"
				},
				"south": {
					"uv": [
						16,
						8,
						8,
						16
					],
					"texture": "#0"
				}
			}
		},
		{
			"from": [
				0,
				0,
				8.002857142857144
			],
			"to": [
				16,
				16,
				8.002857142857144
			],
			"rotation": {
				"angle": 0,
				"axis": "y",
				"origin": [
					8,
					7.571428571428571,
					8
				]
			},
			"faces": {
				"north": {
					"uv": [
						0,
						0,
						16,
						16
					],
					"texture": "#10"
				},
				"south": {
					"uv": [
						16,
						0,
						0,
						16
					],
					"texture": "#10"
				}
			}
		},
		{
			"from": [
				-4,
				-4,
				8
			],
			"to": [
				20,
				20,
				8
			],
			"faces": {
				"north": {
					"uv": [
						16,
						16,
						0,
						0
					],
					"texture": "#11"
				},
				"south": {
					"uv": [
						0,
						16,
						16,
						0
					],
					"texture": "#11"
				}
			}
		},
		{
			"from": [
				2.8571428571428577,
				2.8571428571428577,
				8
			],
			"to": [
				13.142857142857142,
				13.142857142857142,
				8
			],
			"rotation": {
				"angle": 0,
				"axis": "y",
				"origin": [
					8,
					13,
					8
				]
			},
			"faces": {
				"north": {
					"uv": [
						0,
						0,
						16,
						16
					],
					"rotation": 180,
					"texture": "#7"
				},
				"south": {
					"uv": [
						16,
						0,
						0,
						16
					],
					"rotation": 180,
					"texture": "#7"
				}
			}
		},
		{
			"from": [
				4.571428571428571,
				4.571428571428571,
				8
			],
			"to": [
				11.428571428571429,
				11.428571428571429,
				8
			],
			"rotation": {
				"angle": 0,
				"axis": "y",
				"origin": [
					8,
					8,
					8
				]
			},
			"faces": {
				"north": {
					"uv": [
						0,
						0,
						16,
						16
					],
					"rotation": 180,
					"texture": "#8"
				},
				"south": {
					"uv": [
						16,
						0,
						0,
						16
					],
					"rotation": 180,
					"texture": "#8"
				}
			}
		},
		{
			"from": [
				5.142857142857143,
				5.142857142857143,
				8
			],
			"to": [
				10.857142857142858,
				10.857142857142858,
				8
			],
			"rotation": {
				"angle": 0,
				"axis": "y",
				"origin": [
					8,
					8,
					8
				]
			},
			"faces": {
				"north": {
					"uv": [
						0,
						0,
						16,
						16
					],
					"rotation": 180,
					"texture": "#9"
				},
				"south": {
					"uv": [
						16,
						0,
						0,
						16
					],
					"rotation": 180,
					"texture": "#9"
				}
			}
		}
	],
	"display": {
		"head": {
			"rotation": [
				0,
				180,
				0
			]
		}
	}
}