{
	"textures": {
		"4": "kello:item/decal/checkpoint_flag/dead"
	},
	"elements": [
		{
			"from": [
				1.7750000000000004,
				0.02499999999999858,
				7.925
			],
			"to": [
				8.024999999999999,
				15.975000000000001,
				8.075
			],
			"rotation": {
				"angle": 0,
				"axis": "y",
				"origin": [
					9.524999999999999,
					-12,
					8
				]
			},
			"faces": {
				"north": {
					"uv": [
						1.2,
						0,
						2.5,
						3.5
					],
					"texture": "#4"
				},
				"south": {
					"uv": [
						2.5,
						0,
						1.2,
						3.5
					],
					"texture": "#4"
				},
				"up": {
					"uv": [
						2.5,
						0,
						1.2,
						0.25
					],
					"texture": "#4"
				},
				"down": {
					"uv": [
						2.5,
						2.75,
						1.2,
						3
					],
					"texture": "#4"
				}
			}
		}
	],
	"display": {
		"head": {
			"rotation": [
				0,
				180,
				0
			]
		}
	}
}