{
	"credit": "Made with Blockbench",
	"texture_size": [64, 64],
	"textures": {
		"1": "rko:custom/factory_fan",
		"6": "rko:custom/factory_fan2",
		"particle": "rko:custom/factory_fan"
	},
	"elements": [
		{
			"name": "hexadecagon",
			"from": [-15.95088, 9.99241, 12.94897],
			"to": [-14.19392, 15.97722, 19.26583],
			"rotation": {"angle": 22.5, "axis": "y", "origin": [-0.0724, 14.98481, 16.1074]},
			"faces": {
				"east": {"uv": [4, 0, 4.25, 0.25], "rotation": 270, "texture": "#6"},
				"west": {"uv": [4, 0, 4.25, 0.25], "rotation": 270, "texture": "#6"},
				"up": {"uv": [4, 0, 4.25, 0.25], "rotation": 270, "texture": "#6"},
				"down": {"uv": [4, 0, 4.25, 0.25], "rotation": 270, "texture": "#6"}
			}
		},
		{
			"name": "hexadecagon",
			"from": [14.04912, 9.99241, 12.94897],
			"to": [15.80608, 15.97722, 19.26583],
			"rotation": {"angle": 22.5, "axis": "y", "origin": [-0.0724, 14.98481, 16.1074]},
			"faces": {
				"east": {"uv": [4, 0, 4.25, 0.25], "rotation": 270, "texture": "#6"},
				"west": {"uv": [4, 0, 4.25, 0.25], "rotation": 270, "texture": "#6"},
				"up": {"uv": [4, 0, 4.25, 0.25], "rotation": 270, "texture": "#6"},
				"down": {"uv": [4, 0, 4.25, 0.25], "rotation": 270, "texture": "#6"}
			}
		},
		{
			"name": "hexadecagon",
			"from": [-15.95088, 9.99241, 12.94897],
			"to": [-14.19392, 15.97722, 19.26583],
			"rotation": {"angle": -22.5, "axis": "y", "origin": [-0.0724, 14.98481, 16.1074]},
			"faces": {
				"east": {"uv": [4, 0, 4.25, 0.25], "rotation": 270, "texture": "#6"},
				"west": {"uv": [4, 0, 4.25, 0.25], "rotation": 270, "texture": "#6"},
				"up": {"uv": [4, 0, 4.25, 0.25], "rotation": 270, "texture": "#6"},
				"down": {"uv": [4, 0, 4.25, 0.25], "rotation": 270, "texture": "#6"}
			}
		},
		{
			"name": "hexadecagon",
			"from": [14.04912, 9.99241, 12.94897],
			"to": [15.80608, 15.97722, 19.26583],
			"rotation": {"angle": -22.5, "axis": "y", "origin": [-0.0724, 14.98481, 16.1074]},
			"faces": {
				"east": {"uv": [4, 0, 4.25, 0.25], "rotation": 270, "texture": "#6"},
				"west": {"uv": [4, 0, 4.25, 0.25], "rotation": 270, "texture": "#6"},
				"up": {"uv": [4, 0, 4.25, 0.25], "rotation": 270, "texture": "#6"},
				"down": {"uv": [4, 0, 4.25, 0.25], "rotation": 270, "texture": "#6"}
			}
		},
		{
			"name": "hexadecagon",
			"from": [-3.23083, 9.99241, 30.22892],
			"to": [3.08603, 15.97722, 31.98588],
			"rotation": {"angle": 45, "axis": "y", "origin": [-0.0724, 14.98481, 16.1074]},
			"faces": {
				"north": {"uv": [4, 0, 4.25, 0.25], "rotation": 90, "texture": "#6"},
				"up": {"uv": [4, 0, 4.25, 0.25], "rotation": 270, "texture": "#6"},
				"down": {"uv": [4, 0, 4.25, 0.25], "rotation": 270, "texture": "#6"}
			}
		},
		{
			"name": "hexadecagon",
			"from": [-3.23083, 9.99241, 0.22892],
			"to": [3.08603, 15.97722, 1.98588],
			"rotation": {"angle": 45, "axis": "y", "origin": [-0.0724, 14.98481, 16.1074]},
			"faces": {
				"south": {"uv": [4, 0, 4.25, 0.25], "rotation": 270, "texture": "#6"},
				"up": {"uv": [4, 0, 4.25, 0.25], "rotation": 270, "texture": "#6"},
				"down": {"uv": [4, 0, 4.25, 0.25], "rotation": 270, "texture": "#6"}
			}
		},
		{
			"name": "hexadecagon",
			"from": [-3.23083, 9.99241, 30.22892],
			"to": [3.08603, 15.97722, 31.98588],
			"rotation": {"angle": 22.5, "axis": "y", "origin": [-0.0724, 14.98481, 16.1074]},
			"faces": {
				"north": {"uv": [4, 0, 4.25, 0.25], "rotation": 90, "texture": "#6"},
				"south": {"uv": [4, 0, 4.25, 0.25], "rotation": 270, "texture": "#6"},
				"up": {"uv": [4, 0, 4.25, 0.25], "rotation": 270, "texture": "#6"},
				"down": {"uv": [4, 0, 4.25, 0.25], "rotation": 270, "texture": "#6"}
			}
		},
		{
			"name": "hexadecagon",
			"from": [-3.23083, 9.99241, 0.22892],
			"to": [3.08603, 15.97722, 1.98588],
			"rotation": {"angle": 22.5, "axis": "y", "origin": [-0.0724, 14.98481, 16.1074]},
			"faces": {
				"north": {"uv": [4, 0, 4.25, 0.25], "rotation": 90, "texture": "#6"},
				"south": {"uv": [4, 0, 4.25, 0.25], "rotation": 270, "texture": "#6"},
				"up": {"uv": [4, 0, 4.25, 0.25], "rotation": 270, "texture": "#6"},
				"down": {"uv": [4, 0, 4.25, 0.25], "rotation": 270, "texture": "#6"}
			}
		},
		{
			"name": "hexadecagon",
			"from": [-3.23083, 9.99241, 0.22892],
			"to": [3.08603, 15.97722, 1.98588],
			"rotation": {"angle": -22.5, "axis": "y", "origin": [-0.0724, 14.98481, 16.1074]},
			"faces": {
				"north": {"uv": [4, 0, 4.25, 0.25], "rotation": 90, "texture": "#6"},
				"south": {"uv": [4, 0, 4.25, 0.25], "rotation": 270, "texture": "#6"},
				"up": {"uv": [4, 0, 4.25, 0.25], "rotation": 270, "texture": "#6"},
				"down": {"uv": [4, 0, 4.25, 0.25], "rotation": 270, "texture": "#6"}
			}
		},
		{
			"name": "hexadecagon",
			"from": [-3.23083, 9.99241, 30.22892],
			"to": [3.08603, 15.97722, 31.98588],
			"rotation": {"angle": -22.5, "axis": "y", "origin": [-0.0724, 14.98481, 16.1074]},
			"faces": {
				"north": {"uv": [4, 0, 4.25, 0.25], "rotation": 90, "texture": "#6"},
				"up": {"uv": [4, 0, 4.25, 0.25], "rotation": 270, "texture": "#6"},
				"down": {"uv": [4, 0, 4.25, 0.25], "rotation": 270, "texture": "#6"}
			}
		},
		{
			"name": "hexadecagon",
			"from": [-3.23083, 9.99241, 0.22892],
			"to": [3.08603, 15.97722, 1.98588],
			"rotation": {"angle": -45, "axis": "y", "origin": [-0.0724, 14.98481, 16.1074]},
			"faces": {
				"south": {"uv": [4, 0, 4.25, 0.25], "rotation": 270, "texture": "#6"},
				"up": {"uv": [4, 0, 4.25, 0.25], "rotation": 270, "texture": "#6"},
				"down": {"uv": [4, 0, 4.25, 0.25], "rotation": 270, "texture": "#6"}
			}
		},
		{
			"name": "hexadecagon",
			"from": [-3.23083, 9.99241, 30.22892],
			"to": [3.08603, 15.97722, 31.98588],
			"rotation": {"angle": -45, "axis": "y", "origin": [-0.0724, 14.98481, 16.1074]},
			"faces": {
				"north": {"uv": [4, 0, 4.25, 0.25], "rotation": 90, "texture": "#6"},
				"up": {"uv": [4, 0, 4.25, 0.25], "rotation": 270, "texture": "#6"},
				"down": {"uv": [4, 0, 4.25, 0.25], "rotation": 270, "texture": "#6"}
			}
		},
		{
			"from": [14, 14, 0],
			"to": [16, 16, 32],
			"faces": {
				"north": {"uv": [12, 7.5, 12.5, 8], "texture": "#6"},
				"east": {"uv": [12, 0, 16, 0.5], "texture": "#6"},
				"south": {"uv": [12, 0, 12.5, 0.5], "texture": "#6"},
				"west": {"uv": [12, 0, 16, 0.5], "texture": "#6"},
				"up": {"uv": [15, 0, 16, 8], "texture": "#6"}
			}
		},
		{
			"from": [-16, 14, 0],
			"to": [-14, 16, 32],
			"faces": {
				"north": {"uv": [12, 7.5, 12.5, 8], "texture": "#6"},
				"east": {"uv": [12, 0, 16, 0.5], "texture": "#6"},
				"south": {"uv": [12, 0, 12.5, 0.5], "texture": "#6"},
				"west": {"uv": [12, 0, 16, 0.5], "texture": "#6"},
				"up": {"uv": [15, 0, 16, 8], "texture": "#6"}
			}
		},
		{
			"from": [-14, 14, 0],
			"to": [-12, 16, 8],
			"faces": {
				"north": {"uv": [12, 7.5, 12.5, 8], "texture": "#6"},
				"east": {"uv": [12, 0, 14, 0.5], "texture": "#6"},
				"south": {"uv": [12, 0, 12.5, 0.5], "texture": "#6"},
				"up": {"uv": [9, 0, 10, 2], "texture": "#6"}
			}
		},
		{
			"from": [-14, 14, 24],
			"to": [-12, 16, 32],
			"faces": {
				"north": {"uv": [12, 0, 12.5, 0.5], "texture": "#6"},
				"east": {"uv": [12, 0, 14, 0.5], "texture": "#6"},
				"south": {"uv": [12, 0, 12.5, 0.5], "texture": "#6"},
				"up": {"uv": [9, 5, 10, 7], "texture": "#6"}
			}
		},
		{
			"from": [12, 14, 0],
			"to": [14, 16, 8],
			"faces": {
				"north": {"uv": [12, 7.5, 12.5, 8], "texture": "#6"},
				"south": {"uv": [12, 0, 12.5, 0.5], "texture": "#6"},
				"west": {"uv": [12, 0, 14, 0.5], "texture": "#6"},
				"up": {"uv": [9, 0.5, 9.5, 2.5], "texture": "#6"}
			}
		},
		{
			"from": [12, 14, 24],
			"to": [14, 16, 32],
			"faces": {
				"north": {"uv": [12, 0, 12.5, 0.5], "texture": "#6"},
				"south": {"uv": [12, 0, 12.5, 0.5], "texture": "#6"},
				"west": {"uv": [12, 0, 14, 0.5], "texture": "#6"},
				"up": {"uv": [14, 3, 14.5, 5], "texture": "#6"}
			}
		},
		{
			"from": [10, 14, 26],
			"to": [12, 16, 32],
			"faces": {
				"north": {"uv": [12, 0, 12.5, 0.5], "texture": "#6"},
				"south": {"uv": [12, 0, 12.5, 0.5], "texture": "#6"},
				"west": {"uv": [12, 0, 13.5, 0.5], "texture": "#6"},
				"up": {"uv": [15.5, 5, 16, 6.5], "texture": "#6"}
			}
		},
		{
			"from": [-12, 14, 0],
			"to": [-10, 16, 6],
			"faces": {
				"north": {"uv": [12, 7.5, 12.5, 8], "texture": "#6"},
				"east": {"uv": [12, 0, 13.5, 0.5], "texture": "#6"},
				"south": {"uv": [12, 0, 12.5, 0.5], "texture": "#6"},
				"up": {"uv": [10, 0, 11, 1.5], "texture": "#6"}
			}
		},
		{
			"from": [-10, 14, 0],
			"to": [10, 16, 2],
			"faces": {
				"north": {"uv": [8, 7, 16, 8], "texture": "#6"},
				"south": {"uv": [12, 0, 16, 0.5], "texture": "#6"},
				"up": {"uv": [10.5, 7, 13.5, 8], "texture": "#6"}
			}
		},
		{
			"from": [-10, 14, 30],
			"to": [10, 16, 32],
			"faces": {
				"north": {"uv": [12, 0, 16, 0.5], "texture": "#6"},
				"south": {"uv": [12, 0, 16, 0.5], "texture": "#6"},
				"up": {"uv": [12, 0, 16, 0.5], "texture": "#6"}
			}
		},
		{
			"from": [-10, 14, 28],
			"to": [-8, 16, 30],
			"faces": {
				"north": {"uv": [12, 0, 12.5, 0.5], "texture": "#6"},
				"east": {"uv": [12, 0, 12.5, 0.5], "texture": "#6"},
				"up": {"uv": [12, 0, 12.5, 0.5], "texture": "#6"}
			}
		},
		{
			"from": [10, 14, 0],
			"to": [12, 16, 6],
			"faces": {
				"north": {"uv": [12, 7.5, 12.5, 8], "texture": "#6"},
				"south": {"uv": [12, 0, 12.5, 0.5], "texture": "#6"},
				"west": {"uv": [12, 0, 13.5, 0.5], "texture": "#6"},
				"up": {"uv": [9, 1, 9.5, 2.5], "texture": "#6"}
			}
		},
		{
			"from": [-12, 14, 26],
			"to": [-10, 16, 32],
			"faces": {
				"north": {"uv": [12, 0, 12.5, 0.5], "texture": "#6"},
				"east": {"uv": [12, 0, 13.5, 0.5], "texture": "#6"},
				"south": {"uv": [12, 0, 12.5, 0.5], "texture": "#6"},
				"up": {"uv": [10, 6.5, 11, 8], "texture": "#6"}
			}
		},
		{
			"from": [8, 14, 28],
			"to": [10, 16, 30],
			"faces": {
				"north": {"uv": [12, 0, 12.5, 0.5], "texture": "#6"},
				"west": {"uv": [12, 0, 12.5, 0.5], "texture": "#6"},
				"up": {"uv": [12, 0, 12.5, 0.5], "texture": "#6"}
			}
		},
		{
			"from": [8, 14, 2],
			"to": [10, 16, 4],
			"faces": {
				"south": {"uv": [12, 0, 12.5, 0.5], "texture": "#6"},
				"west": {"uv": [12, 0, 12.5, 0.5], "texture": "#6"},
				"up": {"uv": [12, 0, 12.5, 0.5], "texture": "#6"}
			}
		},
		{
			"from": [-10, 14, 2],
			"to": [-8, 16, 4],
			"faces": {
				"east": {"uv": [12, 0, 12.5, 0.5], "texture": "#6"},
				"south": {"uv": [12, 0, 12.5, 0.5], "texture": "#6"},
				"up": {"uv": [12, 0, 12.5, 0.5], "texture": "#6"}
			}
		},
		{
			"from": [0, 0, 0],
			"to": [16, 14, 16],
			"faces": {
				"north": {"uv": [0, 1, 8, 8], "texture": "#6"},
				"east": {"uv": [0, 1, 8, 8], "texture": "#6"},
				"down": {"uv": [0, 0, 8, 8], "texture": "#6"}
			}
		},
		{
			"from": [-16, 14, 0],
			"to": [16, 14.05, 32],
			"faces": {
				"up": {"uv": [0, 0, 16, 16], "texture": "#1"}
			}
		},
		{
			"from": [-16, 0, 0],
			"to": [0, 14, 16],
			"faces": {
				"north": {"uv": [0, 1, 8, 8], "texture": "#6"},
				"west": {"uv": [0, 1, 8, 8], "texture": "#6"},
				"down": {"uv": [0, 0, 8, 8], "texture": "#6"}
			}
		},
		{
			"from": [-16, 0, 16],
			"to": [0, 14, 32],
			"faces": {
				"south": {"uv": [0, 1, 8, 8], "texture": "#6"},
				"west": {"uv": [0, 1, 8, 8], "texture": "#6"},
				"down": {"uv": [0, 0, 8, 8], "texture": "#6"}
			}
		},
		{
			"from": [0, 0, 16],
			"to": [16, 14, 32],
			"faces": {
				"east": {"uv": [0, 1, 8, 8], "texture": "#6"},
				"south": {"uv": [0, 1, 8, 8], "texture": "#6"},
				"down": {"uv": [0, 0, 8, 8], "texture": "#6"}
			}
		},
		{
			"from": [2, 15.1, 1.975],
			"to": [3, 16.1, 30],
			"faces": {
				"north": {"uv": [8, 12, 8.25, 12.25], "texture": "#6"},
				"east": {"uv": [8.5, 8.5, 12.5, 8.75], "texture": "#6"},
				"south": {"uv": [8, 12, 8.25, 12.25], "texture": "#6"},
				"west": {"uv": [9, 8.5, 13, 8.75], "texture": "#6"},
				"up": {"uv": [8.5, 8.5, 12.5, 8.75], "rotation": 90, "texture": "#6"},
				"down": {"uv": [8, 12, 12, 12.25], "rotation": 270, "texture": "#6"}
			}
		},
		{
			"from": [-3, 15.1, 1.975],
			"to": [-2, 16.1, 30],
			"faces": {
				"north": {"uv": [8, 12, 8.25, 12.25], "texture": "#6"},
				"east": {"uv": [8.5, 8.5, 12.5, 8.75], "texture": "#6"},
				"south": {"uv": [8, 12, 8.25, 12.25], "texture": "#6"},
				"west": {"uv": [9, 8.5, 13, 8.75], "texture": "#6"},
				"up": {"uv": [8.5, 8.5, 12.5, 8.75], "rotation": 90, "texture": "#6"},
				"down": {"uv": [8, 12, 12, 12.25], "rotation": 270, "texture": "#6"}
			}
		},
		{
			"from": [8, 15.1, 3.975],
			"to": [9, 16.1, 28],
			"faces": {
				"north": {"uv": [8, 12, 8.25, 12.25], "texture": "#6"},
				"east": {"uv": [8.5, 8.5, 12.5, 8.75], "texture": "#6"},
				"south": {"uv": [8, 12, 8.25, 12.25], "texture": "#6"},
				"west": {"uv": [9, 8.5, 13, 8.75], "texture": "#6"},
				"up": {"uv": [8, 8.5, 12, 8.75], "rotation": 90, "texture": "#6"},
				"down": {"uv": [8, 12, 12, 12.25], "rotation": 270, "texture": "#6"}
			}
		},
		{
			"from": [-9, 15.1, 3.975],
			"to": [-8, 16.1, 28],
			"faces": {
				"north": {"uv": [8, 12, 8.25, 12.25], "texture": "#6"},
				"east": {"uv": [8.5, 8.5, 12.5, 8.75], "texture": "#6"},
				"south": {"uv": [8, 12, 8.25, 12.25], "texture": "#6"},
				"west": {"uv": [8.5, 8.5, 12.5, 8.75], "texture": "#6"},
				"up": {"uv": [8.5, 8.5, 12.5, 8.75], "rotation": 90, "texture": "#6"},
				"down": {"uv": [8, 12, 12, 12.25], "rotation": 270, "texture": "#6"}
			}
		},
		{
			"from": [-12.025, 15.025, 24],
			"to": [12, 16.025, 25],
			"faces": {
				"north": {"uv": [9, 8.5, 13, 8.75], "texture": "#6"},
				"east": {"uv": [8, 12, 8.25, 12.25], "texture": "#6"},
				"south": {"uv": [9, 8.5, 13, 8.75], "texture": "#6"},
				"west": {"uv": [8, 12, 8.25, 12.25], "texture": "#6"},
				"up": {"uv": [9, 8.5, 13, 8.75], "texture": "#6"},
				"down": {"uv": [8, 12, 12, 12.25], "texture": "#6"}
			}
		},
		{
			"from": [-12.025, 15.025, 7],
			"to": [12, 16.025, 8],
			"faces": {
				"north": {"uv": [9, 8.5, 13, 8.75], "texture": "#6"},
				"east": {"uv": [8, 12, 8.25, 12.25], "texture": "#6"},
				"south": {"uv": [9, 8.5, 13, 8.75], "texture": "#6"},
				"west": {"uv": [8, 12, 8.25, 12.25], "texture": "#6"},
				"up": {"uv": [8.5, 8.5, 12.5, 8.75], "texture": "#6"},
				"down": {"uv": [8, 12, 12, 12.25], "texture": "#6"}
			}
		},
		{
			"from": [-14.025, 15.025, 18],
			"to": [14, 16.025, 19],
			"faces": {
				"north": {"uv": [9, 8.5, 13, 8.75], "texture": "#6"},
				"east": {"uv": [8, 12, 8.25, 12.25], "texture": "#6"},
				"south": {"uv": [9, 8.5, 13, 8.75], "texture": "#6"},
				"west": {"uv": [8, 12, 8.25, 12.25], "texture": "#6"},
				"up": {"uv": [9, 8.5, 13, 8.75], "texture": "#6"},
				"down": {"uv": [8, 12, 12, 12.25], "texture": "#6"}
			}
		},
		{
			"from": [-14.025, 15.025, 13],
			"to": [14, 16.025, 14],
			"faces": {
				"north": {"uv": [9, 8.5, 13, 8.75], "texture": "#6"},
				"east": {"uv": [8, 12, 8.25, 12.25], "texture": "#6"},
				"south": {"uv": [9, 8.5, 13, 8.75], "texture": "#6"},
				"west": {"uv": [8, 12, 8.25, 12.25], "texture": "#6"},
				"up": {"uv": [9, 8.5, 13, 8.75], "texture": "#6"},
				"down": {"uv": [8, 12, 12, 12.25], "texture": "#6"}
			}
		}
	],
	"groups": [
		{
			"name": "group",
			"origin": [8, 8, 8],
			"color": 0,
			"children": []
		},
		{
			"name": "hexadecagon",
			"origin": [8, 8, 8],
			"color": 0,
			"children": [0, 1, 2, 3, 4, 5, 6, 7, 8, 9, 10, 11]
		},
		{
			"name": "group",
			"origin": [8, 8, 8],
			"color": 0,
			"children": [12, 13, 14, 15, 16, 17, 18, 19, 20, 21, 22, 23, 24, 25, 26, 27]
		},
		{
			"name": "group",
			"origin": [8, 8, 8],
			"color": 0,
			"children": [28, 29, 30, 31, 32]
		},
		{
			"name": "group",
			"origin": [8, 8, 8],
			"color": 0,
			"children": [33, 34, 35, 36, 37, 38, 39, 40]
		}
	]
}