{
	"textures": {
		"4": "kello:item/decal/checkpoint_flag/dead"
	},
	"elements": [
		{
			"from": [
				2.7750000000000004,
				0.05000000000000071,
				8.05
			],
			"to": [
				8.025,
				15.950000000000003,
				8.05
			],
			"rotation": {
				"angle": 0,
				"axis": "y",
				"origin": [
					12.525,
					-12,
					8
				]
			},
			"faces": {
				"north": {
					"uv": [
						2.45,
						0,
						3.5,
						3.5
					],
					"texture": "#4"
				},
				"east": {
					"uv": [
						2.5,
						0,
						2.75,
						3
					],
					"texture": "#4"
				},
				"south": {
					"uv": [
						3.5,
						0,
						2.45,
						3.5
					],
					"texture": "#4"
				},
				"west": {
					"uv": [
						3.25,
						0,
						3.5,
						3
					],
					"texture": "#4"
				},
				"up": {
					"uv": [
						3.5,
						0,
						2.45,
						0.25
					],
					"texture": "#4"
				},
				"down": {
					"uv": [
						3.5,
						2.75,
						2.45,
						3
					],
					"texture": "#4"
				}
			}
		},
		{
			"from": [
				1.825000000000001,
				0.05000000000000071,
				8.05
			],
			"to": [
				2.7750000000000004,
				15.950000000000003,
				8.05
			],
			"rotation": {
				"angle": 0,
				"axis": "y",
				"origin": [
					12.525,
					-12,
					8
				]
			},
			"faces": {
				"north": {
					"uv": [
						0,
						3.25625,
						0.25,
						3.5
					],
					"texture": "#4"
				},
				"east": {
					"uv": [
						0,
						0,
						0,
						0
					],
					"texture": "#4"
				},
				"south": {
					"uv": [
						0,
						3.25625,
						0.25,
						3.5
					],
					"texture": "#4"
				},
				"west": {
					"uv": [
						0,
						0,
						0,
						0
					],
					"texture": "#4"
				},
				"up": {
					"uv": [
						0,
						0,
						0,
						0
					],
					"texture": "#4"
				},
				"down": {
					"uv": [
						0,
						0,
						0,
						0
					],
					"texture": "#4"
				}
			}
		}
	],
	"display": {
		"head": {
			"rotation": [
				0,
				180,
				0
			]
		}
	}
}