{
    "sources": [
        {
            "type": "single",
            "resource": "ykw:warden_tendrils"
        },
        {
            "type": "directory",
            "source": "custom",
            "prefix": "custom/"
        },
	{
            "type": "single",
            "resource": "woutbelt:model/woutbelt/flag"
        },
        {
            "type": "single",
            "resource": "woutbelt:model/woutbelt/beam"
        },
	{
		"type": "directory",
		"source": "enemies",
		"prefix": "enemies/"
	},
	{
		"type": "directory",
		"source": "items",
		"prefix": "items/"
	},
	{
		"type": "directory",
		"source": "miscellaneous",
		"prefix": "miscellaneous/"
	}
    ]
}