{
	"credit": "Made with Blockbench",
	"texture_size": [32, 32],
	"textures": {
		"0": "mrminerman:item/wet_floor",
		"particle": "mrminerman:item/wet_floor"
	},
	"elements": [
		{
			"from": [3, 0, 7],
			"to": [13, 15, 8.25],
			"rotation": {"angle": 22.5, "axis": "x", "origin": [8, 14.5, 7.625]},
			"faces": {
				"north": {"uv": [0, 0, 5, 7.5], "texture": "#0"},
				"east": {"uv": [10, 0, 10.5, 7.5], "texture": "#0"},
				"south": {"uv": [5, 0, 10, 7.5], "texture": "#0"},
				"west": {"uv": [10, 7.5, 10.5, 15], "texture": "#0"},
				"up": {"uv": [16, 0.5, 11, 0], "texture": "#0"},
				"down": {"uv": [16, 0.5, 11, 1], "texture": "#0"}
			}
		},
		{
			"from": [3, 0, 7],
			"to": [13, 14, 8.25],
			"rotation": {"angle": -22.5, "axis": "x", "origin": [8, 14.5, 7.625]},
			"faces": {
				"north": {"uv": [0, 7.5, 5, 14.5], "texture": "#0"},
				"east": {"uv": [10.5, 0, 11, 7], "texture": "#0"},
				"south": {"uv": [5, 7.5, 10, 14.5], "texture": "#0"},
				"west": {"uv": [10.5, 7, 11, 14], "texture": "#0"},
				"up": {"uv": [16, 1.5, 11, 1], "texture": "#0"},
				"down": {"uv": [16, 1.5, 11, 2], "texture": "#0"}
			}
		}
	],
	"display": {
		"ground": {
			"translation": [0, 1.75, 0]
		},
		"head": {
			"translation": [0, 13.25, 0]
		},
		"fixed": {
			"rotation": [-90, 0, 0],
			"translation": [0, 0, -14],
			"scale": [2.06, 2.06, 2.06]
		}
	}
}