{
	"credit": "Made with Blockbench",
	"textures": {
		"0": "masp005:item/cover",
		"1": "block/coal_block",
		"2": "masp005:item/blast",
		"particle": "masp005:item/cover"
	},
	"elements": [
		{
			"from": [-16, 0, -4],
			"to": [-4, 2, 8],
			"rotation": {"angle": 0, "axis": "y", "origin": [-8, 0, -8]},
			"faces": {
				"north": {"uv": [3, 0, 15, 2], "texture": "#0"},
				"east": {"uv": [0, 0, 16, 16], "texture": "#missing"},
				"south": {"uv": [0, 0, 16, 16], "texture": "#missing"},
				"west": {"uv": [3, 0, 15, 2], "texture": "#0"},
				"up": {"uv": [0, 0, 14, 14], "texture": "#0"},
				"down": {"uv": [0, 0, 16, 16], "rotation": 90, "texture": "#2"}
			}
		},
		{
			"from": [-16, 0, 8],
			"to": [-4, 2, 20],
			"rotation": {"angle": 0, "axis": "y", "origin": [-8, 0, -8]},
			"faces": {
				"north": {"uv": [0, 0, 16, 16], "texture": "#missing"},
				"east": {"uv": [0, 0, 16, 16], "texture": "#missing"},
				"south": {"uv": [3, 0, 15, 2], "texture": "#0"},
				"west": {"uv": [3, 0, 15, 2], "texture": "#0"},
				"up": {"uv": [0, 0, 14, 14], "rotation": 270, "texture": "#0"},
				"down": {"uv": [0, 0, 16, 16], "rotation": 90, "texture": "#2"}
			}
		},
		{
			"from": [-4, 0, 8],
			"to": [8, 2, 20],
			"rotation": {"angle": 0, "axis": "y", "origin": [-8, 0, -8]},
			"faces": {
				"north": {"uv": [0, 0, 16, 16], "texture": "#missing"},
				"east": {"uv": [0, 0, 16, 16], "texture": "#missing"},
				"south": {"uv": [0, 0, 16, 16], "texture": "#missing"},
				"west": {"uv": [0, 0, 16, 16], "texture": "#missing"},
				"up": {"uv": [2, 2, 16, 16], "rotation": 90, "texture": "#0"},
				"down": {"uv": [0, 0, 16, 16], "texture": "#1"}
			}
		},
		{
			"from": [-4, 0, 20],
			"to": [8, 2, 32],
			"rotation": {"angle": 0, "axis": "y", "origin": [-8, 0, -8]},
			"faces": {
				"north": {"uv": [0, 0, 16, 16], "texture": "#missing"},
				"east": {"uv": [0, 0, 16, 16], "texture": "#missing"},
				"south": {"uv": [3, 0, 15, 2], "texture": "#0"},
				"west": {"uv": [3, 0, 15, 2], "texture": "#0"},
				"up": {"uv": [0, 0, 14, 14], "rotation": 270, "texture": "#0"},
				"down": {"uv": [0, 0, 16, 16], "rotation": 180, "texture": "#2"}
			}
		},
		{
			"from": [8, 0, 20],
			"to": [20, 2, 32],
			"rotation": {"angle": 0, "axis": "y", "origin": [-8, 0, -8]},
			"faces": {
				"north": {"uv": [0, 0, 16, 16], "texture": "#missing"},
				"east": {"uv": [3, 0, 15, 2], "texture": "#0"},
				"south": {"uv": [3, 0, 15, 2], "texture": "#0"},
				"west": {"uv": [0, 0, 16, 16], "texture": "#missing"},
				"up": {"uv": [0, 0, 14, 14], "rotation": 180, "texture": "#0"},
				"down": {"uv": [0, 0, 16, 16], "rotation": 180, "texture": "#2"}
			}
		},
		{
			"from": [8, 0, 8],
			"to": [20, 2, 20],
			"rotation": {"angle": 0, "axis": "y", "origin": [-8, 0, -8]},
			"faces": {
				"north": {"uv": [0, 0, 16, 16], "texture": "#missing"},
				"east": {"uv": [0, 0, 16, 16], "texture": "#missing"},
				"south": {"uv": [0, 0, 16, 16], "texture": "#missing"},
				"west": {"uv": [0, 0, 16, 16], "texture": "#missing"},
				"up": {"uv": [2, 2, 16, 16], "texture": "#0"},
				"down": {"uv": [0, 0, 16, 16], "texture": "#1"}
			}
		},
		{
			"from": [20, 0, 8],
			"to": [32, 2, 20],
			"rotation": {"angle": 0, "axis": "y", "origin": [-8, 0, -8]},
			"faces": {
				"north": {"uv": [0, 0, 16, 16], "texture": "#missing"},
				"east": {"uv": [3, 0, 15, 2], "texture": "#0"},
				"south": {"uv": [3, 0, 15, 2], "texture": "#0"},
				"west": {"uv": [0, 0, 16, 16], "texture": "#missing"},
				"up": {"uv": [0, 0, 14, 14], "rotation": 180, "texture": "#0"},
				"down": {"uv": [0, 0, 16, 16], "rotation": 270, "texture": "#2"}
			}
		},
		{
			"from": [20, 0, -4],
			"to": [32, 2, 8],
			"rotation": {"angle": 0, "axis": "y", "origin": [-8, 0, -8]},
			"faces": {
				"north": {"uv": [3, 0, 15, 2], "texture": "#0"},
				"east": {"uv": [3, 0, 15, 2], "texture": "#0"},
				"south": {"uv": [0, 0, 16, 16], "texture": "#missing"},
				"west": {"uv": [0, 0, 16, 16], "texture": "#missing"},
				"up": {"uv": [0, 0, 14, 14], "rotation": 90, "texture": "#0"},
				"down": {"uv": [0, 0, 16, 16], "rotation": 270, "texture": "#2"}
			}
		},
		{
			"from": [8, 0, -4],
			"to": [20, 2, 8],
			"rotation": {"angle": 0, "axis": "y", "origin": [-8, 0, -8]},
			"faces": {
				"north": {"uv": [0, 0, 16, 16], "texture": "#missing"},
				"east": {"uv": [0, 0, 16, 16], "texture": "#missing"},
				"south": {"uv": [0, 0, 16, 16], "texture": "#missing"},
				"west": {"uv": [0, 0, 16, 16], "texture": "#missing"},
				"up": {"uv": [2, 2, 16, 16], "rotation": 270, "texture": "#0"},
				"down": {"uv": [0, 0, 16, 16], "texture": "#1"}
			}
		},
		{
			"from": [8, 0, -16],
			"to": [20, 2, -4],
			"rotation": {"angle": 0, "axis": "y", "origin": [-8, 0, -8]},
			"faces": {
				"north": {"uv": [3, 0, 15, 2], "texture": "#0"},
				"east": {"uv": [3, 0, 15, 2], "texture": "#0"},
				"south": {"uv": [0, 0, 16, 16], "texture": "#missing"},
				"west": {"uv": [0, 0, 16, 16], "texture": "#missing"},
				"up": {"uv": [0, 0, 14, 14], "rotation": 90, "texture": "#0"},
				"down": {"uv": [0, 0, 16, 16], "texture": "#2"}
			}
		},
		{
			"from": [-4, 0, -16],
			"to": [8, 2, -4],
			"rotation": {"angle": 0, "axis": "y", "origin": [-8, 0, -8]},
			"faces": {
				"north": {"uv": [3, 0, 15, 2], "texture": "#0"},
				"east": {"uv": [0, 0, 16, 16], "texture": "#missing"},
				"south": {"uv": [0, 0, 16, 16], "texture": "#missing"},
				"west": {"uv": [3, 0, 15, 2], "texture": "#0"},
				"up": {"uv": [0, 0, 14, 14], "texture": "#0"},
				"down": {"uv": [0, 0, 16, 16], "texture": "#2"}
			}
		},
		{
			"from": [-4, 0, -4],
			"to": [8, 2, 8],
			"rotation": {"angle": 0, "axis": "y", "origin": [-8, 0, -8]},
			"faces": {
				"north": {"uv": [0, 0, 16, 16], "texture": "#missing"},
				"east": {"uv": [0, 0, 16, 16], "texture": "#missing"},
				"south": {"uv": [0, 0, 16, 16], "texture": "#missing"},
				"west": {"uv": [0, 0, 16, 16], "texture": "#missing"},
				"up": {"uv": [2, 2, 16, 16], "rotation": 180, "texture": "#0"},
				"down": {"uv": [0, 0, 16, 16], "texture": "#1"}
			}
		}
	],
	"display": {
		"gui": {
			"rotation": [45, 45, 0],
			"translation": [0, 4.25, 0],
			"scale": [0.34, 1, 0.34]
		},
		"head": {
			"scale": [2.15, 2.15, 2.15]
		}
	}
}