{
	"textures": {
		"4": "kello:item/decal/checkpoint_flag/dead"
	},
	"elements": [
		{
			"from": [
				7.448275862068965,
				7.448275862068965,
				7.448275862068965
			],
			"to": [
				8.551724137931034,
				30.620689655172413,
				8.551724137931034
			],
			"rotation": {
				"angle": 0,
				"axis": "y",
				"origin": [
					8,
					8.551724137931034,
					8
				]
			},
			"faces": {
				"north": {
					"uv": [
						3.5,
						0,
						4,
						10.5
					],
					"texture": "#4"
				},
				"east": {
					"uv": [
						4,
						0,
						4.5,
						10.5
					],
					"texture": "#4"
				},
				"south": {
					"uv": [
						4.5,
						0,
						5,
						10.5
					],
					"texture": "#4"
				},
				"west": {
					"uv": [
						5,
						0,
						5.5,
						10.5
					],
					"texture": "#4"
				},
				"up": {
					"uv": [
						6.25,
						1,
						5.75,
						0.5
					],
					"texture": "#4"
				},
				"down": {
					"uv": [
						6.25,
						1,
						5.75,
						1.5
					],
					"texture": "#4"
				}
			}
		},
		{
			"from": [
				8.551724137931034,
				22.4551724137931,
				8.110344827586207
			],
			"to": [
				10.206896551724139,
				24.110344827586207,
				8.110344827586207
			],
			"rotation": {
				"angle": -22.5,
				"axis": "z",
				"origin": [
					8.827586206896552,
					22.73103448275862,
					8
				]
			},
			"faces": {
				"north": {
					"uv": [
						6.5,
						0,
						7.25,
						0.75
					],
					"texture": "#4"
				},
				"east": {
					"uv": [
						0,
						0,
						0,
						0
					],
					"texture": "#4"
				},
				"south": {
					"uv": [
						7.25,
						0,
						6.5,
						0.75
					],
					"texture": "#4"
				},
				"west": {
					"uv": [
						0,
						0,
						0,
						0
					],
					"texture": "#4"
				},
				"up": {
					"uv": [
						0,
						0,
						0,
						0
					],
					"texture": "#4"
				},
				"down": {
					"uv": [
						0,
						0,
						0,
						0
					],
					"texture": "#4"
				}
			}
		},
		{
			"from": [
				8.551724137931034,
				20.855172413793106,
				8
			],
			"to": [
				10.206896551724139,
				22.51034482758621,
				8
			],
			"rotation": {
				"angle": 22.5,
				"axis": "z",
				"origin": [
					8.827586206896552,
					22.344827586206897,
					8
				]
			},
			"faces": {
				"north": {
					"uv": [
						7.25,
						0,
						8,
						0.75
					],
					"rotation": 270,
					"texture": "#4"
				},
				"east": {
					"uv": [
						0,
						0,
						0,
						0
					],
					"rotation": 90,
					"texture": "#4"
				},
				"south": {
					"uv": [
						8,
						0,
						7.25,
						0.75
					],
					"rotation": 270,
					"texture": "#4"
				},
				"west": {
					"uv": [
						0,
						0,
						0,
						0
					],
					"rotation": 90,
					"texture": "#4"
				},
				"up": {
					"uv": [
						0,
						0,
						0,
						0
					],
					"rotation": 90,
					"texture": "#4"
				},
				"down": {
					"uv": [
						0,
						0,
						0,
						0
					],
					"rotation": 90,
					"texture": "#4"
				}
			}
		},
		{
			"from": [
				8.551724137931034,
				28.193103448275863,
				8
			],
			"to": [
				10.206896551724139,
				29.848275862068967,
				8
			],
			"rotation": {
				"angle": 22.5,
				"axis": "z",
				"origin": [
					8.827586206896552,
					29.682758620689654,
					8
				]
			},
			"faces": {
				"north": {
					"uv": [
						6.5,
						0.75,
						7.25,
						1.5
					],
					"rotation": 270,
					"texture": "#4"
				},
				"east": {
					"uv": [
						0,
						0,
						0,
						0
					],
					"rotation": 90,
					"texture": "#4"
				},
				"south": {
					"uv": [
						7.25,
						0.75,
						6.5,
						1.5
					],
					"rotation": 270,
					"texture": "#4"
				},
				"west": {
					"uv": [
						0,
						0,
						0,
						0
					],
					"rotation": 90,
					"texture": "#4"
				},
				"up": {
					"uv": [
						0,
						0,
						0,
						0
					],
					"rotation": 90,
					"texture": "#4"
				},
				"down": {
					"uv": [
						0,
						0,
						0,
						0
					],
					"rotation": 90,
					"texture": "#4"
				}
			}
		},
		{
			"from": [
				8.551724137931034,
				29.79310344827586,
				8.110344827586207
			],
			"to": [
				10.206896551724139,
				31.448275862068964,
				8.110344827586207
			],
			"rotation": {
				"angle": -22.5,
				"axis": "z",
				"origin": [
					8.827586206896552,
					30.06896551724138,
					8
				]
			},
			"faces": {
				"north": {
					"uv": [
						7.25,
						0,
						8,
						0.75
					],
					"texture": "#4"
				},
				"east": {
					"uv": [
						0,
						0,
						0,
						0
					],
					"texture": "#4"
				},
				"south": {
					"uv": [
						8,
						0,
						7.25,
						0.75
					],
					"texture": "#4"
				},
				"west": {
					"uv": [
						0,
						0,
						0,
						0
					],
					"texture": "#4"
				},
				"up": {
					"uv": [
						0,
						0,
						0,
						0
					],
					"texture": "#4"
				},
				"down": {
					"uv": [
						0,
						0,
						0,
						0
					],
					"texture": "#4"
				}
			}
		}
	],
	"display": {
		"head": {
			"rotation": [
				0,
				180,
				0
			]
		}
	}
}