{
  "variants": {
    "facing=east,half=bottom,shape=inner_left,waterlogged=false": {
      "model": "minecraft:block/oxidized_cut_copper_stairs_inner",
      "y": 270,
      "uvlock": true
    },
    "facing=east,half=bottom,shape=inner_right,waterlogged=false": {
      "model": "minecraft:block/oxidized_cut_copper_stairs_inner"
    },
    "facing=east,half=bottom,shape=outer_left,waterlogged=false": {
      "model": "minecraft:block/oxidized_cut_copper_stairs_outer",
      "y": 270,
      "uvlock": true
    },
    "facing=east,half=bottom,shape=outer_right,waterlogged=false": {
      "model": "minecraft:block/oxidized_cut_copper_stairs_outer"
    },
    "facing=east,half=bottom,shape=straight,waterlogged=false": {
      "model": "minecraft:block/oxidized_cut_copper_stairs"
    },
    "facing=east,half=top,shape=inner_left,waterlogged=false": {
      "model": "minecraft:block/oxidized_cut_copper_stairs_inner",
      "x": 180,
      "uvlock": true
    },
    "facing=east,half=top,shape=inner_right,waterlogged=false": {
      "model": "minecraft:block/oxidized_cut_copper_stairs_inner",
      "x": 180,
      "y": 90,
      "uvlock": true
    },
    "facing=east,half=top,shape=outer_left,waterlogged=false": {
      "model": "minecraft:block/oxidized_cut_copper_stairs_outer",
      "x": 180,
      "uvlock": true
    },
    "facing=east,half=top,shape=outer_right": {
      "model": "minecraft:block/oxidized_cut_copper_stairs_outer",
      "x": 180,
      "y": 90,
      "uvlock": true
    },
    "facing=east,half=top,shape=straight": {
      "model": "minecraft:block/oxidized_cut_copper_stairs",
      "x": 180,
      "uvlock": true
    },
    "facing=north,half=bottom,shape=inner_left,waterlogged=false": {
      "model": "minecraft:block/oxidized_cut_copper_stairs_inner",
      "y": 180,
      "uvlock": true
    },
    "facing=north,half=bottom,shape=inner_right,waterlogged=false": {
      "model": "minecraft:block/oxidized_cut_copper_stairs_inner",
      "y": 270,
      "uvlock": true
    },
    "facing=north,half=bottom,shape=outer_left,waterlogged=false": {
      "model": "minecraft:block/oxidized_cut_copper_stairs_outer",
      "y": 180,
      "uvlock": true
    },
    "facing=north,half=bottom,shape=outer_right": {
      "model": "minecraft:block/oxidized_cut_copper_stairs_outer",
      "y": 270,
      "uvlock": true
    },
    "facing=north,half=bottom,shape=straight": {
      "model": "minecraft:block/oxidized_cut_copper_stairs",
      "y": 270,
      "uvlock": true
    },
    "facing=north,half=top,shape=inner_left,waterlogged=false": {
      "model": "minecraft:block/oxidized_cut_copper_stairs_inner",
      "x": 180,
      "y": 270,
      "uvlock": true
    },
    "facing=north,half=top,shape=inner_right,waterlogged=false": {
      "model": "minecraft:block/oxidized_cut_copper_stairs_inner",
      "x": 180,
      "uvlock": true
    },
    "facing=north,half=top,shape=outer_left,waterlogged=false": {
      "model": "minecraft:block/oxidized_cut_copper_stairs_outer",
      "x": 180,
      "y": 270,
      "uvlock": true
    },
    "facing=north,half=top,shape=outer_right": {
      "model": "minecraft:block/oxidized_cut_copper_stairs_outer",
      "x": 180,
      "uvlock": true
    },
    "facing=north,half=top,shape=straight": {
      "model": "minecraft:block/oxidized_cut_copper_stairs",
      "x": 180,
      "y": 270,
      "uvlock": true
    },
    "facing=south,half=bottom,shape=inner_left,waterlogged=false": {
      "model": "minecraft:block/oxidized_cut_copper_stairs_inner"
    },
    "facing=south,half=bottom,shape=inner_right,waterlogged=false": {
      "model": "minecraft:block/oxidized_cut_copper_stairs_inner",
      "y": 90,
      "uvlock": true
    },
    "facing=south,half=bottom,shape=outer_left,waterlogged=false": {
      "model": "minecraft:block/oxidized_cut_copper_stairs_outer"
    },
    "facing=south,half=bottom,shape=outer_right": {
      "model": "minecraft:block/oxidized_cut_copper_stairs_outer",
      "y": 90,
      "uvlock": true
    },
    "facing=south,half=bottom,shape=straight": {
      "model": "minecraft:block/oxidized_cut_copper_stairs",
      "y": 90,
      "uvlock": true
    },
    "facing=south,half=top,shape=inner_left,waterlogged=false": {
      "model": "minecraft:block/oxidized_cut_copper_stairs_inner",
      "x": 180,
      "y": 90,
      "uvlock": true
    },
    "facing=south,half=top,shape=inner_right,waterlogged=false": {
      "model": "minecraft:block/oxidized_cut_copper_stairs_inner",
      "x": 180,
      "y": 180,
      "uvlock": true
    },
    "facing=south,half=top,shape=outer_left,waterlogged=false": {
      "model": "minecraft:block/oxidized_cut_copper_stairs_outer",
      "x": 180,
      "y": 90,
      "uvlock": true
    },
    "facing=south,half=top,shape=outer_right": {
      "model": "minecraft:block/oxidized_cut_copper_stairs_outer",
      "x": 180,
      "y": 180,
      "uvlock": true
    },
    "facing=south,half=top,shape=straight": {
      "model": "minecraft:block/oxidized_cut_copper_stairs",
      "x": 180,
      "y": 90,
      "uvlock": true
    },
    "facing=west,half=bottom,shape=inner_left,waterlogged=false": {
      "model": "minecraft:block/oxidized_cut_copper_stairs_inner",
      "y": 90,
      "uvlock": true
    },
    "facing=west,half=bottom,shape=inner_right,waterlogged=false": {
      "model": "minecraft:block/oxidized_cut_copper_stairs_inner",
      "y": 180,
      "uvlock": true
    },
    "facing=west,half=bottom,shape=outer_left,waterlogged=false": {
      "model": "minecraft:block/oxidized_cut_copper_stairs_outer",
      "y": 90,
      "uvlock": true
    },
    "facing=west,half=bottom,shape=outer_right": {
      "model": "minecraft:block/oxidized_cut_copper_stairs_outer",
      "y": 180,
      "uvlock": true
    },
    "facing=west,half=bottom,shape=straight": {
      "model": "minecraft:block/oxidized_cut_copper_stairs",
      "y": 180,
      "uvlock": true
    },
    "facing=west,half=top,shape=inner_left,waterlogged=false": {
      "model": "minecraft:block/oxidized_cut_copper_stairs_inner",
      "x": 180,
      "y": 180,
      "uvlock": true
    },
    "facing=west,half=top,shape=inner_right,waterlogged=false": {
      "model": "minecraft:block/oxidized_cut_copper_stairs_inner",
      "x": 180,
      "y": 270,
      "uvlock": true
    },
    "facing=west,half=top,shape=outer_left,waterlogged=false": {
      "model": "minecraft:block/oxidized_cut_copper_stairs_outer",
      "x": 180,
      "y": 180,
      "uvlock": true
    },
    "facing=west,half=top,shape=outer_right": {
      "model": "minecraft:block/oxidized_cut_copper_stairs_outer",
      "x": 180,
      "y": 270,
      "uvlock": true
    },
    "facing=west,half=top,shape=straight": {
      "model": "minecraft:block/oxidized_cut_copper_stairs",
      "x": 180,
      "y": 180,
      "uvlock": true
    },
	"facing=east,half=bottom,shape=inner_left,waterlogged=true": {
      "model": "earthmere:custom/0",
      "y": 270,
      "uvlock": true
    },
    "facing=east,half=bottom,shape=inner_right,waterlogged=true": {
      "model": "earthmere:custom/1"
    },
    "facing=east,half=bottom,shape=outer_left,waterlogged=true": {
      "model": "earthmere:custom/2",
      "y": 270,
      "uvlock": true
    },
    "facing=east,half=top,shape=inner_left,waterlogged=true": {
      "model": "earthmere:custom/3",
      "x": 180,
      "uvlock": true
    },
    "facing=east,half=top,shape=inner_right,waterlogged=true": {
      "model": "earthmere:custom/4",
      "x": 180,
      "y": 90,
      "uvlock": true
    },
    "facing=east,half=top,shape=outer_left,waterlogged=true": {
      "model": "earthmere:custom/5",
      "x": 180,
      "uvlock": true
    },
    "facing=north,half=bottom,shape=inner_left,waterlogged=true": {
      "model": "earthmere:custom/6",
      "y": 180,
      "uvlock": true
    },
    "facing=north,half=bottom,shape=inner_right,waterlogged=true": {
      "model": "earthmere:custom/7",
      "y": 270,
      "uvlock": true
    },
    "facing=north,half=bottom,shape=outer_left,waterlogged=true": {
      "model": "earthmere:custom/8",
      "y": 180,
      "uvlock": true
    },
    "facing=north,half=top,shape=inner_left,waterlogged=true": {
      "model": "earthmere:custom/9",
      "x": 180,
      "y": 270,
      "uvlock": true
    },
    "facing=north,half=top,shape=inner_right,waterlogged=true": {
      "model": "earthmere:custom/10",
      "x": 180,
      "uvlock": true
    },
    "facing=north,half=top,shape=outer_left,waterlogged=true": {
      "model": "earthmere:custom/11",
      "x": 180,
      "y": 270,
      "uvlock": true
    },
    "facing=south,half=bottom,shape=inner_left,waterlogged=true": {
      "model": "earthmere:custom/12"
    },
    "facing=south,half=bottom,shape=inner_right,waterlogged=true": {
      "model": "earthmere:custom/13",
      "y": 90,
      "uvlock": true
    },
    "facing=south,half=bottom,shape=outer_left,waterlogged=true": {
      "model": "earthmere:custom/14"
    },
    "facing=south,half=top,shape=inner_left,waterlogged=true": {
      "model": "earthmere:custom/15",
      "x": 180,
      "y": 90,
      "uvlock": true
    },
    "facing=south,half=top,shape=inner_right,waterlogged=true": {
      "model": "earthmere:custom/16",
      "x": 180,
      "y": 180,
      "uvlock": true
    },
    "facing=south,half=top,shape=outer_left,waterlogged=true": {
      "model": "earthmere:custom/17",
      "x": 180,
      "y": 90,
      "uvlock": true
    },
    "facing=west,half=bottom,shape=inner_left,waterlogged=true": {
      "model": "earthmere:custom/18",
      "y": 90,
      "uvlock": true
    },
    "facing=west,half=bottom,shape=inner_right,waterlogged=true": {
      "model": "earthmere:custom/19",
      "y": 180,
      "uvlock": true
    },
    "facing=west,half=bottom,shape=outer_left,waterlogged=true": {
      "model": "earthmere:custom/20",
      "y": 90,
      "uvlock": true
    },
    "facing=west,half=top,shape=inner_left,waterlogged=true": {
      "model": "earthmere:custom/21",
      "x": 180,
      "y": 180,
      "uvlock": true
    },
    "facing=west,half=top,shape=inner_right,waterlogged=true": {
      "model": "earthmere:custom/22",
      "x": 180,
      "y": 270,
      "uvlock": true
    },
    "facing=west,half=top,shape=outer_left,waterlogged=true": {
      "model": "earthmere:custom/23",
      "x": 180,
      "y": 180,
      "uvlock": true
    },
    "facing=east,half=bottom,shape=outer_right,waterlogged=true": {
      "model": "earthmere:custom/24"
    },
    "facing=east,half=bottom,shape=straight,waterlogged=true": {
      "model": "earthmere:custom/25"
    }
  }
}