{
	"textures": {
		"0": "kello:item/decal/melloflora_lantern_blue",
		"1": "kello:item/decal/melloflora_loop_0"
	},
	"elements": [
		{
			"from": [
				7.599045346062052,
				-13.63436754176611,
				7.599045346062052
			],
			"to": [
				8.400954653937948,
				-12.603341288782815,
				8.400954653937948
			],
			"rotation": {
				"angle": 0,
				"axis": "y",
				"origin": [
					7.0858233890214795,
					-13.506062052505968,
					7.0858233890214795
				]
			},
			"faces": {
				"north": {
					"uv": [
						0,
						9.5,
						2.45,
						12.975
					],
					"texture": "#0"
				},
				"east": {
					"uv": [
						0,
						9.5,
						2.45,
						12.975
					],
					"texture": "#0"
				},
				"south": {
					"uv": [
						0,
						9.5,
						2.45,
						12.975
					],
					"texture": "#0"
				},
				"west": {
					"uv": [
						0,
						9.5,
						2.45,
						12.975
					],
					"texture": "#0"
				},
				"up": {
					"uv": [
						5,
						13,
						7.5,
						15.5
					],
					"texture": "#0"
				},
				"down": {
					"uv": [
						0,
						13,
						2.5,
						15.5
					],
					"texture": "#0"
				}
			}
		},
		{
			"from": [
				8.458233890214798,
				-12.546062052505967,
				8.458233890214798
			],
			"to": [
				7.541766109785203,
				-13.691646778042958,
				7.541766109785203
			],
			"rotation": {
				"angle": 0,
				"axis": "y",
				"origin": [
					7.0858233890214795,
					-13.506062052505968,
					7.0858233890214795
				]
			},
			"faces": {
				"north": {
					"uv": [
						8,
						14.5,
						8.45,
						15.475
					],
					"rotation": 180,
					"texture": "#0"
				},
				"east": {
					"uv": [
						8,
						14.5,
						8.45,
						15.475
					],
					"rotation": 180,
					"texture": "#0"
				},
				"south": {
					"uv": [
						8,
						14.5,
						8.45,
						15.475
					],
					"rotation": 180,
					"texture": "#0"
				},
				"west": {
					"uv": [
						8,
						14.5,
						8.45,
						15.475
					],
					"rotation": 180,
					"texture": "#0"
				},
				"up": {
					"uv": [
						8,
						15,
						8.45,
						15.475
					],
					"rotation": 180,
					"texture": "#0"
				},
				"down": {
					"uv": [
						8,
						14.5,
						8.45,
						14.975
					],
					"rotation": 180,
					"texture": "#0"
				}
			}
		},
		{
			"from": [
				7.684964200477327,
				-12.591885441527449,
				7.742243436754176
			],
			"to": [
				8.315035799522674,
				-12.362768496420049,
				8.257756563245824
			],
			"rotation": {
				"angle": 0,
				"axis": "y",
				"origin": [
					7.0858233890214795,
					-13.506062052505968,
					7.0858233890214795
				]
			},
			"faces": {
				"north": {
					"uv": [
						0.5,
						8.5,
						2.5,
						9.45
					],
					"texture": "#0"
				},
				"east": {
					"uv": [
						0.5,
						8.5,
						2.5,
						9.45
					],
					"texture": "#0"
				},
				"south": {
					"uv": [
						0.5,
						8.5,
						2.5,
						9.45
					],
					"texture": "#0"
				},
				"west": {
					"uv": [
						0.5,
						8.5,
						2.5,
						9.45
					],
					"texture": "#0"
				},
				"up": {
					"uv": [
						0.5,
						13.5,
						2.5,
						15.5
					],
					"texture": "#0"
				},
				"down": {
					"uv": [
						0,
						8.5,
						0,
						8.5
					],
					"texture": "#0"
				}
			}
		},
		{
			"from": [
				6.854415274463007,
				-13.505489260143197,
				8
			],
			"to": [
				7.427207637231504,
				-12.359904534606201,
				8
			],
			"rotation": {
				"angle": -45,
				"axis": "y",
				"origin": [
					8,
					-12.783770883054892,
					8
				]
			},
			"faces": {
				"north": {
					"uv": [
						5.5,
						5.5,
						3,
						10.5
					],
					"texture": "#0",
					"tintindex": 0
				},
				"south": {
					"uv": [
						3,
						5.5,
						5.5,
						10.5
					],
					"texture": "#0",
					"tintindex": 0
				}
			}
		},
		{
			"from": [
				7.954176610978521,
				-13.597136038186154,
				8.538424821002387
			],
			"to": [
				7.954176610978521,
				-12.451551312649158,
				9.225775656324583
			],
			"rotation": {
				"angle": -45,
				"axis": "y",
				"origin": [
					7.954176610978521,
					-12.9326968973747,
					8.171837708830548
				]
			},
			"faces": {
				"east": {
					"uv": [
						8.5,
						6,
						5.5,
						11
					],
					"texture": "#0",
					"tintindex": 0
				},
				"west": {
					"uv": [
						5.5,
						6,
						8.5,
						11
					],
					"texture": "#0",
					"tintindex": 0
				}
			}
		},
		{
			"from": [
				8,
				-13.471121718377088,
				8.549880668257757
			],
			"to": [
				8,
				-12.325536992840096,
				9.35178997613365
			],
			"rotation": {
				"angle": 45,
				"axis": "y",
				"origin": [
					8,
					-12.783770883054892,
					8
				]
			},
			"faces": {
				"east": {
					"uv": [
						12,
						5.5,
						8.5,
						10.5
					],
					"texture": "#0",
					"tintindex": 0
				},
				"west": {
					"uv": [
						8.5,
						5.5,
						12,
						10.5
					],
					"texture": "#0",
					"tintindex": 0
				}
			}
		},
		{
			"from": [
				8.481145584725537,
				-13.459665871121722,
				8
			],
			"to": [
				9.053937947494033,
				-12.31408114558473,
				8
			],
			"rotation": {
				"angle": 22.5,
				"axis": "z",
				"origin": [
					8.515513126491648,
					-12.508830548926017,
					8
				]
			},
			"faces": {
				"north": {
					"uv": [
						3,
						5.5,
						5.5,
						10.5
					],
					"texture": "#0",
					"tintindex": 0
				},
				"south": {
					"uv": [
						5.5,
						5.5,
						3,
						10.5
					],
					"texture": "#0",
					"tintindex": 0
				}
			}
		},
		{
			"from": [
				8,
				-13.471121718377088,
				6.842959427207638
			],
			"to": [
				8,
				-12.325536992840096,
				7.530310262529833
			],
			"rotation": {
				"angle": -22.5,
				"axis": "y",
				"origin": [
					8,
					-12.783770883054892,
					8
				]
			},
			"faces": {
				"east": {
					"uv": [
						5.5,
						5.5,
						8.5,
						10.5
					],
					"texture": "#0",
					"tintindex": 0
				},
				"west": {
					"uv": [
						8.5,
						5.5,
						5.5,
						10.5
					],
					"texture": "#0",
					"tintindex": 0
				}
			}
		},
		{
			"from": [
				8,
				8.475417661097852,
				7.828162291169451
			],
			"to": [
				8,
				10.308353221957042,
				8.171837708830548
			],
			"rotation": {
				"angle": 45,
				"axis": "y",
				"origin": [
					8,
					7.6735083532219575,
					8
				]
			},
			"faces": {
				"east": {
					"uv": [
						1.5,
						0,
						3,
						8
					],
					"texture": "#0",
					"tintindex": 0
				},
				"west": {
					"uv": [
						3,
						0,
						1.5,
						8
					],
					"texture": "#0",
					"tintindex": 0
				}
			}
		},
		{
			"from": [
				7.828162291169451,
				8.475417661097852,
				8
			],
			"to": [
				8.171837708830548,
				10.308353221957042,
				8
			],
			"rotation": {
				"angle": 45,
				"axis": "y",
				"origin": [
					8,
					7.6735083532219575,
					8
				]
			},
			"faces": {
				"north": {
					"uv": [
						1.5,
						0,
						0,
						8
					],
					"texture": "#0",
					"tintindex": 0
				},
				"south": {
					"uv": [
						0,
						0,
						1.5,
						8
					],
					"texture": "#0",
					"tintindex": 0
				}
			}
		},
		{
			"from": [
				7.828162291169451,
				6.642482100238663,
				8
			],
			"to": [
				8.171837708830548,
				8.475417661097852,
				8
			],
			"rotation": {
				"angle": 45,
				"axis": "y",
				"origin": [
					8,
					7.6735083532219575,
					8
				]
			},
			"faces": {
				"north": {
					"uv": [
						1.5,
						0,
						0,
						8
					],
					"texture": "#0",
					"tintindex": 0
				},
				"south": {
					"uv": [
						0,
						0,
						1.5,
						8
					],
					"texture": "#0",
					"tintindex": 0
				}
			}
		},
		{
			"from": [
				8,
				6.642482100238663,
				7.828162291169451
			],
			"to": [
				8,
				8.475417661097852,
				8.171837708830548
			],
			"rotation": {
				"angle": 45,
				"axis": "y",
				"origin": [
					8,
					7.6735083532219575,
					8
				]
			},
			"faces": {
				"east": {
					"uv": [
						1.5,
						0,
						3,
						8
					],
					"texture": "#0",
					"tintindex": 0
				},
				"west": {
					"uv": [
						3,
						0,
						1.5,
						8
					],
					"texture": "#0",
					"tintindex": 0
				}
			}
		},
		{
			"from": [
				8,
				6.757040572792363,
				8.171837708830548
			],
			"to": [
				8,
				7.558949880668258,
				8.973747016706444
			],
			"rotation": {
				"angle": 45,
				"axis": "y",
				"origin": [
					8,
					7.6735083532219575,
					8
				]
			},
			"faces": {
				"east": {
					"uv": [
						0,
						0,
						3.5,
						3.5
					],
					"texture": "#1",
					"tintindex": 0
				},
				"west": {
					"uv": [
						3.5,
						0,
						0,
						3.5
					],
					"texture": "#1",
					"tintindex": 0
				}
			}
		},
		{
			"from": [
				8.171837708830548,
				-0.6892601431980907,
				8
			],
			"to": [
				8.973747016706444,
				0.11264916467780495,
				8
			],
			"rotation": {
				"angle": -45,
				"axis": "y",
				"origin": [
					8,
					-0.11646778042959482,
					8
				]
			},
			"faces": {
				"north": {
					"uv": [
						0,
						0,
						3.5,
						3.5
					],
					"texture": "#1",
					"tintindex": 0
				},
				"south": {
					"uv": [
						3.5,
						0,
						0,
						3.5
					],
					"texture": "#1",
					"tintindex": 0
				}
			}
		},
		{
			"from": [
				7.026252983293556,
				1.3727923627684957,
				8
			],
			"to": [
				7.828162291169451,
				2.1747016706443913,
				8
			],
			"rotation": {
				"angle": 45,
				"axis": "y",
				"origin": [
					8,
					7.6735083532219575,
					8
				]
			},
			"faces": {
				"north": {
					"uv": [
						3.5,
						0,
						0,
						3.5
					],
					"texture": "#1",
					"tintindex": 0
				},
				"south": {
					"uv": [
						0,
						0,
						3.5,
						3.5
					],
					"texture": "#1",
					"tintindex": 0
				}
			}
		},
		{
			"from": [
				8,
				5.267780429594271,
				8.171837708830548
			],
			"to": [
				8,
				5.955131264916467,
				8.859188544152744
			],
			"rotation": {
				"angle": -45,
				"axis": "y",
				"origin": [
					8,
					7.6735083532219575,
					8
				]
			},
			"faces": {
				"east": {
					"uv": [
						3.5,
						0,
						6.5,
						3
					],
					"texture": "#1",
					"tintindex": 0
				},
				"west": {
					"uv": [
						6.5,
						0,
						3.5,
						3
					],
					"texture": "#1",
					"tintindex": 0
				}
			}
		},
		{
			"from": [
				8,
				8.131742243436754,
				7.140811455847255
			],
			"to": [
				8,
				8.81909307875895,
				7.828162291169451
			],
			"rotation": {
				"angle": 45,
				"axis": "y",
				"origin": [
					8,
					7.6735083532219575,
					8
				]
			},
			"faces": {
				"east": {
					"uv": [
						6.5,
						0,
						3.5,
						3
					],
					"texture": "#1",
					"tintindex": 0
				},
				"west": {
					"uv": [
						3.5,
						0,
						6.5,
						3
					],
					"texture": "#1",
					"tintindex": 0
				}
			}
		},
		{
			"from": [
				8.171837708830548,
				-4.1260143198090695,
				8
			],
			"to": [
				8.973747016706444,
				-3.209546539379474,
				8
			],
			"rotation": {
				"angle": -45,
				"axis": "y",
				"origin": [
					8,
					7.6735083532219575,
					8
				]
			},
			"faces": {
				"north": {
					"uv": [
						6.5,
						0,
						10,
						4
					],
					"texture": "#1",
					"tintindex": 0
				},
				"south": {
					"uv": [
						10,
						0,
						6.5,
						4
					],
					"texture": "#1",
					"tintindex": 0
				}
			}
		},
		{
			"from": [
				8.171837708830548,
				2.5183770883054892,
				8
			],
			"to": [
				8.973747016706444,
				3.434844868735083,
				8
			],
			"rotation": {
				"angle": -22.5,
				"axis": "y",
				"origin": [
					8,
					7.6735083532219575,
					8
				]
			},
			"faces": {
				"north": {
					"uv": [
						6.5,
						0,
						10,
						4
					],
					"texture": "#1",
					"tintindex": 0
				},
				"south": {
					"uv": [
						10,
						0,
						6.5,
						4
					],
					"texture": "#1",
					"tintindex": 0
				}
			}
		},
		{
			"from": [
				7.026252983293556,
				4.465871121718377,
				8
			],
			"to": [
				7.828162291169451,
				5.382338902147971,
				8
			],
			"rotation": {
				"angle": -45,
				"axis": "y",
				"origin": [
					8,
					7.6735083532219575,
					8
				]
			},
			"faces": {
				"north": {
					"uv": [
						10,
						0,
						6.5,
						4
					],
					"texture": "#1",
					"tintindex": 0
				},
				"south": {
					"uv": [
						6.5,
						0,
						10,
						4
					],
					"texture": "#1",
					"tintindex": 0
				}
			}
		},
		{
			"from": [
				7.828162291169451,
				4.8095465393794745,
				8
			],
			"to": [
				8.171837708830548,
				6.642482100238663,
				8
			],
			"rotation": {
				"angle": 45,
				"axis": "y",
				"origin": [
					8,
					7.6735083532219575,
					8
				]
			},
			"faces": {
				"north": {
					"uv": [
						1.5,
						0,
						0,
						8
					],
					"texture": "#0",
					"tintindex": 0
				},
				"south": {
					"uv": [
						0,
						0,
						1.5,
						8
					],
					"texture": "#0",
					"tintindex": 0
				}
			}
		},
		{
			"from": [
				8,
				4.8095465393794745,
				7.828162291169451
			],
			"to": [
				8,
				6.642482100238663,
				8.171837708830548
			],
			"rotation": {
				"angle": 45,
				"axis": "y",
				"origin": [
					8,
					7.6735083532219575,
					8
				]
			},
			"faces": {
				"east": {
					"uv": [
						1.5,
						0,
						3,
						8
					],
					"texture": "#0",
					"tintindex": 0
				},
				"west": {
					"uv": [
						3,
						0,
						1.5,
						8
					],
					"texture": "#0",
					"tintindex": 0
				}
			}
		},
		{
			"from": [
				7.828162291169451,
				1.1436754176610977,
				8
			],
			"to": [
				8.171837708830548,
				2.976610978520286,
				8
			],
			"rotation": {
				"angle": 45,
				"axis": "y",
				"origin": [
					8,
					7.6735083532219575,
					8
				]
			},
			"faces": {
				"north": {
					"uv": [
						1.5,
						0,
						0,
						8
					],
					"texture": "#0",
					"tintindex": 0
				},
				"south": {
					"uv": [
						0,
						0,
						1.5,
						8
					],
					"texture": "#0",
					"tintindex": 0
				}
			}
		},
		{
			"from": [
				8,
				1.1436754176610977,
				7.828162291169451
			],
			"to": [
				8,
				2.976610978520286,
				8.171837708830548
			],
			"rotation": {
				"angle": 45,
				"axis": "y",
				"origin": [
					8,
					7.6735083532219575,
					8
				]
			},
			"faces": {
				"east": {
					"uv": [
						1.5,
						0,
						3,
						8
					],
					"texture": "#0",
					"tintindex": 0
				},
				"west": {
					"uv": [
						3,
						0,
						1.5,
						8
					],
					"texture": "#0",
					"tintindex": 0
				}
			}
		},
		{
			"from": [
				8,
				-0.6892601431980907,
				7.828162291169451
			],
			"to": [
				8,
				1.1436754176610977,
				8.171837708830548
			],
			"rotation": {
				"angle": 45,
				"axis": "y",
				"origin": [
					8,
					-0.0019093078758949389,
					8
				]
			},
			"faces": {
				"east": {
					"uv": [
						1.5,
						0,
						3,
						8
					],
					"texture": "#0",
					"tintindex": 0
				},
				"west": {
					"uv": [
						3,
						0,
						1.5,
						8
					],
					"texture": "#0",
					"tintindex": 0
				}
			}
		},
		{
			"from": [
				7.828162291169451,
				-0.6892601431980907,
				8
			],
			"to": [
				8.171837708830548,
				1.1436754176610977,
				8
			],
			"rotation": {
				"angle": 45,
				"axis": "y",
				"origin": [
					8,
					7.6735083532219575,
					8
				]
			},
			"faces": {
				"north": {
					"uv": [
						1.5,
						0,
						0,
						8
					],
					"texture": "#0",
					"tintindex": 0
				},
				"south": {
					"uv": [
						0,
						0,
						1.5,
						8
					],
					"texture": "#0",
					"tintindex": 0
				}
			}
		},
		{
			"from": [
				8,
				2.976610978520286,
				7.828162291169451
			],
			"to": [
				8,
				4.8095465393794745,
				8.171837708830548
			],
			"rotation": {
				"angle": 45,
				"axis": "y",
				"origin": [
					8,
					7.6735083532219575,
					8
				]
			},
			"faces": {
				"east": {
					"uv": [
						1.5,
						0,
						3,
						8
					],
					"texture": "#0",
					"tintindex": 0
				},
				"west": {
					"uv": [
						3,
						0,
						1.5,
						8
					],
					"texture": "#0",
					"tintindex": 0
				}
			}
		},
		{
			"from": [
				7.828162291169451,
				2.976610978520286,
				8
			],
			"to": [
				8.171837708830548,
				4.8095465393794745,
				8
			],
			"rotation": {
				"angle": 45,
				"axis": "y",
				"origin": [
					8,
					7.6735083532219575,
					8
				]
			},
			"faces": {
				"north": {
					"uv": [
						1.5,
						0,
						0,
						8
					],
					"texture": "#0",
					"tintindex": 0
				},
				"south": {
					"uv": [
						0,
						0,
						1.5,
						8
					],
					"texture": "#0",
					"tintindex": 0
				}
			}
		},
		{
			"from": [
				7.8285918854415275,
				-12.2490692124105,
				8
			],
			"to": [
				8.171408114558472,
				-11.79198090692124,
				8
			],
			"rotation": {
				"angle": 45,
				"axis": "y",
				"origin": [
					8,
					-12.591885441527449,
					8
				]
			},
			"faces": {
				"north": {
					"uv": [
						4.49625,
						10.5,
						3,
						12.495
					],
					"texture": "#0",
					"tintindex": 0
				},
				"south": {
					"uv": [
						3,
						10.5,
						4.49625,
						12.495
					],
					"texture": "#0",
					"tintindex": 0
				}
			}
		},
		{
			"from": [
				8,
				-12.363341288782816,
				7.8285918854415275
			],
			"to": [
				8,
				-11.677708830548926,
				8.171408114558472
			],
			"rotation": {
				"angle": 45,
				"axis": "y",
				"origin": [
					8,
					-12.591885441527449,
					8
				]
			},
			"faces": {
				"east": {
					"uv": [
						3,
						13.0075,
						4.49625,
						16
					],
					"texture": "#0",
					"tintindex": 0
				},
				"west": {
					"uv": [
						4.49625,
						13.0075,
						3,
						16
					],
					"texture": "#0",
					"tintindex": 0
				}
			}
		},
		{
			"from": [
				7.828162291169451,
				-2.522195704057278,
				8
			],
			"to": [
				8.171837708830548,
				-0.6892601431980907,
				8
			],
			"rotation": {
				"angle": 45,
				"axis": "y",
				"origin": [
					8,
					-3.324105011933174,
					8
				]
			},
			"faces": {
				"north": {
					"uv": [
						1.5,
						0,
						0,
						8
					],
					"texture": "#0",
					"tintindex": 0
				},
				"south": {
					"uv": [
						0,
						0,
						1.5,
						8
					],
					"texture": "#0",
					"tintindex": 0
				}
			}
		},
		{
			"from": [
				8,
				-2.522195704057278,
				7.828162291169451
			],
			"to": [
				8,
				-0.6892601431980907,
				8.171837708830548
			],
			"rotation": {
				"angle": 45,
				"axis": "y",
				"origin": [
					8,
					-3.324105011933174,
					8
				]
			},
			"faces": {
				"east": {
					"uv": [
						1.5,
						0,
						3,
						8
					],
					"texture": "#0",
					"tintindex": 0
				},
				"west": {
					"uv": [
						3,
						0,
						1.5,
						8
					],
					"texture": "#0",
					"tintindex": 0
				}
			}
		},
		{
			"from": [
				8,
				-4.3551312649164675,
				7.828162291169451
			],
			"to": [
				8,
				-2.522195704057278,
				8.171837708830548
			],
			"rotation": {
				"angle": 45,
				"axis": "y",
				"origin": [
					8,
					-3.324105011933174,
					8
				]
			},
			"faces": {
				"east": {
					"uv": [
						1.5,
						0,
						3,
						8
					],
					"texture": "#0",
					"tintindex": 0
				},
				"west": {
					"uv": [
						3,
						0,
						1.5,
						8
					],
					"texture": "#0",
					"tintindex": 0
				}
			}
		},
		{
			"from": [
				7.828162291169451,
				-4.3551312649164675,
				8
			],
			"to": [
				8.171837708830548,
				-2.522195704057278,
				8
			],
			"rotation": {
				"angle": 45,
				"axis": "y",
				"origin": [
					8,
					-3.324105011933174,
					8
				]
			},
			"faces": {
				"north": {
					"uv": [
						1.5,
						0,
						0,
						8
					],
					"texture": "#0",
					"tintindex": 0
				},
				"south": {
					"uv": [
						0,
						0,
						1.5,
						8
					],
					"texture": "#0",
					"tintindex": 0
				}
			}
		},
		{
			"from": [
				8,
				-6.188066825775657,
				7.828162291169451
			],
			"to": [
				8,
				-4.3551312649164675,
				8.171837708830548
			],
			"rotation": {
				"angle": 45,
				"axis": "y",
				"origin": [
					8,
					-3.324105011933174,
					8
				]
			},
			"faces": {
				"east": {
					"uv": [
						1.5,
						0,
						3,
						8
					],
					"texture": "#0",
					"tintindex": 0
				},
				"west": {
					"uv": [
						3,
						0,
						1.5,
						8
					],
					"texture": "#0",
					"tintindex": 0
				}
			}
		},
		{
			"from": [
				7.828162291169451,
				-6.188066825775657,
				8
			],
			"to": [
				8.171837708830548,
				-4.3551312649164675,
				8
			],
			"rotation": {
				"angle": 45,
				"axis": "y",
				"origin": [
					8,
					-3.324105011933174,
					8
				]
			},
			"faces": {
				"north": {
					"uv": [
						1.5,
						0,
						0,
						8
					],
					"texture": "#0",
					"tintindex": 0
				},
				"south": {
					"uv": [
						0,
						0,
						1.5,
						8
					],
					"texture": "#0",
					"tintindex": 0
				}
			}
		},
		{
			"from": [
				8,
				-9.853937947494032,
				7.828162291169451
			],
			"to": [
				8,
				-8.021002386634844,
				8.171837708830548
			],
			"rotation": {
				"angle": 45,
				"axis": "y",
				"origin": [
					8,
					-3.324105011933174,
					8
				]
			},
			"faces": {
				"east": {
					"uv": [
						1.5,
						0,
						3,
						8
					],
					"texture": "#0",
					"tintindex": 0
				},
				"west": {
					"uv": [
						3,
						0,
						1.5,
						8
					],
					"texture": "#0",
					"tintindex": 0
				}
			}
		},
		{
			"from": [
				7.828162291169451,
				-9.853937947494032,
				8
			],
			"to": [
				8.171837708830548,
				-8.021002386634844,
				8
			],
			"rotation": {
				"angle": 45,
				"axis": "y",
				"origin": [
					8,
					-3.324105011933174,
					8
				]
			},
			"faces": {
				"north": {
					"uv": [
						1.5,
						0,
						0,
						8
					],
					"texture": "#0",
					"tintindex": 0
				},
				"south": {
					"uv": [
						0,
						0,
						1.5,
						8
					],
					"texture": "#0",
					"tintindex": 0
				}
			}
		},
		{
			"from": [
				7.828162291169451,
				-11.686873508353223,
				8
			],
			"to": [
				8.171837708830548,
				-9.853937947494032,
				8
			],
			"rotation": {
				"angle": 45,
				"axis": "y",
				"origin": [
					8,
					-3.324105011933174,
					8
				]
			},
			"faces": {
				"north": {
					"uv": [
						1.5,
						0,
						0,
						8
					],
					"texture": "#0",
					"tintindex": 0
				},
				"south": {
					"uv": [
						0,
						0,
						1.5,
						8
					],
					"texture": "#0",
					"tintindex": 0
				}
			}
		},
		{
			"from": [
				8,
				-11.686873508353223,
				7.828162291169451
			],
			"to": [
				8,
				-9.853937947494032,
				8.171837708830548
			],
			"rotation": {
				"angle": 45,
				"axis": "y",
				"origin": [
					8,
					-3.324105011933174,
					8
				]
			},
			"faces": {
				"east": {
					"uv": [
						1.5,
						0,
						3,
						8
					],
					"texture": "#0",
					"tintindex": 0
				},
				"west": {
					"uv": [
						3,
						0,
						1.5,
						8
					],
					"texture": "#0",
					"tintindex": 0
				}
			}
		},
		{
			"from": [
				7.828162291169451,
				-8.021002386634844,
				8
			],
			"to": [
				8.171837708830548,
				-6.188066825775657,
				8
			],
			"rotation": {
				"angle": 45,
				"axis": "y",
				"origin": [
					8,
					-3.324105011933174,
					8
				]
			},
			"faces": {
				"north": {
					"uv": [
						1.5,
						0,
						0,
						8
					],
					"texture": "#0",
					"tintindex": 0
				},
				"south": {
					"uv": [
						0,
						0,
						1.5,
						8
					],
					"texture": "#0",
					"tintindex": 0
				}
			}
		},
		{
			"from": [
				8,
				-8.021002386634844,
				7.828162291169451
			],
			"to": [
				8,
				-6.188066825775657,
				8.171837708830548
			],
			"rotation": {
				"angle": 45,
				"axis": "y",
				"origin": [
					8,
					-3.324105011933174,
					8
				]
			},
			"faces": {
				"east": {
					"uv": [
						1.5,
						0,
						3,
						8
					],
					"texture": "#0",
					"tintindex": 0
				},
				"west": {
					"uv": [
						3,
						0,
						1.5,
						8
					],
					"texture": "#0",
					"tintindex": 0
				}
			}
		},
		{
			"from": [
				8,
				-3.094988066825776,
				7.026252983293556
			],
			"to": [
				8,
				-2.2930787589498802,
				7.828162291169451
			],
			"rotation": {
				"angle": 22.5,
				"axis": "y",
				"origin": [
					8,
					-3.324105011933174,
					8
				]
			},
			"faces": {
				"east": {
					"uv": [
						3.5,
						0,
						0,
						3.5
					],
					"texture": "#1",
					"tintindex": 0
				},
				"west": {
					"uv": [
						0,
						0,
						3.5,
						3.5
					],
					"texture": "#1",
					"tintindex": 0
				}
			}
		},
		{
			"from": [
				7.140811455847255,
				-5.729832935560859,
				8
			],
			"to": [
				7.828162291169451,
				-5.042482100238663,
				8
			],
			"rotation": {
				"angle": -45,
				"axis": "y",
				"origin": [
					8,
					-3.324105011933174,
					8
				]
			},
			"faces": {
				"north": {
					"uv": [
						6.5,
						0,
						3.5,
						3
					],
					"texture": "#1",
					"tintindex": 0
				},
				"south": {
					"uv": [
						3.5,
						0,
						6.5,
						3
					],
					"texture": "#1",
					"tintindex": 0
				}
			}
		},
		{
			"from": [
				7.140811455847255,
				-7.2190930787589505,
				8
			],
			"to": [
				7.828162291169451,
				-6.531742243436755,
				8
			],
			"rotation": {
				"angle": 45,
				"axis": "y",
				"origin": [
					8,
					-3.324105011933174,
					8
				]
			},
			"faces": {
				"north": {
					"uv": [
						6.5,
						0,
						3.5,
						3
					],
					"texture": "#1",
					"tintindex": 0
				},
				"south": {
					"uv": [
						3.5,
						0,
						6.5,
						3
					],
					"texture": "#1",
					"tintindex": 0
				}
			}
		},
		{
			"from": [
				8.171837708830548,
				-10.770405727923627,
				8
			],
			"to": [
				8.973747016706444,
				-9.968496420047732,
				8
			],
			"rotation": {
				"angle": 45,
				"axis": "y",
				"origin": [
					8,
					-3.324105011933174,
					8
				]
			},
			"faces": {
				"north": {
					"uv": [
						0,
						0,
						3.5,
						3.5
					],
					"texture": "#1",
					"tintindex": 0
				},
				"south": {
					"uv": [
						3.5,
						0,
						0,
						3.5
					],
					"texture": "#1",
					"tintindex": 0
				}
			}
		},
		{
			"from": [
				7.026252983293556,
				-11.457756563245823,
				8
			],
			"to": [
				7.828162291169451,
				-10.541288782816228,
				8
			],
			"rotation": {
				"angle": -45,
				"axis": "y",
				"origin": [
					8,
					-3.324105011933174,
					8
				]
			},
			"faces": {
				"north": {
					"uv": [
						10,
						0,
						6.5,
						4
					],
					"texture": "#1",
					"tintindex": 0
				},
				"south": {
					"uv": [
						6.5,
						0,
						10,
						4
					],
					"texture": "#1",
					"tintindex": 0
				}
			}
		},
		{
			"from": [
				7.026252983293556,
				-12.030548926014319,
				8
			],
			"to": [
				7.828162291169451,
				-11.228639618138423,
				8
			],
			"rotation": {
				"angle": 45,
				"axis": "y",
				"origin": [
					8,
					-3.324105011933174,
					8
				]
			},
			"faces": {
				"north": {
					"uv": [
						3.5,
						0,
						0,
						3.5
					],
					"texture": "#1",
					"tintindex": 0
				},
				"south": {
					"uv": [
						0,
						0,
						3.5,
						3.5
					],
					"texture": "#1",
					"tintindex": 0
				}
			}
		},
		{
			"from": [
				7.026252983293556,
				-9.166587112171836,
				8
			],
			"to": [
				7.828162291169451,
				-8.364677804295944,
				8
			],
			"rotation": {
				"angle": -45,
				"axis": "y",
				"origin": [
					8,
					-3.324105011933174,
					8
				]
			},
			"faces": {
				"north": {
					"uv": [
						3.5,
						0,
						0,
						3.5
					],
					"texture": "#1",
					"tintindex": 0
				},
				"south": {
					"uv": [
						0,
						0,
						3.5,
						3.5
					],
					"texture": "#1",
					"tintindex": 0
				}
			}
		},
		{
			"from": [
				8.171837708830548,
				-10.884964200477327,
				8
			],
			"to": [
				8.973747016706444,
				-9.968496420047732,
				8
			],
			"rotation": {
				"angle": -22.5,
				"axis": "y",
				"origin": [
					8,
					-3.324105011933174,
					8
				]
			},
			"faces": {
				"north": {
					"uv": [
						6.5,
						0,
						10,
						4
					],
					"texture": "#1",
					"tintindex": 0
				},
				"south": {
					"uv": [
						10,
						0,
						6.5,
						4
					],
					"texture": "#1",
					"tintindex": 0
				}
			}
		},
		{
			"from": [
				8,
				-0.6892601431980907,
				7.026252983293556
			],
			"to": [
				8,
				0.22720763723150394,
				7.828162291169451
			],
			"rotation": {
				"angle": -45,
				"axis": "y",
				"origin": [
					8,
					-3.324105011933174,
					8
				]
			},
			"faces": {
				"east": {
					"uv": [
						10,
						0,
						6.5,
						4
					],
					"texture": "#1",
					"tintindex": 0
				},
				"west": {
					"uv": [
						6.5,
						0,
						10,
						4
					],
					"texture": "#1",
					"tintindex": 0
				}
			}
		},
		{
			"from": [
				7.003341288782816,
				9.048210023866348,
				8
			],
			"to": [
				7.805250596658711,
				10.193794749403342,
				8
			],
			"rotation": {
				"angle": -22.5,
				"axis": "z",
				"origin": [
					8,
					9.621002386634846,
					8
				]
			},
			"faces": {
				"north": {
					"uv": [
						8.5,
						5.5,
						12,
						10.5
					],
					"texture": "#0",
					"tintindex": 0
				},
				"south": {
					"uv": [
						12,
						5.5,
						8.5,
						10.5
					],
					"texture": "#0",
					"tintindex": 0
				}
			}
		},
		{
			"from": [
				8,
				9.139856801909309,
				7.1064439140811455
			],
			"to": [
				8,
				10.285441527446302,
				7.793794749403341
			],
			"rotation": {
				"angle": 0,
				"axis": "y",
				"origin": [
					8,
					9.689737470167065,
					8.05727923627685
				]
			},
			"faces": {
				"east": {
					"uv": [
						5.5,
						5.5,
						8.5,
						10.5
					],
					"texture": "#0",
					"tintindex": 0
				},
				"west": {
					"uv": [
						8.5,
						5.5,
						5.5,
						10.5
					],
					"texture": "#0",
					"tintindex": 0
				}
			}
		},
		{
			"from": [
				8,
				9.151312649164678,
				8.148926014319809
			],
			"to": [
				8,
				10.29689737470167,
				8.836276849642005
			],
			"rotation": {
				"angle": 22.5,
				"axis": "y",
				"origin": [
					8,
					9.621002386634846,
					8
				]
			},
			"faces": {
				"east": {
					"uv": [
						8.5,
						6,
						5.5,
						11
					],
					"texture": "#0",
					"tintindex": 0
				},
				"west": {
					"uv": [
						5.5,
						6,
						8.5,
						11
					],
					"texture": "#0",
					"tintindex": 0
				}
			}
		}
	],
	"display": {
		"head": {
			"rotation": [
				0,
				180,
				0
			]
		}
	}
}