{
	"textures": {
		"2": "animated_java:item/maze_npc/anas_npc"
	},
	"elements": [
		{
			"from": [
				-0.16000000000000014,
				10.879999999999999,
				5.6
			],
			"to": [
				4.640000000000001,
				23.36,
				10.4
			],
			"rotation": {
				"angle": 0,
				"axis": "y",
				"origin": [
					0.3200000000000003,
					0.3200000000000003,
					0.3200000000000003
				]
			},
			"faces": {
				"north": {
					"uv": [
						13,
						13,
						14,
						16
					],
					"texture": "#2"
				},
				"east": {
					"uv": [
						12,
						13,
						13,
						16
					],
					"texture": "#2"
				},
				"south": {
					"uv": [
						15,
						13,
						16,
						16
					],
					"texture": "#2"
				},
				"west": {
					"uv": [
						14,
						13,
						15,
						16
					],
					"texture": "#2"
				},
				"up": {
					"uv": [
						14,
						13,
						13,
						12
					],
					"texture": "#2"
				},
				"down": {
					"uv": [
						15,
						12,
						14,
						13
					],
					"texture": "#2"
				}
			}
		},
		{
			"from": [
				11.36,
				10.879999999999999,
				5.6
			],
			"to": [
				16.150399999999998,
				23.36,
				10.4
			],
			"rotation": {
				"angle": 0,
				"axis": "y",
				"origin": [
					13.7552,
					17.119999999999997,
					8
				]
			},
			"faces": {
				"north": {
					"uv": [
						11,
						9,
						12,
						12
					],
					"texture": "#2"
				},
				"east": {
					"uv": [
						10,
						9,
						11,
						12
					],
					"texture": "#2"
				},
				"south": {
					"uv": [
						13,
						9,
						14,
						12
					],
					"texture": "#2"
				},
				"west": {
					"uv": [
						12,
						9,
						13,
						12
					],
					"texture": "#2"
				},
				"up": {
					"uv": [
						12,
						9,
						11,
						8
					],
					"texture": "#2"
				},
				"down": {
					"uv": [
						13,
						8,
						12,
						9
					],
					"texture": "#2"
				}
			}
		},
		{
			"from": [
				7.52,
				-0.6400000000000006,
				5.6
			],
			"to": [
				12.32,
				11.84,
				10.4
			],
			"rotation": {
				"angle": 0,
				"axis": "y",
				"origin": [
					9.92,
					5.6,
					8
				]
			},
			"faces": {
				"north": {
					"uv": [
						1,
						9,
						2,
						12
					],
					"texture": "#2"
				},
				"east": {
					"uv": [
						0,
						9,
						1,
						12
					],
					"texture": "#2"
				},
				"south": {
					"uv": [
						3,
						9,
						4,
						12
					],
					"texture": "#2"
				},
				"west": {
					"uv": [
						2,
						9,
						3,
						12
					],
					"texture": "#2"
				},
				"up": {
					"uv": [
						2,
						9,
						1,
						8
					],
					"texture": "#2"
				},
				"down": {
					"uv": [
						3,
						8,
						2,
						9
					],
					"texture": "#2"
				}
			}
		},
		{
			"from": [
				3.6799999999999997,
				-0.6400000000000006,
				5.6
			],
			"to": [
				8.48,
				11.84,
				10.4
			],
			"rotation": {
				"angle": 0,
				"axis": "y",
				"origin": [
					0.3200000000000003,
					0.3200000000000003,
					0.3200000000000003
				]
			},
			"faces": {
				"north": {
					"uv": [
						1,
						13,
						2,
						16
					],
					"texture": "#2"
				},
				"east": {
					"uv": [
						0,
						13,
						1,
						16
					],
					"texture": "#2"
				},
				"south": {
					"uv": [
						3,
						13,
						4,
						16
					],
					"texture": "#2"
				},
				"west": {
					"uv": [
						2,
						13,
						3,
						16
					],
					"texture": "#2"
				},
				"up": {
					"uv": [
						2,
						12,
						1,
						11
					],
					"texture": "#2"
				},
				"down": {
					"uv": [
						3,
						12,
						2,
						13
					],
					"texture": "#2"
				}
			}
		}
	],
	"display": {
		"head": {
			"rotation": [
				0,
				180,
				0
			]
		}
	}
}