{
	"textures": {
		"0": "kello:item/decal/melloflora_lantern_blue",
		"1": "kello:item/decal/melloflora_loop_0"
	},
	"elements": [
		{
			"from": [
				7.259911894273127,
				-11.633480176211453,
				7.259911894273127
			],
			"to": [
				8.740088105726873,
				-9.730396475770924,
				8.740088105726873
			],
			"rotation": {
				"angle": 0,
				"axis": "y",
				"origin": [
					6.312599118942731,
					-11.396651982378852,
					6.312599118942731
				]
			},
			"faces": {
				"north": {
					"uv": [
						0,
						9.5,
						2.45,
						12.975
					],
					"texture": "#0"
				},
				"east": {
					"uv": [
						0,
						9.5,
						2.45,
						12.975
					],
					"texture": "#0"
				},
				"south": {
					"uv": [
						0,
						9.5,
						2.45,
						12.975
					],
					"texture": "#0"
				},
				"west": {
					"uv": [
						0,
						9.5,
						2.45,
						12.975
					],
					"texture": "#0"
				},
				"up": {
					"uv": [
						5,
						13,
						7.5,
						15.5
					],
					"texture": "#0"
				},
				"down": {
					"uv": [
						0,
						13,
						2.5,
						15.5
					],
					"texture": "#0"
				}
			}
		},
		{
			"from": [
				8.845814977973568,
				-9.624669603524229,
				8.845814977973568
			],
			"to": [
				7.154185022026431,
				-11.739207048458148,
				7.154185022026431
			],
			"rotation": {
				"angle": 0,
				"axis": "y",
				"origin": [
					6.312599118942731,
					-11.396651982378852,
					6.312599118942731
				]
			},
			"faces": {
				"north": {
					"uv": [
						8,
						14.5,
						8.45,
						15.475
					],
					"rotation": 180,
					"texture": "#0"
				},
				"east": {
					"uv": [
						8,
						14.5,
						8.45,
						15.475
					],
					"rotation": 180,
					"texture": "#0"
				},
				"south": {
					"uv": [
						8,
						14.5,
						8.45,
						15.475
					],
					"rotation": 180,
					"texture": "#0"
				},
				"west": {
					"uv": [
						8,
						14.5,
						8.45,
						15.475
					],
					"rotation": 180,
					"texture": "#0"
				},
				"up": {
					"uv": [
						8,
						15,
						8.45,
						15.475
					],
					"rotation": 180,
					"texture": "#0"
				},
				"down": {
					"uv": [
						8,
						14.5,
						8.45,
						14.975
					],
					"rotation": 180,
					"texture": "#0"
				}
			}
		},
		{
			"from": [
				7.418502202643172,
				-9.709251101321588,
				7.524229074889868
			],
			"to": [
				8.581497797356828,
				-9.286343612334804,
				8.475770925110131
			],
			"rotation": {
				"angle": 0,
				"axis": "y",
				"origin": [
					6.312599118942731,
					-11.396651982378852,
					6.312599118942731
				]
			},
			"faces": {
				"north": {
					"uv": [
						0.5,
						8.5,
						2.5,
						9.45
					],
					"texture": "#0"
				},
				"east": {
					"uv": [
						0.5,
						8.5,
						2.5,
						9.45
					],
					"texture": "#0"
				},
				"south": {
					"uv": [
						0.5,
						8.5,
						2.5,
						9.45
					],
					"texture": "#0"
				},
				"west": {
					"uv": [
						0.5,
						8.5,
						2.5,
						9.45
					],
					"texture": "#0"
				},
				"up": {
					"uv": [
						0.5,
						13.5,
						2.5,
						15.5
					],
					"texture": "#0"
				},
				"down": {
					"uv": [
						0,
						8.5,
						0,
						8.5
					],
					"texture": "#0"
				}
			}
		},
		{
			"from": [
				8,
				8.877533039647577,
				7.682819383259912
			],
			"to": [
				8,
				12.26079295154185,
				8.317180616740089
			],
			"rotation": {
				"angle": 45,
				"axis": "y",
				"origin": [
					8,
					7.397356828193833,
					8
				]
			},
			"faces": {
				"east": {
					"uv": [
						1.5,
						0,
						3,
						8
					],
					"texture": "#0",
					"tintindex": 0
				},
				"west": {
					"uv": [
						3,
						0,
						1.5,
						8
					],
					"texture": "#0",
					"tintindex": 0
				}
			}
		},
		{
			"from": [
				7.682819383259912,
				8.877533039647577,
				8
			],
			"to": [
				8.317180616740089,
				12.26079295154185,
				8
			],
			"rotation": {
				"angle": 45,
				"axis": "y",
				"origin": [
					8,
					7.397356828193833,
					8
				]
			},
			"faces": {
				"north": {
					"uv": [
						1.5,
						0,
						0,
						8
					],
					"texture": "#0",
					"tintindex": 0
				},
				"south": {
					"uv": [
						0,
						0,
						1.5,
						8
					],
					"texture": "#0",
					"tintindex": 0
				}
			}
		},
		{
			"from": [
				7.682819383259912,
				5.494273127753305,
				8
			],
			"to": [
				8.317180616740089,
				8.877533039647577,
				8
			],
			"rotation": {
				"angle": 45,
				"axis": "y",
				"origin": [
					8,
					7.397356828193833,
					8
				]
			},
			"faces": {
				"north": {
					"uv": [
						1.5,
						0,
						0,
						8
					],
					"texture": "#0",
					"tintindex": 0
				},
				"south": {
					"uv": [
						0,
						0,
						1.5,
						8
					],
					"texture": "#0",
					"tintindex": 0
				}
			}
		},
		{
			"from": [
				8,
				5.494273127753305,
				7.682819383259912
			],
			"to": [
				8,
				8.877533039647577,
				8.317180616740089
			],
			"rotation": {
				"angle": 45,
				"axis": "y",
				"origin": [
					8,
					7.397356828193833,
					8
				]
			},
			"faces": {
				"east": {
					"uv": [
						1.5,
						0,
						3,
						8
					],
					"texture": "#0",
					"tintindex": 0
				},
				"west": {
					"uv": [
						3,
						0,
						1.5,
						8
					],
					"texture": "#0",
					"tintindex": 0
				}
			}
		},
		{
			"from": [
				8,
				6.551541850220264,
				8.317180616740089
			],
			"to": [
				8,
				8.03171806167401,
				9.797356828193832
			],
			"rotation": {
				"angle": 45,
				"axis": "y",
				"origin": [
					8,
					7.397356828193833,
					8
				]
			},
			"faces": {
				"east": {
					"uv": [
						0,
						0,
						3.5,
						3.5
					],
					"texture": "#1",
					"tintindex": 0
				},
				"west": {
					"uv": [
						3.5,
						0,
						0,
						3.5
					],
					"texture": "#1",
					"tintindex": 0
				}
			}
		},
		{
			"from": [
				8.317180616740089,
				-4.02114537444934,
				8
			],
			"to": [
				9.797356828193832,
				-2.540969162995596,
				8
			],
			"rotation": {
				"angle": 45,
				"axis": "y",
				"origin": [
					8,
					7.397356828193833,
					8
				]
			},
			"faces": {
				"north": {
					"uv": [
						0,
						0,
						3.5,
						3.5
					],
					"texture": "#1",
					"tintindex": 0
				},
				"south": {
					"uv": [
						3.5,
						0,
						0,
						3.5
					],
					"texture": "#1",
					"tintindex": 0
				}
			}
		},
		{
			"from": [
				6.202643171806168,
				-8.673127753303962,
				8
			],
			"to": [
				7.682819383259912,
				-7.192951541850219,
				8
			],
			"rotation": {
				"angle": 45,
				"axis": "y",
				"origin": [
					8,
					7.397356828193833,
					8
				]
			},
			"faces": {
				"north": {
					"uv": [
						3.5,
						0,
						0,
						3.5
					],
					"texture": "#1",
					"tintindex": 0
				},
				"south": {
					"uv": [
						0,
						0,
						3.5,
						3.5
					],
					"texture": "#1",
					"tintindex": 0
				}
			}
		},
		{
			"from": [
				6.41409691629956,
				2.9568281938325987,
				8
			],
			"to": [
				7.682819383259912,
				4.225550660792951,
				8
			],
			"rotation": {
				"angle": -45,
				"axis": "y",
				"origin": [
					8,
					7.397356828193833,
					8
				]
			},
			"faces": {
				"north": {
					"uv": [
						6.5,
						0,
						3.5,
						3
					],
					"texture": "#1",
					"tintindex": 0
				},
				"south": {
					"uv": [
						3.5,
						0,
						6.5,
						3
					],
					"texture": "#1",
					"tintindex": 0
				}
			}
		},
		{
			"from": [
				6.41409691629956,
				0.2079295154185017,
				8
			],
			"to": [
				7.682819383259912,
				1.4766519823788542,
				8
			],
			"rotation": {
				"angle": 45,
				"axis": "y",
				"origin": [
					8,
					7.397356828193833,
					8
				]
			},
			"faces": {
				"north": {
					"uv": [
						6.5,
						0,
						3.5,
						3
					],
					"texture": "#1",
					"tintindex": 0
				},
				"south": {
					"uv": [
						3.5,
						0,
						6.5,
						3
					],
					"texture": "#1",
					"tintindex": 0
				}
			}
		},
		{
			"from": [
				6.202643171806168,
				-7.615859030837004,
				8
			],
			"to": [
				7.682819383259912,
				-5.924229074889867,
				8
			],
			"rotation": {
				"angle": -45,
				"axis": "y",
				"origin": [
					8,
					7.397356828193833,
					8
				]
			},
			"faces": {
				"north": {
					"uv": [
						10,
						0,
						6.5,
						4
					],
					"texture": "#1",
					"tintindex": 0
				},
				"south": {
					"uv": [
						6.5,
						0,
						10,
						4
					],
					"texture": "#1",
					"tintindex": 0
				}
			}
		},
		{
			"from": [
				8.317180616740089,
				-2.1180616740088105,
				8
			],
			"to": [
				9.797356828193832,
				-0.426431718061675,
				8
			],
			"rotation": {
				"angle": -22.5,
				"axis": "y",
				"origin": [
					8,
					7.397356828193833,
					8
				]
			},
			"faces": {
				"north": {
					"uv": [
						6.5,
						0,
						10,
						4
					],
					"texture": "#1",
					"tintindex": 0
				},
				"south": {
					"uv": [
						10,
						0,
						6.5,
						4
					],
					"texture": "#1",
					"tintindex": 0
				}
			}
		},
		{
			"from": [
				8,
				4.225550660792951,
				6.202643171806168
			],
			"to": [
				8,
				5.917180616740088,
				7.682819383259912
			],
			"rotation": {
				"angle": -45,
				"axis": "y",
				"origin": [
					8,
					7.397356828193833,
					8
				]
			},
			"faces": {
				"east": {
					"uv": [
						10,
						0,
						6.5,
						4
					],
					"texture": "#1",
					"tintindex": 0
				},
				"west": {
					"uv": [
						6.5,
						0,
						10,
						4
					],
					"texture": "#1",
					"tintindex": 0
				}
			}
		},
		{
			"from": [
				7.682819383259912,
				2.11101321585903,
				8
			],
			"to": [
				8.317180616740089,
				5.494273127753305,
				8
			],
			"rotation": {
				"angle": 45,
				"axis": "y",
				"origin": [
					8,
					7.397356828193833,
					8
				]
			},
			"faces": {
				"north": {
					"uv": [
						1.5,
						0,
						0,
						8
					],
					"texture": "#0",
					"tintindex": 0
				},
				"south": {
					"uv": [
						0,
						0,
						1.5,
						8
					],
					"texture": "#0",
					"tintindex": 0
				}
			}
		},
		{
			"from": [
				8,
				2.11101321585903,
				7.682819383259912
			],
			"to": [
				8,
				5.494273127753305,
				8.317180616740089
			],
			"rotation": {
				"angle": 45,
				"axis": "y",
				"origin": [
					8,
					7.397356828193833,
					8
				]
			},
			"faces": {
				"east": {
					"uv": [
						1.5,
						0,
						3,
						8
					],
					"texture": "#0",
					"tintindex": 0
				},
				"west": {
					"uv": [
						3,
						0,
						1.5,
						8
					],
					"texture": "#0",
					"tintindex": 0
				}
			}
		},
		{
			"from": [
				7.682819383259912,
				-4.6555066079295155,
				8
			],
			"to": [
				8.317180616740089,
				-1.2722466960352428,
				8
			],
			"rotation": {
				"angle": 45,
				"axis": "y",
				"origin": [
					8,
					7.397356828193833,
					8
				]
			},
			"faces": {
				"north": {
					"uv": [
						1.5,
						0,
						0,
						8
					],
					"texture": "#0",
					"tintindex": 0
				},
				"south": {
					"uv": [
						0,
						0,
						1.5,
						8
					],
					"texture": "#0",
					"tintindex": 0
				}
			}
		},
		{
			"from": [
				8,
				-4.6555066079295155,
				7.682819383259912
			],
			"to": [
				8,
				-1.2722466960352428,
				8.317180616740089
			],
			"rotation": {
				"angle": 45,
				"axis": "y",
				"origin": [
					8,
					7.397356828193833,
					8
				]
			},
			"faces": {
				"east": {
					"uv": [
						1.5,
						0,
						3,
						8
					],
					"texture": "#0",
					"tintindex": 0
				},
				"west": {
					"uv": [
						3,
						0,
						1.5,
						8
					],
					"texture": "#0",
					"tintindex": 0
				}
			}
		},
		{
			"from": [
				8,
				-8.038766519823788,
				7.682819383259912
			],
			"to": [
				8,
				-4.6555066079295155,
				8.317180616740089
			],
			"rotation": {
				"angle": 45,
				"axis": "y",
				"origin": [
					8,
					7.397356828193833,
					8
				]
			},
			"faces": {
				"east": {
					"uv": [
						1.5,
						0,
						3,
						8
					],
					"texture": "#0",
					"tintindex": 0
				},
				"west": {
					"uv": [
						3,
						0,
						1.5,
						8
					],
					"texture": "#0",
					"tintindex": 0
				}
			}
		},
		{
			"from": [
				7.682819383259912,
				-8.038766519823788,
				8
			],
			"to": [
				8.317180616740089,
				-4.6555066079295155,
				8
			],
			"rotation": {
				"angle": 45,
				"axis": "y",
				"origin": [
					8,
					7.397356828193833,
					8
				]
			},
			"faces": {
				"north": {
					"uv": [
						1.5,
						0,
						0,
						8
					],
					"texture": "#0",
					"tintindex": 0
				},
				"south": {
					"uv": [
						0,
						0,
						1.5,
						8
					],
					"texture": "#0",
					"tintindex": 0
				}
			}
		},
		{
			"from": [
				8,
				-1.2722466960352428,
				7.682819383259912
			],
			"to": [
				8,
				2.11101321585903,
				8.317180616740089
			],
			"rotation": {
				"angle": 45,
				"axis": "y",
				"origin": [
					8,
					7.397356828193833,
					8
				]
			},
			"faces": {
				"east": {
					"uv": [
						1.5,
						0,
						3,
						8
					],
					"texture": "#0",
					"tintindex": 0
				},
				"west": {
					"uv": [
						3,
						0,
						1.5,
						8
					],
					"texture": "#0",
					"tintindex": 0
				}
			}
		},
		{
			"from": [
				7.682819383259912,
				-1.2722466960352428,
				8
			],
			"to": [
				8.317180616740089,
				2.11101321585903,
				8
			],
			"rotation": {
				"angle": 45,
				"axis": "y",
				"origin": [
					8,
					7.397356828193833,
					8
				]
			},
			"faces": {
				"north": {
					"uv": [
						1.5,
						0,
						0,
						8
					],
					"texture": "#0",
					"tintindex": 0
				},
				"south": {
					"uv": [
						0,
						0,
						1.5,
						8
					],
					"texture": "#0",
					"tintindex": 0
				}
			}
		},
		{
			"from": [
				7.683612334801762,
				-9.07647577092511,
				8
			],
			"to": [
				8.316387665198238,
				-8.232775330396475,
				8
			],
			"rotation": {
				"angle": 45,
				"axis": "y",
				"origin": [
					8,
					-9.709251101321588,
					8
				]
			},
			"faces": {
				"north": {
					"uv": [
						4.49625,
						10.5,
						3,
						12.495
					],
					"texture": "#0",
					"tintindex": 0
				},
				"south": {
					"uv": [
						3,
						10.5,
						4.49625,
						12.495
					],
					"texture": "#0",
					"tintindex": 0
				}
			}
		},
		{
			"from": [
				8,
				-9.28740088105727,
				7.683612334801762
			],
			"to": [
				8,
				-8.021850220264316,
				8.316387665198238
			],
			"rotation": {
				"angle": 45,
				"axis": "y",
				"origin": [
					8,
					-9.709251101321588,
					8
				]
			},
			"faces": {
				"east": {
					"uv": [
						3,
						13.0075,
						4.49625,
						16
					],
					"texture": "#0",
					"tintindex": 0
				},
				"west": {
					"uv": [
						4.49625,
						13.0075,
						3,
						16
					],
					"texture": "#0",
					"tintindex": 0
				}
			}
		},
		{
			"from": [
				7.915418502202643,
				-11.654625550660786,
				8.993832599118942
			],
			"to": [
				7.915418502202643,
				-9.540088105726863,
				10.262555066079294
			],
			"rotation": {
				"angle": -45,
				"axis": "y",
				"origin": [
					7.915418502202643,
					-10.428193832599117,
					8.317180616740089
				]
			},
			"faces": {
				"east": {
					"uv": [
						8.5,
						6,
						5.5,
						11
					],
					"texture": "#0",
					"tintindex": 0
				},
				"west": {
					"uv": [
						5.5,
						6,
						8.5,
						11
					],
					"texture": "#0",
					"tintindex": 0
				}
			}
		},
		{
			"from": [
				8,
				-11.42202643171806,
				5.864317180616741
			],
			"to": [
				8,
				-9.30748898678414,
				7.1330396475770925
			],
			"rotation": {
				"angle": -22.5,
				"axis": "y",
				"origin": [
					8,
					-10.153303964757708,
					8
				]
			},
			"faces": {
				"east": {
					"uv": [
						5.5,
						5.5,
						8.5,
						10.5
					],
					"texture": "#0",
					"tintindex": 0
				},
				"west": {
					"uv": [
						8.5,
						5.5,
						5.5,
						10.5
					],
					"texture": "#0",
					"tintindex": 0
				}
			}
		},
		{
			"from": [
				8,
				-11.42202643171806,
				9.014977973568282
			],
			"to": [
				8,
				-9.30748898678414,
				10.495154185022026
			],
			"rotation": {
				"angle": 45,
				"axis": "y",
				"origin": [
					8,
					-10.153303964757708,
					8
				]
			},
			"faces": {
				"east": {
					"uv": [
						12,
						5.5,
						8.5,
						10.5
					],
					"texture": "#0",
					"tintindex": 0
				},
				"west": {
					"uv": [
						8.5,
						5.5,
						12,
						10.5
					],
					"texture": "#0",
					"tintindex": 0
				}
			}
		},
		{
			"from": [
				6.160352422907489,
				9.934801762114537,
				8
			],
			"to": [
				7.6405286343612335,
				12.049339207048458,
				8
			],
			"rotation": {
				"angle": -22.5,
				"axis": "z",
				"origin": [
					8,
					10.992070484581498,
					8
				]
			},
			"faces": {
				"north": {
					"uv": [
						8.5,
						5.5,
						12,
						10.5
					],
					"texture": "#0",
					"tintindex": 0
				},
				"south": {
					"uv": [
						12,
						5.5,
						8.5,
						10.5
					],
					"texture": "#0",
					"tintindex": 0
				}
			}
		},
		{
			"from": [
				8,
				10.103964757709251,
				6.350660792951542
			],
			"to": [
				8,
				12.218502202643172,
				7.619383259911894
			],
			"rotation": {
				"angle": 0,
				"axis": "y",
				"origin": [
					8,
					11.118942731277533,
					8.105726872246697
				]
			},
			"faces": {
				"east": {
					"uv": [
						5.5,
						5.5,
						8.5,
						10.5
					],
					"texture": "#0",
					"tintindex": 0
				},
				"west": {
					"uv": [
						8.5,
						5.5,
						5.5,
						10.5
					],
					"texture": "#0",
					"tintindex": 0
				}
			}
		},
		{
			"from": [
				8,
				10.12511013215859,
				8.27488986784141
			],
			"to": [
				8,
				12.23964757709251,
				9.543612334801763
			],
			"rotation": {
				"angle": 22.5,
				"axis": "y",
				"origin": [
					8,
					10.992070484581498,
					8
				]
			},
			"faces": {
				"east": {
					"uv": [
						8.5,
						6,
						5.5,
						11
					],
					"texture": "#0",
					"tintindex": 0
				},
				"west": {
					"uv": [
						5.5,
						6,
						8.5,
						11
					],
					"texture": "#0",
					"tintindex": 0
				}
			}
		},
		{
			"from": [
				5.88546255506608,
				-11.485462555066075,
				8
			],
			"to": [
				6.94273127753304,
				-9.370925110132156,
				8
			],
			"rotation": {
				"angle": -45,
				"axis": "y",
				"origin": [
					8,
					-10.153303964757708,
					8
				]
			},
			"faces": {
				"north": {
					"uv": [
						5.5,
						5.5,
						3,
						10.5
					],
					"texture": "#0",
					"tintindex": 0
				},
				"south": {
					"uv": [
						3,
						5.5,
						5.5,
						10.5
					],
					"texture": "#0",
					"tintindex": 0
				}
			}
		},
		{
			"from": [
				8.888105726872247,
				-11.40088105726873,
				8
			],
			"to": [
				9.945374449339207,
				-9.286343612334807,
				8
			],
			"rotation": {
				"angle": 22.5,
				"axis": "z",
				"origin": [
					8.951541850220265,
					-9.645814977973576,
					8
				]
			},
			"faces": {
				"north": {
					"uv": [
						3,
						5.5,
						5.5,
						10.5
					],
					"texture": "#0",
					"tintindex": 0
				},
				"south": {
					"uv": [
						5.5,
						5.5,
						3,
						10.5
					],
					"texture": "#0",
					"tintindex": 0
				}
			}
		}
	],
	"display": {
		"head": {
			"rotation": [
				0,
				180,
				0
			]
		}
	}
}