{
	"credit": "Made with Blockbench",
	"textures": {
		"1": "block/cobblestone",
		"2": "block/stone_bricks"
	},
	"elements": [
		{
			"from": [6, 0, 8],
			"to": [7, 1, 9],
			"faces": {
				"north": {"uv": [0, 0, 16, 16], "texture": "#2"},
				"east": {"uv": [0, 0, 16, 16], "texture": "#2"},
				"south": {"uv": [0, 0, 16, 16], "texture": "#2"},
				"west": {"uv": [0, 0, 16, 16], "texture": "#2"},
				"down": {"uv": [0, 0, 16, 16], "texture": "#2"}
			}
		},
		{
			"from": [10, 0, 8],
			"to": [11, 1, 9],
			"faces": {
				"north": {"uv": [0, 0, 16, 16], "texture": "#2"},
				"east": {"uv": [0, 0, 16, 16], "texture": "#2"},
				"south": {"uv": [0, 0, 16, 16], "texture": "#2"},
				"west": {"uv": [0, 0, 16, 16], "texture": "#2"},
				"down": {"uv": [0, 0, 16, 16], "texture": "#2"}
			}
		},
		{
			"from": [10, 1, 8],
			"to": [11, 1.5, 9],
			"faces": {
				"north": {"uv": [0, 0, 16, 8], "texture": "#2"},
				"east": {"uv": [0, 0, 16, 8], "texture": "#2"},
				"south": {"uv": [0, 0, 16, 8], "texture": "#2"},
				"up": {"uv": [0, 0, 16, 16], "texture": "#2"}
			}
		},
		{
			"from": [6, 1, 8],
			"to": [7, 1.5, 9],
			"faces": {
				"north": {"uv": [0, 0, 16, 8], "texture": "#2"},
				"south": {"uv": [0, 0, 16, 8], "texture": "#2"},
				"west": {"uv": [0, 0, 16, 8], "texture": "#2"},
				"up": {"uv": [0, 0, 16, 16], "texture": "#2"}
			}
		},
		{
			"from": [7, 1, 8],
			"to": [7.5, 2, 9],
			"faces": {
				"north": {"uv": [0, 0, 8, 16], "texture": "#2"},
				"east": {"uv": [0, 0, 16, 16], "texture": "#2"},
				"south": {"uv": [0, 0, 8, 16], "texture": "#2"},
				"west": {"uv": [0, 0, 16, 16], "texture": "#2"},
				"up": {"uv": [0, 0, 8, 16], "texture": "#2"},
				"down": {"uv": [0, 0, 16, 16], "texture": "#2"}
			}
		},
		{
			"from": [9.5, 6.5, 8],
			"to": [10, 7, 9],
			"faces": {
				"north": {"uv": [0, 0, 8, 8], "texture": "#2"},
				"south": {"uv": [0, 8, 8, 16], "texture": "#2"},
				"up": {"uv": [8, 0, 16, 16], "texture": "#2"},
				"down": {"uv": [0, 0, 16, 16], "texture": "#2"}
			}
		},
		{
			"from": [9, 6, 8],
			"to": [9.5, 7, 9],
			"faces": {
				"north": {"uv": [0, 0, 8, 16], "texture": "#2"},
				"east": {"uv": [0, 0, 16, 16], "texture": "#2"},
				"south": {"uv": [0, 0, 8, 16], "texture": "#2"},
				"west": {"uv": [0, 0, 16, 16], "texture": "#2"},
				"down": {"uv": [0, 0, 16, 16], "texture": "#2"}
			}
		},
		{
			"from": [9.5, 7.5, 8],
			"to": [10, 8, 9],
			"faces": {
				"north": {"uv": [0, 0, 8, 8], "texture": "#2"},
				"east": {"uv": [0, 0, 16, 8], "texture": "#2"},
				"south": {"uv": [0, 8, 8, 16], "texture": "#2"},
				"down": {"uv": [0, 0, 16, 16], "texture": "#2"}
			}
		},
		{
			"from": [9.5, 8, 8],
			"to": [10, 8.5, 9],
			"faces": {
				"north": {"uv": [0, 0, 8, 8], "texture": "#2"},
				"east": {"uv": [0, 0, 16, 8], "texture": "#2"},
				"south": {"uv": [0, 8, 8, 16], "texture": "#2"},
				"up": {"uv": [8, 0, 16, 16], "texture": "#2"}
			}
		},
		{
			"from": [9, 7, 8],
			"to": [9.5, 8, 9],
			"faces": {
				"north": {"uv": [0, 0, 8, 16], "texture": "#2"},
				"east": {"uv": [0, 0, 16, 16], "texture": "#2"},
				"south": {"uv": [0, 0, 8, 16], "texture": "#2"},
				"west": {"uv": [0, 0, 16, 16], "texture": "#2"}
			}
		},
		{
			"from": [9, 8, 8],
			"to": [9.5, 9, 9],
			"faces": {
				"north": {"uv": [0, 0, 8, 16], "texture": "#2"},
				"east": {"uv": [0, 0, 16, 16], "texture": "#2"},
				"south": {"uv": [0, 0, 8, 16], "texture": "#2"},
				"west": {"uv": [0, 0, 16, 16], "texture": "#2"},
				"up": {"uv": [0, 0, 8, 16], "texture": "#2"}
			}
		},
		{
			"from": [7.5, 1.325, 8],
			"to": [8, 2, 9],
			"faces": {
				"north": {"uv": [0, 0, 8, 10.8], "texture": "#2"},
				"east": {"uv": [0, 0, 16, 10.8], "texture": "#2"},
				"south": {"uv": [8, 0, 16, 10.8], "texture": "#2"},
				"up": {"uv": [8, 0, 16, 16], "texture": "#2"},
				"down": {"uv": [0, 0, 16, 16], "texture": "#2"}
			}
		},
		{
			"from": [9.5, 1, 8],
			"to": [10, 2, 9],
			"faces": {
				"north": {"uv": [8, 0, 16, 16], "texture": "#2"},
				"east": {"uv": [0, 0, 16, 16], "texture": "#2"},
				"south": {"uv": [8, 0, 16, 16], "texture": "#2"},
				"west": {"uv": [0, 0, 16, 16], "texture": "#2"},
				"up": {"uv": [0, 0, 8, 16], "texture": "#2"},
				"down": {"uv": [0, 0, 16, 16], "texture": "#2"}
			}
		},
		{
			"from": [7, 6.5, 8],
			"to": [7.5, 7, 9],
			"faces": {
				"north": {"uv": [0, 0, 8, 8], "texture": "#2"},
				"south": {"uv": [8, 8, 16, 16], "texture": "#2"},
				"up": {"uv": [8, 0, 16, 16], "texture": "#2"},
				"down": {"uv": [0, 0, 16, 16], "texture": "#2"}
			}
		},
		{
			"from": [7.5, 6, 8],
			"to": [8, 7, 9],
			"faces": {
				"north": {"uv": [8, 0, 16, 16], "texture": "#2"},
				"east": {"uv": [0, 0, 16, 16], "texture": "#2"},
				"south": {"uv": [8, 0, 16, 16], "texture": "#2"},
				"west": {"uv": [0, 0, 16, 16], "texture": "#2"},
				"down": {"uv": [0, 0, 16, 16], "texture": "#2"}
			}
		},
		{
			"from": [7, 7.5, 8],
			"to": [7.5, 8, 9],
			"faces": {
				"north": {"uv": [0, 0, 8, 8], "texture": "#2"},
				"south": {"uv": [8, 8, 16, 16], "texture": "#2"},
				"west": {"uv": [0, 0, 16, 8], "texture": "#2"},
				"down": {"uv": [0, 0, 16, 16], "texture": "#2"}
			}
		},
		{
			"from": [7, 8, 8],
			"to": [7.5, 8.5, 9],
			"faces": {
				"north": {"uv": [0, 0, 8, 8], "texture": "#2"},
				"south": {"uv": [8, 8, 16, 16], "texture": "#2"},
				"west": {"uv": [0, 0, 16, 8], "texture": "#2"},
				"up": {"uv": [8, 0, 16, 16], "texture": "#2"}
			}
		},
		{
			"from": [7.5, 7, 8],
			"to": [8, 8, 9],
			"faces": {
				"north": {"uv": [8, 0, 16, 16], "texture": "#2"},
				"east": {"uv": [0, 0, 16, 16], "texture": "#2"},
				"south": {"uv": [8, 0, 16, 16], "texture": "#2"},
				"west": {"uv": [0, 0, 16, 16], "texture": "#2"}
			}
		},
		{
			"from": [7.5, 8, 8],
			"to": [8, 9, 9],
			"faces": {
				"north": {"uv": [8, 0, 16, 16], "texture": "#2"},
				"east": {"uv": [0, 0, 16, 16], "texture": "#2"},
				"south": {"uv": [8, 0, 16, 16], "texture": "#2"},
				"west": {"uv": [0, 0, 16, 16], "texture": "#2"},
				"up": {"uv": [0, 0, 8, 16], "texture": "#2"}
			}
		},
		{
			"from": [9, 1.325, 8],
			"to": [9.5, 2, 9],
			"faces": {
				"north": {"uv": [0, 0, 8, 10.8], "texture": "#2"},
				"south": {"uv": [8, 0, 16, 10.8], "texture": "#2"},
				"west": {"uv": [0, 0, 16, 10.8], "texture": "#2"},
				"up": {"uv": [8, 0, 16, 16], "texture": "#2"},
				"down": {"uv": [0, 0, 16, 16], "texture": "#2"}
			}
		},
		{
			"from": [4, 8, 8.375],
			"to": [5.5, 8.15, 8.625],
			"rotation": {"angle": -45, "axis": "z", "origin": [0, 0, 0]},
			"faces": {
				"north": {"uv": [3, 2, 11, 4], "texture": "#2"},
				"south": {"uv": [8, 14, 16, 16], "texture": "#2"},
				"up": {"uv": [0, 2, 16, 4], "texture": "#2"},
				"down": {"uv": [0, 13, 16, 16], "texture": "#2"}
			}
		},
		{
			"from": [11.075, 7.275, 8.375],
			"to": [12.575, 7.425, 8.625],
			"rotation": {"angle": 45, "axis": "z", "origin": [16, 0, 0]},
			"faces": {
				"north": {"uv": [11, 2, 3, 4], "texture": "#2"},
				"south": {"uv": [16, 14, 8, 16], "texture": "#2"},
				"up": {"uv": [16, 2, 0, 4], "texture": "#2"},
				"down": {"uv": [16, 13, 0, 16], "texture": "#2"}
			}
		},
		{
			"from": [8, 1.5, 8],
			"to": [9, 2, 9],
			"faces": {
				"north": {"uv": [0, 0, 16, 8], "texture": "#2"},
				"south": {"uv": [0, 8, 16, 16], "texture": "#2"},
				"up": {"uv": [0, 0, 16, 16], "texture": "#2"},
				"down": {"uv": [0, 0, 16, 16], "texture": "#2"}
			}
		},
		{
			"from": [8, 6, 8],
			"to": [9, 6.5, 9],
			"faces": {
				"north": {"uv": [0, 0, 16, 8], "texture": "#2"},
				"south": {"uv": [0, 8, 16, 16], "texture": "#2"},
				"up": {"uv": [0, 0, 16, 16], "texture": "#2"},
				"down": {"uv": [0, 0, 16, 16], "texture": "#2"}
			}
		},
		{
			"from": [8, 8, 8],
			"to": [9, 8.5, 9],
			"faces": {
				"north": {"uv": [0, 0, 16, 8], "texture": "#2"},
				"south": {"uv": [0, 8, 16, 16], "texture": "#2"},
				"up": {"uv": [0, 0, 16, 16], "texture": "#2"},
				"down": {"uv": [0, 0, 16, 16], "texture": "#2"}
			}
		},
		{
			"from": [10, 6.5, 8],
			"to": [11, 7, 9],
			"faces": {
				"north": {"uv": [0, 0, 16, 8], "texture": "#2"},
				"east": {"uv": [0, 0, 16, 8], "texture": "#2"},
				"south": {"uv": [0, 8, 16, 16], "texture": "#2"},
				"up": {"uv": [0, 0, 16, 16], "texture": "#2"},
				"down": {"uv": [0, 0, 16, 16], "texture": "#2"}
			}
		},
		{
			"from": [6, 6.5, 8],
			"to": [7, 7, 9],
			"faces": {
				"north": {"uv": [0, 0, 16, 8], "texture": "#2"},
				"south": {"uv": [0, 8, 16, 16], "texture": "#2"},
				"west": {"uv": [0, 0, 16, 8], "texture": "#2"},
				"up": {"uv": [0, 0, 16, 16], "texture": "#2"},
				"down": {"uv": [0, 0, 16, 16], "texture": "#2"}
			}
		},
		{
			"from": [8.25, 5, 8],
			"to": [8.75, 6, 9],
			"faces": {
				"north": {"uv": [0, 0, 8, 16], "texture": "#2"},
				"east": {"uv": [0, 0, 16, 16], "texture": "#2"},
				"south": {"uv": [0, 0, 7.5, 16], "texture": "#2"},
				"west": {"uv": [0, 0, 16, 16], "texture": "#2"}
			}
		},
		{
			"from": [8.25, 2, 8.25],
			"to": [8.75, 3, 8.75],
			"faces": {
				"north": {"uv": [0, 0, 8, 16], "texture": "#2"},
				"east": {"uv": [0, 0, 8, 16], "texture": "#2"},
				"south": {"uv": [0, 0, 7.5, 16], "texture": "#2"},
				"west": {"uv": [0, 0, 8, 16], "texture": "#2"}
			}
		},
		{
			"from": [8.25, 3, 8],
			"to": [8.75, 4, 9],
			"faces": {
				"north": {"uv": [0, 0, 8, 16], "texture": "#1"},
				"east": {"uv": [0, 0, 16, 16], "texture": "#1"},
				"south": {"uv": [0, 0, 7.5, 16], "texture": "#1"},
				"west": {"uv": [0, 0, 16, 16], "texture": "#1"},
				"down": {"uv": [0, 0, 16, 16], "texture": "#1"}
			}
		},
		{
			"from": [8.25, 4, 8],
			"to": [8.75, 5, 9],
			"faces": {
				"north": {"uv": [0, 0, 8, 16], "texture": "#1"},
				"east": {"uv": [0, 0, 16, 16], "texture": "#1"},
				"south": {"uv": [0, 0, 7.5, 16], "texture": "#1"},
				"west": {"uv": [0, 0, 16, 16], "texture": "#1"}
			}
		},
		{
			"from": [4.03778, -6.28793, 8.24],
			"to": [4.53778, -5.28793, 8.74],
			"rotation": {"angle": 45, "axis": "z", "origin": [0.01278, -0.03793, 0.025]},
			"faces": {
				"north": {"uv": [0, 0, 8, 16], "texture": "#2"},
				"east": {"uv": [0, 0, 8, 16], "texture": "#2"},
				"south": {"uv": [0, 0, 7.5, 16], "texture": "#2"},
				"west": {"uv": [0, 0, 8, 16], "texture": "#2"}
			}
		},
		{
			"from": [8.67497, 1.27364, 8.25],
			"to": [9.67497, 1.77364, 8.75],
			"rotation": {"angle": 22.5, "axis": "z", "origin": [16.94997, -0.05136, 0.05]},
			"faces": {
				"north": {"uv": [0, 16, 8, 0], "rotation": 90, "texture": "#2"},
				"south": {"uv": [0, 16, 7.5, 0], "rotation": 270, "texture": "#2"},
				"west": {"uv": [0, 16, 16, 0], "rotation": 270, "texture": "#2"},
				"up": {"uv": [0, 16, 8, 0], "rotation": 270, "texture": "#2"},
				"down": {"uv": [0, 16, 8, 0], "rotation": 270, "texture": "#2"}
			}
		},
		{
			"from": [10.775, -3.35, 8.25],
			"to": [11.275, -2.35, 8.75],
			"rotation": {"angle": -22.5, "axis": "z", "origin": [17, 0, 0]},
			"faces": {
				"north": {"uv": [8, 0, 0, 16], "texture": "#2"},
				"east": {"uv": [8, 0, 0, 16], "texture": "#2"},
				"south": {"uv": [7.5, 0, 0, 16], "texture": "#2"},
				"west": {"uv": [8, 0, 0, 16], "texture": "#2"}
			}
		},
		{
			"from": [12.46222, -6.28793, 8.24],
			"to": [12.96222, -5.28793, 8.74],
			"rotation": {"angle": -45, "axis": "z", "origin": [16.98722, -0.03793, 0.025]},
			"faces": {
				"north": {"uv": [8, 0, 0, 16], "texture": "#2"},
				"east": {"uv": [8, 0, 0, 16], "texture": "#2"},
				"south": {"uv": [7.5, 0, 0, 16], "texture": "#2"},
				"west": {"uv": [8, 0, 0, 16], "texture": "#2"}
			}
		},
		{
			"from": [5.725, -3.35, 8.25],
			"to": [6.225, -2.35, 8.75],
			"rotation": {"angle": 22.5, "axis": "z", "origin": [0, 0, 0]},
			"faces": {
				"north": {"uv": [0, 0, 8, 16], "texture": "#2"},
				"east": {"uv": [0, 0, 8, 16], "texture": "#2"},
				"south": {"uv": [0, 0, 7.5, 16], "texture": "#2"},
				"west": {"uv": [0, 0, 8, 16], "texture": "#2"}
			}
		},
		{
			"from": [7.32503, 1.27364, 8.25],
			"to": [8.32503, 1.77364, 8.75],
			"rotation": {"angle": -22.5, "axis": "z", "origin": [0.05003, -0.05136, 0.05]},
			"faces": {
				"north": {"uv": [0, 0, 8, 16], "rotation": 90, "texture": "#2"},
				"east": {"uv": [0, 0, 16, 16], "rotation": 270, "texture": "#2"},
				"south": {"uv": [0, 0, 7.5, 16], "rotation": 270, "texture": "#2"},
				"up": {"uv": [0, 0, 8, 16], "rotation": 270, "texture": "#2"},
				"down": {"uv": [0, 0, 8, 16], "rotation": 270, "texture": "#2"}
			}
		}
	],
	"groups": [
		{
			"name": "group",
			"origin": [8, 8, 8],
			"color": 0,
			"children": [0, 1, 2, 3, 4, 5, 6, 7, 8, 9, 10, 11, 12, 13, 14, 15, 16, 17, 18, 19, 20, 21, 22, 23, 24, 25, 26]
		},
		{
			"name": "group",
			"origin": [8, 8, 8],
			"color": 0,
			"children": [27, 28]
		},
		{
			"name": "group",
			"origin": [8, 8, 8],
			"color": 0,
			"children": [29, 30]
		},
		{
			"name": "group",
			"origin": [8, 8, 8],
			"color": 0,
			"children": [31, 32, 33, 34, 35, 36]
		}
	]
}