{
    "providers": [
        {
            "type": "bitmap",
            "file": "kello:font/shader_canvas.png",
            "ascent": 0,
            "height": 0,
            "chars": ["a"]
        },
        {
            "type": "bitmap",
            "file": "kello:font/black.png",
            "ascent": 128,
            "height": 256,
            "chars": ["\uE000"]
        },
        {
            "type": "bitmap",
            "file": "kello:font/white.png",
            "ascent": 128,
            "height": 256,
            "chars": ["\uE001"]
        },
        {
            "type": "bitmap",
            "file": "kello:item/title/galaxy_glazed.png",
            "ascent": 32,
            "height": 64,
            "chars": ["\uE002"]
        },
        {
            "type": "bitmap",
            "file": "kello:item/title/galaxy_guide.png",
            "ascent": 8,
            "height": 16,
            "chars": ["\uE003"]
        },
        {
            "type": "bitmap",
            "file": "kello:item/title/galaxy_guide_0.png",
            "ascent": 8,
            "height": 16,
            "chars": ["\uE004"]
        }
    ]
}