{
	"textures": {
		"1": "kello:item/decal/moving_platform/dangle",
		"2": "kello:item/decal/cogwheel/0",
		"4": "kello:item/decal/cogwheel/3",
		"5": "kello:item/decal/cogwheel/1"
	},
	"elements": [
		{
			"from": [
				7.360054068965518,
				16.405023448275863,
				5.707837793103448
			],
			"to": [
				7.360054068965518,
				19.21881655172414,
				8.687148137931034
			],
			"rotation": {
				"angle": 0,
				"axis": "y",
				"origin": [
					7.9228126896551725,
					-2.877735172413793,
					8.025079172413793
				]
			},
			"faces": {
				"east": {
					"uv": [
						16,
						0,
						0,
						16
					],
					"rotation": 180,
					"texture": "#2"
				},
				"west": {
					"uv": [
						0,
						0,
						16,
						16
					],
					"rotation": 180,
					"texture": "#2"
				}
			}
		},
		{
			"from": [
				8.088329931034483,
				15.577437241379311,
				5.707837793103448
			],
			"to": [
				8.088329931034483,
				20.21192,
				10.342320551724137
			],
			"rotation": {
				"angle": 0,
				"axis": "y",
				"origin": [
					7.9228126896551725,
					-2.877735172413793,
					8.025079172413793
				]
			},
			"faces": {
				"east": {
					"uv": [
						0,
						0,
						16,
						16
					],
					"texture": "#4"
				},
				"west": {
					"uv": [
						16,
						0,
						0,
						16
					],
					"texture": "#4"
				}
			}
		},
		{
			"from": [
				6.532467862068965,
				18.060195862068966,
				7.031975724137931
			],
			"to": [
				6.532467862068965,
				20.046402758620687,
				9.018182620689656
			],
			"rotation": {
				"angle": 0,
				"axis": "y",
				"origin": [
					9.412467862068965,
					-2.877735172413793,
					7.876113655172413
				]
			},
			"faces": {
				"east": {
					"uv": [
						16,
						0,
						0,
						16
					],
					"texture": "#5"
				},
				"west": {
					"uv": [
						0,
						0,
						16,
						16
					],
					"texture": "#5"
				}
			}
		},
		{
			"from": [
				9.313157517241379,
				18.060195862068966,
				7.031975724137931
			],
			"to": [
				9.313157517241379,
				20.046402758620687,
				9.018182620689656
			],
			"rotation": {
				"angle": 0,
				"axis": "y",
				"origin": [
					6.433157517241379,
					-2.877735172413793,
					7.876113655172413
				]
			},
			"faces": {
				"east": {
					"uv": [
						16,
						0,
						0,
						16
					],
					"texture": "#5"
				},
				"west": {
					"uv": [
						0,
						0,
						16,
						16
					],
					"texture": "#5"
				}
			}
		},
		{
			"from": [
				3.9503988965517243,
				-3.788080000000001,
				4.052665379310345
			],
			"to": [
				11.89522648275862,
				-1.967390344827587,
				11.997492965517242
			],
			"rotation": {
				"angle": 0,
				"axis": "y",
				"origin": [
					7.9228126896551725,
					-2.877735172413793,
					8.025079172413793
				]
			},
			"faces": {
				"north": {
					"uv": [
						6,
						0,
						12,
						1.25
					],
					"texture": "#1"
				},
				"east": {
					"uv": [
						6,
						1.25,
						12,
						2.5
					],
					"texture": "#1"
				},
				"south": {
					"uv": [
						6,
						2.5,
						12,
						3.75
					],
					"texture": "#1"
				},
				"west": {
					"uv": [
						6,
						3.75,
						12,
						5
					],
					"texture": "#1"
				},
				"up": {
					"uv": [
						6,
						6,
						0,
						0
					],
					"rotation": 90,
					"texture": "#1"
				},
				"down": {
					"uv": [
						6,
						6,
						0,
						12
					],
					"rotation": 180,
					"texture": "#1"
				}
			}
		},
		{
			"from": [
				4.281433379310345,
				-1.967390344827587,
				4.052665379310345
			],
			"to": [
				4.281433379310345,
				0.3498510344827581,
				11.997492965517242
			],
			"rotation": {
				"angle": -22.5,
				"axis": "z",
				"origin": [
					4.281433379310345,
					-1.967390344827587,
					8.025079172413793
				]
			},
			"faces": {
				"east": {
					"uv": [
						13,
						5.25,
						7,
						7
					],
					"texture": "#1"
				},
				"west": {
					"uv": [
						7,
						5.25,
						13,
						7
					],
					"texture": "#1"
				}
			}
		},
		{
			"from": [
				11.564192,
				-1.967390344827587,
				4.052665379310345
			],
			"to": [
				11.564192,
				0.3498510344827581,
				11.997492965517242
			],
			"rotation": {
				"angle": 22.5,
				"axis": "z",
				"origin": [
					11.564192,
					-1.967390344827587,
					8.025079172413793
				]
			},
			"faces": {
				"east": {
					"uv": [
						13,
						5.25,
						7,
						7
					],
					"texture": "#1"
				},
				"west": {
					"uv": [
						7,
						5.25,
						13,
						7
					],
					"texture": "#1"
				}
			}
		},
		{
			"from": [
				11.233157517241379,
				-0.3122179310344837,
				8.025079172413793
			],
			"to": [
				11.89522648275862,
				0.3498510344827581,
				8.025079172413793
			],
			"rotation": {
				"angle": 22.5,
				"axis": "z",
				"origin": [
					11.564192,
					-1.967390344827587,
					8.025079172413793
				]
			},
			"faces": {
				"north": {
					"uv": [
						6,
						6.75,
						6.5,
						7.25
					],
					"texture": "#1"
				},
				"south": {
					"uv": [
						6.5,
						6.75,
						6,
						7.25
					],
					"texture": "#1"
				}
			}
		},
		{
			"from": [
				5.446903172413792,
				0.11388634482758686,
				7.776803310344827
			],
			"to": [
				5.446903172413792,
				2.2656104827586203,
				8.273355034482758
			],
			"rotation": {
				"angle": -22.5,
				"axis": "z",
				"origin": [
					5.446903172413792,
					0.8463001379310349,
					8.025079172413793
				]
			},
			"faces": {
				"east": {
					"uv": [
						6.75,
						7.625,
						7.125,
						9.25
					],
					"texture": "#1"
				},
				"west": {
					"uv": [
						6.75,
						7.625,
						7.125,
						9.25
					],
					"texture": "#1"
				}
			}
		},
		{
			"from": [
				4.03315751724138,
				0.3498510344827581,
				8.025079172413793
			],
			"to": [
				4.529709241379311,
				2.667092413793103,
				8.025079172413793
			],
			"rotation": {
				"angle": -22.5,
				"axis": "z",
				"origin": [
					4.281433379310345,
					-1.967390344827587,
					8.025079172413793
				]
			},
			"faces": {
				"north": {
					"uv": [
						7.125,
						7.5,
						7.5,
						9.25
					],
					"texture": "#1"
				},
				"south": {
					"uv": [
						7.125,
						7.5,
						7.5,
						9.25
					],
					"texture": "#1"
				}
			}
		},
		{
			"from": [
				5.446903172413792,
				2.5966449655172408,
				7.776803310344827
			],
			"to": [
				5.446903172413792,
				4.913886344827586,
				8.273355034482758
			],
			"rotation": {
				"angle": -22.5,
				"axis": "z",
				"origin": [
					5.446903172413792,
					0.8463001379310349,
					8.025079172413793
				]
			},
			"faces": {
				"east": {
					"uv": [
						6.75,
						7.625,
						7.125,
						9.375
					],
					"texture": "#1"
				},
				"west": {
					"uv": [
						6.75,
						7.625,
						7.125,
						9.375
					],
					"texture": "#1"
				}
			}
		},
		{
			"from": [
				4.03315751724138,
				2.667092413793103,
				8.025079172413793
			],
			"to": [
				4.529709241379311,
				5.315368275862069,
				8.025079172413793
			],
			"rotation": {
				"angle": -22.5,
				"axis": "z",
				"origin": [
					4.281433379310345,
					-1.967390344827587,
					8.025079172413793
				]
			},
			"faces": {
				"north": {
					"uv": [
						7.125,
						7.5,
						7.5,
						9.5
					],
					"texture": "#1"
				},
				"south": {
					"uv": [
						7.125,
						7.5,
						7.5,
						9.5
					],
					"texture": "#1"
				}
			}
		},
		{
			"from": [
				7.674536827586207,
				7.028307862068966,
				8.025079172413793
			],
			"to": [
				8.171088551724138,
				9.345549241379311,
				8.025079172413793
			],
			"rotation": {
				"angle": 0,
				"axis": "y",
				"origin": [
					8.915916137931035,
					9.384859586206897,
					8.025079172413793
				]
			},
			"faces": {
				"north": {
					"uv": [
						7.125,
						7.5,
						7.5,
						9.25
					],
					"texture": "#1"
				},
				"south": {
					"uv": [
						7.125,
						7.5,
						7.5,
						9.25
					],
					"texture": "#1"
				}
			}
		},
		{
			"from": [
				7.9228126896551725,
				7.024169931034483,
				7.776803310344827
			],
			"to": [
				7.9228126896551725,
				9.175894068965517,
				8.273355034482758
			],
			"rotation": {
				"angle": 0,
				"axis": "y",
				"origin": [
					8.915916137931035,
					9.384859586206897,
					8.025079172413793
				]
			},
			"faces": {
				"east": {
					"uv": [
						6.75,
						7.625,
						7.125,
						9.25
					],
					"texture": "#1"
				},
				"west": {
					"uv": [
						6.75,
						7.625,
						7.125,
						9.25
					],
					"texture": "#1"
				}
			}
		},
		{
			"from": [
				7.674536827586207,
				9.345549241379311,
				8.025079172413793
			],
			"to": [
				8.171088551724138,
				11.993825103448277,
				8.025079172413793
			],
			"rotation": {
				"angle": 0,
				"axis": "y",
				"origin": [
					8.915916137931035,
					9.384859586206897,
					8.025079172413793
				]
			},
			"faces": {
				"north": {
					"uv": [
						7.125,
						7.5,
						7.5,
						9.5
					],
					"texture": "#1"
				},
				"south": {
					"uv": [
						7.125,
						7.5,
						7.5,
						9.5
					],
					"texture": "#1"
				}
			}
		},
		{
			"from": [
				7.9228126896551725,
				9.506928551724139,
				7.776803310344827
			],
			"to": [
				7.9228126896551725,
				11.824169931034483,
				8.273355034482758
			],
			"rotation": {
				"angle": 0,
				"axis": "y",
				"origin": [
					8.915916137931035,
					9.384859586206897,
					8.025079172413793
				]
			},
			"faces": {
				"east": {
					"uv": [
						6.75,
						7.625,
						7.125,
						9.375
					],
					"texture": "#1"
				},
				"west": {
					"uv": [
						6.75,
						7.625,
						7.125,
						9.375
					],
					"texture": "#1"
				}
			}
		},
		{
			"from": [
				7.9228126896551725,
				12.155204413793104,
				7.776803310344827
			],
			"to": [
				7.9228126896551725,
				14.472445793103448,
				8.273355034482758
			],
			"rotation": {
				"angle": 0,
				"axis": "y",
				"origin": [
					8.915916137931035,
					9.384859586206897,
					8.025079172413793
				]
			},
			"faces": {
				"east": {
					"uv": [
						6.75,
						7.625,
						7.125,
						9.375
					],
					"texture": "#1"
				},
				"west": {
					"uv": [
						6.75,
						7.625,
						7.125,
						9.375
					],
					"texture": "#1"
				}
			}
		},
		{
			"from": [
				7.674536827586207,
				11.993825103448277,
				8.025079172413793
			],
			"to": [
				8.171088551724138,
				14.642100965517242,
				8.025079172413793
			],
			"rotation": {
				"angle": 0,
				"axis": "y",
				"origin": [
					8.915916137931035,
					9.384859586206897,
					8.025079172413793
				]
			},
			"faces": {
				"north": {
					"uv": [
						7.125,
						7.5,
						7.5,
						9.5
					],
					"texture": "#1"
				},
				"south": {
					"uv": [
						7.125,
						7.5,
						7.5,
						9.5
					],
					"texture": "#1"
				}
			}
		},
		{
			"from": [
				7.9228126896551725,
				14.803480275862068,
				7.776803310344827
			],
			"to": [
				7.9228126896551725,
				17.12072165517241,
				8.273355034482758
			],
			"rotation": {
				"angle": 0,
				"axis": "y",
				"origin": [
					8.915916137931035,
					9.384859586206897,
					8.025079172413793
				]
			},
			"faces": {
				"east": {
					"uv": [
						6.75,
						7.625,
						7.125,
						9.375
					],
					"texture": "#1"
				},
				"west": {
					"uv": [
						6.75,
						7.625,
						7.125,
						9.375
					],
					"texture": "#1"
				}
			}
		},
		{
			"from": [
				7.674536827586207,
				14.642100965517242,
				8.025079172413793
			],
			"to": [
				8.171088551724138,
				17.290376827586208,
				8.025079172413793
			],
			"rotation": {
				"angle": 0,
				"axis": "y",
				"origin": [
					8.915916137931035,
					9.384859586206897,
					8.025079172413793
				]
			},
			"faces": {
				"north": {
					"uv": [
						7.125,
						7.5,
						7.5,
						9.5
					],
					"texture": "#1"
				},
				"south": {
					"uv": [
						7.125,
						7.5,
						7.5,
						9.5
					],
					"texture": "#1"
				}
			}
		},
		{
			"from": [
				7.674536827586207,
				17.290376827586208,
				8.025079172413793
			],
			"to": [
				8.171088551724138,
				17.952445793103447,
				8.025079172413793
			],
			"rotation": {
				"angle": 0,
				"axis": "y",
				"origin": [
					8.915916137931035,
					9.384859586206897,
					8.025079172413793
				]
			},
			"faces": {
				"north": {
					"uv": [
						7.125,
						7.625,
						7.5,
						8.125
					],
					"texture": "#1"
				},
				"south": {
					"uv": [
						7.125,
						7.625,
						7.5,
						8.125
					],
					"texture": "#1"
				}
			}
		},
		{
			"from": [
				7.9228126896551725,
				17.45175613793103,
				7.776803310344827
			],
			"to": [
				7.9228126896551725,
				17.948307862068965,
				8.273355034482758
			],
			"rotation": {
				"angle": 0,
				"axis": "y",
				"origin": [
					8.915916137931035,
					9.384859586206897,
					8.025079172413793
				]
			},
			"faces": {
				"east": {
					"uv": [
						6.75,
						7.625,
						7.125,
						8
					],
					"texture": "#1"
				},
				"west": {
					"uv": [
						6.75,
						7.625,
						7.125,
						8
					],
					"texture": "#1"
				}
			}
		},
		{
			"from": [
				4.03315751724138,
				5.315368275862069,
				8.025079172413793
			],
			"to": [
				4.529709241379311,
				6.639506206896551,
				8.025079172413793
			],
			"rotation": {
				"angle": -22.5,
				"axis": "z",
				"origin": [
					4.281433379310345,
					-1.967390344827587,
					8.025079172413793
				]
			},
			"faces": {
				"north": {
					"uv": [
						7.125,
						7.75,
						7.5,
						8.75
					],
					"texture": "#1"
				},
				"south": {
					"uv": [
						7.125,
						7.75,
						7.5,
						8.75
					],
					"texture": "#1"
				}
			}
		},
		{
			"from": [
				5.446903172413792,
				5.244920827586206,
				7.776803310344827
			],
			"to": [
				5.446903172413792,
				6.900093241379311,
				8.273355034482758
			],
			"rotation": {
				"angle": -22.5,
				"axis": "z",
				"origin": [
					5.446903172413792,
					0.8463001379310349,
					8.025079172413793
				]
			},
			"faces": {
				"east": {
					"uv": [
						6.75,
						8.125,
						7.125,
						9.375
					],
					"texture": "#1"
				},
				"west": {
					"uv": [
						6.75,
						8.125,
						7.125,
						9.375
					],
					"texture": "#1"
				}
			}
		},
		{
			"from": [
				11.315916137931035,
				0.3498510344827581,
				8.025079172413793
			],
			"to": [
				11.812467862068965,
				2.667092413793103,
				8.025079172413793
			],
			"rotation": {
				"angle": 22.5,
				"axis": "z",
				"origin": [
					11.564192,
					-1.967390344827587,
					8.025079172413793
				]
			},
			"faces": {
				"north": {
					"uv": [
						7.5,
						7.5,
						7.125,
						9.25
					],
					"texture": "#1"
				},
				"south": {
					"uv": [
						7.5,
						7.5,
						7.125,
						9.25
					],
					"texture": "#1"
				}
			}
		},
		{
			"from": [
				10.39872220689655,
				0.11388634482758686,
				7.776803310344827
			],
			"to": [
				10.39872220689655,
				2.2656104827586203,
				8.273355034482758
			],
			"rotation": {
				"angle": 22.5,
				"axis": "z",
				"origin": [
					10.39872220689655,
					0.8463001379310349,
					8.025079172413793
				]
			},
			"faces": {
				"east": {
					"uv": [
						7.125,
						7.625,
						6.75,
						9.25
					],
					"texture": "#1"
				},
				"west": {
					"uv": [
						7.125,
						7.625,
						6.75,
						9.25
					],
					"texture": "#1"
				}
			}
		},
		{
			"from": [
				11.315916137931035,
				2.667092413793103,
				8.025079172413793
			],
			"to": [
				11.812467862068965,
				5.315368275862069,
				8.025079172413793
			],
			"rotation": {
				"angle": 22.5,
				"axis": "z",
				"origin": [
					11.564192,
					-1.967390344827587,
					8.025079172413793
				]
			},
			"faces": {
				"north": {
					"uv": [
						7.5,
						7.5,
						7.125,
						9.5
					],
					"texture": "#1"
				},
				"south": {
					"uv": [
						7.5,
						7.5,
						7.125,
						9.5
					],
					"texture": "#1"
				}
			}
		},
		{
			"from": [
				10.39872220689655,
				2.5966449655172408,
				7.776803310344827
			],
			"to": [
				10.39872220689655,
				4.913886344827586,
				8.273355034482758
			],
			"rotation": {
				"angle": 22.5,
				"axis": "z",
				"origin": [
					10.39872220689655,
					0.8463001379310349,
					8.025079172413793
				]
			},
			"faces": {
				"east": {
					"uv": [
						7.125,
						7.625,
						6.75,
						9.375
					],
					"texture": "#1"
				},
				"west": {
					"uv": [
						7.125,
						7.625,
						6.75,
						9.375
					],
					"texture": "#1"
				}
			}
		},
		{
			"from": [
				10.39872220689655,
				5.244920827586206,
				7.776803310344827
			],
			"to": [
				10.39872220689655,
				6.900093241379311,
				8.273355034482758
			],
			"rotation": {
				"angle": 22.5,
				"axis": "z",
				"origin": [
					10.39872220689655,
					0.8463001379310349,
					8.025079172413793
				]
			},
			"faces": {
				"east": {
					"uv": [
						7.125,
						8.125,
						6.75,
						9.375
					],
					"texture": "#1"
				},
				"west": {
					"uv": [
						7.125,
						8.125,
						6.75,
						9.375
					],
					"texture": "#1"
				}
			}
		},
		{
			"from": [
				11.315916137931035,
				5.315368275862069,
				8.025079172413793
			],
			"to": [
				11.812467862068965,
				6.639506206896551,
				8.025079172413793
			],
			"rotation": {
				"angle": 22.5,
				"axis": "z",
				"origin": [
					11.564192,
					-1.967390344827587,
					8.025079172413793
				]
			},
			"faces": {
				"north": {
					"uv": [
						7.5,
						7.75,
						7.125,
						8.75
					],
					"texture": "#1"
				},
				"south": {
					"uv": [
						7.5,
						7.75,
						7.125,
						8.75
					],
					"texture": "#1"
				}
			}
		},
		{
			"from": [
				7.706089379310344,
				7.075049931034483,
				8.025079172413793
			],
			"to": [
				8.202641103448276,
				9.09436027586207,
				8.025079172413793
			],
			"rotation": {
				"angle": 0,
				"axis": "y",
				"origin": [
					8.781951448275862,
					8.05987751724138,
					8.025079172413793
				]
			},
			"faces": {
				"north": {
					"uv": [
						6.5,
						5,
						6.875,
						6.625
					],
					"texture": "#1"
				},
				"south": {
					"uv": [
						6.5,
						5,
						6.875,
						6.625
					],
					"texture": "#1"
				}
			}
		},
		{
			"from": [
				7.706089379310344,
				8.937118896551723,
				8.025079172413793
			],
			"to": [
				8.202641103448276,
				10.956429241379311,
				8.025079172413793
			],
			"rotation": {
				"angle": 0,
				"axis": "y",
				"origin": [
					8.781951448275862,
					8.05987751724138,
					8.025079172413793
				]
			},
			"faces": {
				"north": {
					"uv": [
						6.5,
						5,
						6.875,
						6.625
					],
					"texture": "#1"
				},
				"south": {
					"uv": [
						6.5,
						5,
						6.875,
						6.625
					],
					"texture": "#1"
				}
			}
		},
		{
			"from": [
				7.397513931034483,
				6.068471724137931,
				7.942320551724138
			],
			"to": [
				8.390617379310346,
				7.061575172413792,
				8.107837793103448
			],
			"rotation": {
				"angle": 45,
				"axis": "z",
				"origin": [
					7.986313379310345,
					6.567468137931034,
					8.025079172413793
				]
			},
			"faces": {
				"north": {
					"uv": [
						6.75,
						8.25,
						6,
						7.5
					],
					"rotation": 180,
					"texture": "#1"
				},
				"east": {
					"uv": [
						6.125,
						7.5,
						6,
						8.25
					],
					"texture": "#1"
				},
				"south": {
					"uv": [
						6,
						8.25,
						6.75,
						7.5
					],
					"rotation": 180,
					"texture": "#1"
				},
				"west": {
					"uv": [
						6.75,
						7.5,
						6.625,
						8.25
					],
					"texture": "#1"
				},
				"up": {
					"uv": [
						6,
						7.625,
						6.75,
						7.5
					],
					"rotation": 180,
					"texture": "#1"
				},
				"down": {
					"uv": [
						6,
						8.25,
						6.75,
						8.125
					],
					"rotation": 180,
					"texture": "#1"
				}
			}
		},
		{
			"from": [
				6.59867475862069,
				17.936057931034483,
				7.031975724137931
			],
			"to": [
				9.246950620689656,
				19.260195862068965,
				9.018182620689656
			],
			"faces": {
				"east": {
					"uv": [
						12,
						1,
						13.5,
						2
					],
					"texture": "#1"
				},
				"west": {
					"uv": [
						12,
						0,
						13.5,
						1
					],
					"texture": "#1"
				},
				"down": {
					"uv": [
						13.5,
						0,
						15,
						2
					],
					"rotation": 270,
					"texture": "#1"
				}
			}
		},
		{
			"from": [
				9.246950620689656,
				19.260195862068965,
				9.018182620689656
			],
			"to": [
				6.59867475862069,
				17.936057931034483,
				7.031975724137931
			],
			"faces": {
				"east": {
					"uv": [
						12,
						1,
						13.5,
						0
					],
					"texture": "#1"
				},
				"west": {
					"uv": [
						12,
						2,
						13.5,
						1
					],
					"texture": "#1"
				},
				"up": {
					"uv": [
						13.5,
						2,
						15,
						0
					],
					"rotation": 270,
					"texture": "#1"
				}
			}
		}
	],
	"display": {
		"head": {
			"rotation": [
				0,
				180,
				0
			]
		}
	}
}