{
	"parent": "animated_java:item/mellobanner/flyfan_secondary",
	"textures": {
		"0": "kello:item/decal/flyfan/minor_pattern_3",
		"7": "kello:item/trans",
		"8": "kello:item/trans",
		"9": "kello:item/trans",
		"10": "kello:item/trans",
		"11": "kello:item/trans",
		"12": "kello:item/trans",
		"13": "kello:item/trans",
		"14": "kello:item/trans",
		"15": "kello:item/trans",
		"16": "kello:item/trans",
		"17": "kello:item/trans",
		"18": "kello:item/trans",
		"19": "kello:item/trans",
		"20": "kello:item/trans",
		"21": "kello:item/trans",
		"22": "kello:item/trans",
		"23": "kello:item/trans",
		"24": "kello:item/trans",
		"25": "kello:item/trans",
		"26": "kello:item/trans",
		"27": "kello:item/trans",
		"28": "kello:item/trans",
		"29": "kello:item/trans",
		"30": "kello:item/trans",
		"31": "kello:item/trans",
		"32": "kello:item/trans",
		"33": "kello:item/trans"
	}
}