{
	"credit": "Made with Blockbench",
	"textures": {
		"0": "kello:item/decal/falling_platform/chapter_1/visual/0",
		"particle": "kello:item/decal/falling_platform/chapter_1/visual/0"
	},
	"elements": [
		{
			"from": [8, -2, -2],
			"to": [8, 18, 18],
			"rotation": {"angle": 0, "axis": "y", "origin": [0, 0, 7]},
			"faces": {
				"north": {"uv": [0, 0, 0, 16], "texture": "#0"},
				"east": {"uv": [0, 0, 16, 16], "texture": "#0"},
				"south": {"uv": [0, 0, 0, 16], "texture": "#0"},
				"west": {"uv": [0, 0, 16, 16], "texture": "#0"},
				"up": {"uv": [0, 0, 0, 16], "texture": "#0"},
				"down": {"uv": [0, 0, 0, 16], "texture": "#0"}
			}
		}
	]
}