{
	"textures": {
		"0": "kello:item/decal/melloflora_lantern_blue",
		"1": "kello:item/decal/melloflora_loop_0"
	},
	"elements": [
		{
			"from": [
				8,
				-14.378783151326054,
				7.243681747269891
			],
			"to": [
				8,
				-13.629953198127929,
				7.692979719188767
			],
			"rotation": {
				"angle": -22.5,
				"axis": "y",
				"origin": [
					8,
					-13.92948517940718,
					8
				]
			},
			"faces": {
				"east": {
					"uv": [
						5.5,
						5.5,
						8.5,
						10.5
					],
					"texture": "#0",
					"tintindex": 0
				},
				"west": {
					"uv": [
						8.5,
						5.5,
						5.5,
						10.5
					],
					"texture": "#0",
					"tintindex": 0
				}
			}
		},
		{
			"from": [
				8.314508580343213,
				-14.371294851794076,
				8
			],
			"to": [
				8.688923556942278,
				-13.62246489859595,
				8
			],
			"rotation": {
				"angle": 22.5,
				"axis": "z",
				"origin": [
					8.336973478939157,
					-13.74976599063963,
					8
				]
			},
			"faces": {
				"north": {
					"uv": [
						3,
						5.5,
						5.5,
						10.5
					],
					"texture": "#0",
					"tintindex": 0
				},
				"south": {
					"uv": [
						5.5,
						5.5,
						3,
						10.5
					],
					"texture": "#0",
					"tintindex": 0
				}
			}
		},
		{
			"from": [
				8,
				-14.378783151326054,
				8.3594383775351
			],
			"to": [
				8,
				-13.629953198127929,
				8.883619344773791
			],
			"rotation": {
				"angle": 45,
				"axis": "y",
				"origin": [
					8,
					-13.92948517940718,
					8
				]
			},
			"faces": {
				"east": {
					"uv": [
						12,
						5.5,
						8.5,
						10.5
					],
					"texture": "#0",
					"tintindex": 0
				},
				"west": {
					"uv": [
						8.5,
						5.5,
						12,
						10.5
					],
					"texture": "#0",
					"tintindex": 0
				}
			}
		},
		{
			"from": [
				7.9700468018720745,
				-14.461154446177847,
				8.35195007800312
			],
			"to": [
				7.9700468018720745,
				-13.712324492979718,
				8.801248049921996
			],
			"rotation": {
				"angle": -45,
				"axis": "y",
				"origin": [
					7.9700468018720745,
					-14.026833073322937,
					8.112324492979718
				]
			},
			"faces": {
				"east": {
					"uv": [
						8.5,
						6,
						5.5,
						11
					],
					"texture": "#0",
					"tintindex": 0
				},
				"west": {
					"uv": [
						5.5,
						6,
						8.5,
						11
					],
					"texture": "#0",
					"tintindex": 0
				}
			}
		},
		{
			"from": [
				7.251170046801872,
				-14.401248049921996,
				8
			],
			"to": [
				7.625585023400936,
				-13.652418096723867,
				8
			],
			"rotation": {
				"angle": -45,
				"axis": "y",
				"origin": [
					8,
					-13.92948517940718,
					8
				]
			},
			"faces": {
				"north": {
					"uv": [
						5.5,
						5.5,
						3,
						10.5
					],
					"texture": "#0",
					"tintindex": 0
				},
				"south": {
					"uv": [
						3,
						5.5,
						5.5,
						10.5
					],
					"texture": "#0",
					"tintindex": 0
				}
			}
		},
		{
			"from": [
				7.794071762870515,
				-13.77223088923557,
				7.831513260530421
			],
			"to": [
				8.205928237129486,
				-13.622464898595943,
				8.168486739469579
			],
			"rotation": {
				"angle": 0,
				"axis": "y",
				"origin": [
					7.4024336973478935,
					-14.369797191887677,
					7.4024336973478935
				]
			},
			"faces": {
				"north": {
					"uv": [
						0.5,
						8.5,
						2.5,
						9.45
					],
					"texture": "#0"
				},
				"east": {
					"uv": [
						0.5,
						8.5,
						2.5,
						9.45
					],
					"texture": "#0"
				},
				"south": {
					"uv": [
						0.5,
						8.5,
						2.5,
						9.45
					],
					"texture": "#0"
				},
				"west": {
					"uv": [
						0.5,
						8.5,
						2.5,
						9.45
					],
					"texture": "#0"
				},
				"up": {
					"uv": [
						0.5,
						13.5,
						2.5,
						15.5
					],
					"texture": "#0"
				},
				"down": {
					"uv": [
						0,
						8.5,
						0,
						8.5
					],
					"texture": "#0"
				}
			}
		},
		{
			"from": [
				8.299531981279252,
				-13.742277691107645,
				8.299531981279252
			],
			"to": [
				7.700468018720748,
				-14.491107644305774,
				7.700468018720748
			],
			"rotation": {
				"angle": 0,
				"axis": "y",
				"origin": [
					7.4024336973478935,
					-14.369797191887677,
					7.4024336973478935
				]
			},
			"faces": {
				"north": {
					"uv": [
						8,
						14.5,
						8.45,
						15.475
					],
					"rotation": 180,
					"texture": "#0"
				},
				"east": {
					"uv": [
						8,
						14.5,
						8.45,
						15.475
					],
					"rotation": 180,
					"texture": "#0"
				},
				"south": {
					"uv": [
						8,
						14.5,
						8.45,
						15.475
					],
					"rotation": 180,
					"texture": "#0"
				},
				"west": {
					"uv": [
						8,
						14.5,
						8.45,
						15.475
					],
					"rotation": 180,
					"texture": "#0"
				},
				"up": {
					"uv": [
						8,
						15,
						8.45,
						15.475
					],
					"rotation": 180,
					"texture": "#0"
				},
				"down": {
					"uv": [
						8,
						14.5,
						8.45,
						14.975
					],
					"rotation": 180,
					"texture": "#0"
				}
			}
		},
		{
			"from": [
				7.737909516380655,
				-14.453666146645869,
				7.737909516380655
			],
			"to": [
				8.262090483619344,
				-13.779719188767555,
				8.262090483619344
			],
			"rotation": {
				"angle": 0,
				"axis": "y",
				"origin": [
					7.4024336973478935,
					-14.369797191887677,
					7.4024336973478935
				]
			},
			"faces": {
				"north": {
					"uv": [
						0,
						9.5,
						2.45,
						12.975
					],
					"texture": "#0"
				},
				"east": {
					"uv": [
						0,
						9.5,
						2.45,
						12.975
					],
					"texture": "#0"
				},
				"south": {
					"uv": [
						0,
						9.5,
						2.45,
						12.975
					],
					"texture": "#0"
				},
				"west": {
					"uv": [
						0,
						9.5,
						2.45,
						12.975
					],
					"texture": "#0"
				},
				"up": {
					"uv": [
						5,
						13,
						7.5,
						15.5
					],
					"texture": "#0"
				},
				"down": {
					"uv": [
						0,
						13,
						2.5,
						15.5
					],
					"texture": "#0"
				}
			}
		},
		{
			"from": [
				8,
				8.310764430577223,
				7.887675507020281
			],
			"to": [
				8,
				9.508892355694227,
				8.112324492979718
			],
			"rotation": {
				"angle": 45,
				"axis": "y",
				"origin": [
					8,
					7.786583463338534,
					8
				]
			},
			"faces": {
				"east": {
					"uv": [
						1.5,
						0,
						3,
						8
					],
					"texture": "#0",
					"tintindex": 0
				},
				"west": {
					"uv": [
						3,
						0,
						1.5,
						8
					],
					"texture": "#0",
					"tintindex": 0
				}
			}
		},
		{
			"from": [
				7.887675507020281,
				8.310764430577223,
				8
			],
			"to": [
				8.112324492979718,
				9.508892355694227,
				8
			],
			"rotation": {
				"angle": 45,
				"axis": "y",
				"origin": [
					8,
					7.786583463338534,
					8
				]
			},
			"faces": {
				"north": {
					"uv": [
						1.5,
						0,
						0,
						8
					],
					"texture": "#0",
					"tintindex": 0
				},
				"south": {
					"uv": [
						0,
						0,
						1.5,
						8
					],
					"texture": "#0",
					"tintindex": 0
				}
			}
		},
		{
			"from": [
				7.887675507020281,
				7.112636505460219,
				8
			],
			"to": [
				8.112324492979718,
				8.310764430577223,
				8
			],
			"rotation": {
				"angle": 45,
				"axis": "y",
				"origin": [
					8,
					7.786583463338534,
					8
				]
			},
			"faces": {
				"north": {
					"uv": [
						1.5,
						0,
						0,
						8
					],
					"texture": "#0",
					"tintindex": 0
				},
				"south": {
					"uv": [
						0,
						0,
						1.5,
						8
					],
					"texture": "#0",
					"tintindex": 0
				}
			}
		},
		{
			"from": [
				8,
				7.112636505460219,
				7.887675507020281
			],
			"to": [
				8,
				8.310764430577223,
				8.112324492979718
			],
			"rotation": {
				"angle": 45,
				"axis": "y",
				"origin": [
					8,
					7.786583463338534,
					8
				]
			},
			"faces": {
				"east": {
					"uv": [
						1.5,
						0,
						3,
						8
					],
					"texture": "#0",
					"tintindex": 0
				},
				"west": {
					"uv": [
						3,
						0,
						1.5,
						8
					],
					"texture": "#0",
					"tintindex": 0
				}
			}
		},
		{
			"from": [
				8,
				7.187519500780031,
				8.112324492979718
			],
			"to": [
				8,
				7.711700468018721,
				8.636505460218409
			],
			"rotation": {
				"angle": 45,
				"axis": "y",
				"origin": [
					8,
					7.786583463338534,
					8
				]
			},
			"faces": {
				"east": {
					"uv": [
						0,
						0,
						3.5,
						3.5
					],
					"texture": "#1",
					"tintindex": 0
				},
				"west": {
					"uv": [
						3.5,
						0,
						0,
						3.5
					],
					"texture": "#1",
					"tintindex": 0
				}
			}
		},
		{
			"from": [
				8.112324492979718,
				2.3201248049922,
				8
			],
			"to": [
				8.636505460218409,
				2.8443057722308893,
				8
			],
			"rotation": {
				"angle": -45,
				"axis": "y",
				"origin": [
					8,
					2.6945397815912635,
					8
				]
			},
			"faces": {
				"north": {
					"uv": [
						0,
						0,
						3.5,
						3.5
					],
					"texture": "#1",
					"tintindex": 0
				},
				"south": {
					"uv": [
						3.5,
						0,
						0,
						3.5
					],
					"texture": "#1",
					"tintindex": 0
				}
			}
		},
		{
			"from": [
				7.363494539781591,
				3.6680187207488295,
				8
			],
			"to": [
				7.887675507020281,
				4.19219968798752,
				8
			],
			"rotation": {
				"angle": 45,
				"axis": "y",
				"origin": [
					8,
					7.786583463338534,
					8
				]
			},
			"faces": {
				"north": {
					"uv": [
						3.5,
						0,
						0,
						3.5
					],
					"texture": "#1",
					"tintindex": 0
				},
				"south": {
					"uv": [
						0,
						0,
						3.5,
						3.5
					],
					"texture": "#1",
					"tintindex": 0
				}
			}
		},
		{
			"from": [
				8,
				6.214040561622465,
				8.112324492979718
			],
			"to": [
				8,
				6.663338533541341,
				8.561622464898596
			],
			"rotation": {
				"angle": -45,
				"axis": "y",
				"origin": [
					8,
					7.786583463338534,
					8
				]
			},
			"faces": {
				"east": {
					"uv": [
						3.5,
						0,
						6.5,
						3
					],
					"texture": "#1",
					"tintindex": 0
				},
				"west": {
					"uv": [
						6.5,
						0,
						3.5,
						3
					],
					"texture": "#1",
					"tintindex": 0
				}
			}
		},
		{
			"from": [
				8,
				8.086115444617784,
				7.438377535101404
			],
			"to": [
				8,
				8.535413416536661,
				7.887675507020281
			],
			"rotation": {
				"angle": 45,
				"axis": "y",
				"origin": [
					8,
					7.786583463338534,
					8
				]
			},
			"faces": {
				"east": {
					"uv": [
						6.5,
						0,
						3.5,
						3
					],
					"texture": "#1",
					"tintindex": 0
				},
				"west": {
					"uv": [
						3.5,
						0,
						6.5,
						3
					],
					"texture": "#1",
					"tintindex": 0
				}
			}
		},
		{
			"from": [
				8.112324492979718,
				0.07363494539781623,
				8
			],
			"to": [
				8.636505460218409,
				0.6726989079563186,
				8
			],
			"rotation": {
				"angle": -45,
				"axis": "y",
				"origin": [
					8,
					7.786583463338534,
					8
				]
			},
			"faces": {
				"north": {
					"uv": [
						6.5,
						0,
						10,
						4
					],
					"texture": "#1",
					"tintindex": 0
				},
				"south": {
					"uv": [
						10,
						0,
						6.5,
						4
					],
					"texture": "#1",
					"tintindex": 0
				}
			}
		},
		{
			"from": [
				8.112324492979718,
				4.416848673946958,
				8
			],
			"to": [
				8.636505460218409,
				5.01591263650546,
				8
			],
			"rotation": {
				"angle": -22.5,
				"axis": "y",
				"origin": [
					8,
					7.786583463338534,
					8
				]
			},
			"faces": {
				"north": {
					"uv": [
						6.5,
						0,
						10,
						4
					],
					"texture": "#1",
					"tintindex": 0
				},
				"south": {
					"uv": [
						10,
						0,
						6.5,
						4
					],
					"texture": "#1",
					"tintindex": 0
				}
			}
		},
		{
			"from": [
				7.363494539781591,
				5.689859594383775,
				8
			],
			"to": [
				7.887675507020281,
				6.288923556942278,
				8
			],
			"rotation": {
				"angle": -45,
				"axis": "y",
				"origin": [
					8,
					7.786583463338534,
					8
				]
			},
			"faces": {
				"north": {
					"uv": [
						10,
						0,
						6.5,
						4
					],
					"texture": "#1",
					"tintindex": 0
				},
				"south": {
					"uv": [
						6.5,
						0,
						10,
						4
					],
					"texture": "#1",
					"tintindex": 0
				}
			}
		},
		{
			"from": [
				7.887675507020281,
				5.914508580343213,
				8
			],
			"to": [
				8.112324492979718,
				7.112636505460219,
				8
			],
			"rotation": {
				"angle": 45,
				"axis": "y",
				"origin": [
					8,
					7.786583463338534,
					8
				]
			},
			"faces": {
				"north": {
					"uv": [
						1.5,
						0,
						0,
						8
					],
					"texture": "#0",
					"tintindex": 0
				},
				"south": {
					"uv": [
						0,
						0,
						1.5,
						8
					],
					"texture": "#0",
					"tintindex": 0
				}
			}
		},
		{
			"from": [
				8,
				5.914508580343213,
				7.887675507020281
			],
			"to": [
				8,
				7.112636505460219,
				8.112324492979718
			],
			"rotation": {
				"angle": 45,
				"axis": "y",
				"origin": [
					8,
					7.786583463338534,
					8
				]
			},
			"faces": {
				"east": {
					"uv": [
						1.5,
						0,
						3,
						8
					],
					"texture": "#0",
					"tintindex": 0
				},
				"west": {
					"uv": [
						3,
						0,
						1.5,
						8
					],
					"texture": "#0",
					"tintindex": 0
				}
			}
		},
		{
			"from": [
				7.887675507020281,
				3.5182527301092037,
				8
			],
			"to": [
				8.112324492979718,
				4.716380655226208,
				8
			],
			"rotation": {
				"angle": 45,
				"axis": "y",
				"origin": [
					8,
					7.786583463338534,
					8
				]
			},
			"faces": {
				"north": {
					"uv": [
						1.5,
						0,
						0,
						8
					],
					"texture": "#0",
					"tintindex": 0
				},
				"south": {
					"uv": [
						0,
						0,
						1.5,
						8
					],
					"texture": "#0",
					"tintindex": 0
				}
			}
		},
		{
			"from": [
				8,
				3.5182527301092037,
				7.887675507020281
			],
			"to": [
				8,
				4.716380655226208,
				8.112324492979718
			],
			"rotation": {
				"angle": 45,
				"axis": "y",
				"origin": [
					8,
					7.786583463338534,
					8
				]
			},
			"faces": {
				"east": {
					"uv": [
						1.5,
						0,
						3,
						8
					],
					"texture": "#0",
					"tintindex": 0
				},
				"west": {
					"uv": [
						3,
						0,
						1.5,
						8
					],
					"texture": "#0",
					"tintindex": 0
				}
			}
		},
		{
			"from": [
				8,
				2.3201248049922,
				7.887675507020281
			],
			"to": [
				8,
				3.5182527301092037,
				8.112324492979718
			],
			"rotation": {
				"angle": 45,
				"axis": "y",
				"origin": [
					8,
					2.7694227769110764,
					8
				]
			},
			"faces": {
				"east": {
					"uv": [
						1.5,
						0,
						3,
						8
					],
					"texture": "#0",
					"tintindex": 0
				},
				"west": {
					"uv": [
						3,
						0,
						1.5,
						8
					],
					"texture": "#0",
					"tintindex": 0
				}
			}
		},
		{
			"from": [
				7.887675507020281,
				2.3201248049922,
				8
			],
			"to": [
				8.112324492979718,
				3.5182527301092037,
				8
			],
			"rotation": {
				"angle": 45,
				"axis": "y",
				"origin": [
					8,
					7.786583463338534,
					8
				]
			},
			"faces": {
				"north": {
					"uv": [
						1.5,
						0,
						0,
						8
					],
					"texture": "#0",
					"tintindex": 0
				},
				"south": {
					"uv": [
						0,
						0,
						1.5,
						8
					],
					"texture": "#0",
					"tintindex": 0
				}
			}
		},
		{
			"from": [
				8,
				4.716380655226208,
				7.887675507020281
			],
			"to": [
				8,
				5.914508580343213,
				8.112324492979718
			],
			"rotation": {
				"angle": 45,
				"axis": "y",
				"origin": [
					8,
					7.786583463338534,
					8
				]
			},
			"faces": {
				"east": {
					"uv": [
						1.5,
						0,
						3,
						8
					],
					"texture": "#0",
					"tintindex": 0
				},
				"west": {
					"uv": [
						3,
						0,
						1.5,
						8
					],
					"texture": "#0",
					"tintindex": 0
				}
			}
		},
		{
			"from": [
				7.887675507020281,
				4.716380655226208,
				8
			],
			"to": [
				8.112324492979718,
				5.914508580343213,
				8
			],
			"rotation": {
				"angle": 45,
				"axis": "y",
				"origin": [
					8,
					7.786583463338534,
					8
				]
			},
			"faces": {
				"north": {
					"uv": [
						1.5,
						0,
						0,
						8
					],
					"texture": "#0",
					"tintindex": 0
				},
				"south": {
					"uv": [
						0,
						0,
						1.5,
						8
					],
					"texture": "#0",
					"tintindex": 0
				}
			}
		},
		{
			"from": [
				7.88795631825273,
				-13.623026521060847,
				8
			],
			"to": [
				8.11204368174727,
				-13.324243369734795,
				8
			],
			"rotation": {
				"angle": 45,
				"axis": "y",
				"origin": [
					8,
					-13.847113884555384,
					8
				]
			},
			"faces": {
				"north": {
					"uv": [
						4.49625,
						10.5,
						3,
						12.495
					],
					"texture": "#0",
					"tintindex": 0
				},
				"south": {
					"uv": [
						3,
						10.5,
						4.49625,
						12.495
					],
					"texture": "#0",
					"tintindex": 0
				}
			}
		},
		{
			"from": [
				8,
				-13.697722308892356,
				7.88795631825273
			],
			"to": [
				8,
				-13.249547581903279,
				8.11204368174727
			],
			"rotation": {
				"angle": 45,
				"axis": "y",
				"origin": [
					8,
					-13.847113884555384,
					8
				]
			},
			"faces": {
				"east": {
					"uv": [
						3,
						13.0075,
						4.49625,
						16
					],
					"texture": "#0",
					"tintindex": 0
				},
				"west": {
					"uv": [
						4.49625,
						13.0075,
						3,
						16
					],
					"texture": "#0",
					"tintindex": 0
				}
			}
		},
		{
			"from": [
				7.887675507020281,
				1.1219968798751951,
				8
			],
			"to": [
				8.112324492979718,
				2.3201248049922,
				8
			],
			"rotation": {
				"angle": 45,
				"axis": "y",
				"origin": [
					8,
					0.5978159126365057,
					8
				]
			},
			"faces": {
				"north": {
					"uv": [
						1.5,
						0,
						0,
						8
					],
					"texture": "#0",
					"tintindex": 0
				},
				"south": {
					"uv": [
						0,
						0,
						1.5,
						8
					],
					"texture": "#0",
					"tintindex": 0
				}
			}
		},
		{
			"from": [
				8,
				1.1219968798751951,
				7.887675507020281
			],
			"to": [
				8,
				2.3201248049922,
				8.112324492979718
			],
			"rotation": {
				"angle": 45,
				"axis": "y",
				"origin": [
					8,
					0.5978159126365057,
					8
				]
			},
			"faces": {
				"east": {
					"uv": [
						1.5,
						0,
						3,
						8
					],
					"texture": "#0",
					"tintindex": 0
				},
				"west": {
					"uv": [
						3,
						0,
						1.5,
						8
					],
					"texture": "#0",
					"tintindex": 0
				}
			}
		},
		{
			"from": [
				8,
				-0.07613104524180869,
				7.887675507020281
			],
			"to": [
				8,
				1.1219968798751951,
				8.112324492979718
			],
			"rotation": {
				"angle": 45,
				"axis": "y",
				"origin": [
					8,
					0.5978159126365057,
					8
				]
			},
			"faces": {
				"east": {
					"uv": [
						1.5,
						0,
						3,
						8
					],
					"texture": "#0",
					"tintindex": 0
				},
				"west": {
					"uv": [
						3,
						0,
						1.5,
						8
					],
					"texture": "#0",
					"tintindex": 0
				}
			}
		},
		{
			"from": [
				7.887675507020281,
				-0.07613104524180869,
				8
			],
			"to": [
				8.112324492979718,
				1.1219968798751951,
				8
			],
			"rotation": {
				"angle": 45,
				"axis": "y",
				"origin": [
					8,
					0.5978159126365057,
					8
				]
			},
			"faces": {
				"north": {
					"uv": [
						1.5,
						0,
						0,
						8
					],
					"texture": "#0",
					"tintindex": 0
				},
				"south": {
					"uv": [
						0,
						0,
						1.5,
						8
					],
					"texture": "#0",
					"tintindex": 0
				}
			}
		},
		{
			"from": [
				8,
				-1.2742589703588134,
				7.887675507020281
			],
			"to": [
				8,
				-0.07613104524180869,
				8.112324492979718
			],
			"rotation": {
				"angle": 45,
				"axis": "y",
				"origin": [
					8,
					0.5978159126365057,
					8
				]
			},
			"faces": {
				"east": {
					"uv": [
						1.5,
						0,
						3,
						8
					],
					"texture": "#0",
					"tintindex": 0
				},
				"west": {
					"uv": [
						3,
						0,
						1.5,
						8
					],
					"texture": "#0",
					"tintindex": 0
				}
			}
		},
		{
			"from": [
				7.887675507020281,
				-1.2742589703588134,
				8
			],
			"to": [
				8.112324492979718,
				-0.07613104524180869,
				8
			],
			"rotation": {
				"angle": 45,
				"axis": "y",
				"origin": [
					8,
					0.5978159126365057,
					8
				]
			},
			"faces": {
				"north": {
					"uv": [
						1.5,
						0,
						0,
						8
					],
					"texture": "#0",
					"tintindex": 0
				},
				"south": {
					"uv": [
						0,
						0,
						1.5,
						8
					],
					"texture": "#0",
					"tintindex": 0
				}
			}
		},
		{
			"from": [
				8,
				-3.670514820592823,
				7.887675507020281
			],
			"to": [
				8,
				-2.472386895475818,
				8.112324492979718
			],
			"rotation": {
				"angle": 45,
				"axis": "y",
				"origin": [
					8,
					0.5978159126365057,
					8
				]
			},
			"faces": {
				"east": {
					"uv": [
						1.5,
						0,
						3,
						8
					],
					"texture": "#0",
					"tintindex": 0
				},
				"west": {
					"uv": [
						3,
						0,
						1.5,
						8
					],
					"texture": "#0",
					"tintindex": 0
				}
			}
		},
		{
			"from": [
				7.887675507020281,
				-3.670514820592823,
				8
			],
			"to": [
				8.112324492979718,
				-2.472386895475818,
				8
			],
			"rotation": {
				"angle": 45,
				"axis": "y",
				"origin": [
					8,
					0.5978159126365057,
					8
				]
			},
			"faces": {
				"north": {
					"uv": [
						1.5,
						0,
						0,
						8
					],
					"texture": "#0",
					"tintindex": 0
				},
				"south": {
					"uv": [
						0,
						0,
						1.5,
						8
					],
					"texture": "#0",
					"tintindex": 0
				}
			}
		},
		{
			"from": [
				7.887675507020281,
				-4.868642745709828,
				8
			],
			"to": [
				8.112324492979718,
				-3.670514820592823,
				8
			],
			"rotation": {
				"angle": 45,
				"axis": "y",
				"origin": [
					8,
					0.5978159126365057,
					8
				]
			},
			"faces": {
				"north": {
					"uv": [
						1.5,
						0,
						0,
						8
					],
					"texture": "#0",
					"tintindex": 0
				},
				"south": {
					"uv": [
						0,
						0,
						1.5,
						8
					],
					"texture": "#0",
					"tintindex": 0
				}
			}
		},
		{
			"from": [
				8,
				-4.868642745709828,
				7.887675507020281
			],
			"to": [
				8,
				-3.670514820592823,
				8.112324492979718
			],
			"rotation": {
				"angle": 45,
				"axis": "y",
				"origin": [
					8,
					0.5978159126365057,
					8
				]
			},
			"faces": {
				"east": {
					"uv": [
						1.5,
						0,
						3,
						8
					],
					"texture": "#0",
					"tintindex": 0
				},
				"west": {
					"uv": [
						3,
						0,
						1.5,
						8
					],
					"texture": "#0",
					"tintindex": 0
				}
			}
		},
		{
			"from": [
				7.887675507020281,
				-2.472386895475818,
				8
			],
			"to": [
				8.112324492979718,
				-1.2742589703588134,
				8
			],
			"rotation": {
				"angle": 45,
				"axis": "y",
				"origin": [
					8,
					0.5978159126365057,
					8
				]
			},
			"faces": {
				"north": {
					"uv": [
						1.5,
						0,
						0,
						8
					],
					"texture": "#0",
					"tintindex": 0
				},
				"south": {
					"uv": [
						0,
						0,
						1.5,
						8
					],
					"texture": "#0",
					"tintindex": 0
				}
			}
		},
		{
			"from": [
				8,
				-2.472386895475818,
				7.887675507020281
			],
			"to": [
				8,
				-1.2742589703588134,
				8.112324492979718
			],
			"rotation": {
				"angle": 45,
				"axis": "y",
				"origin": [
					8,
					0.5978159126365057,
					8
				]
			},
			"faces": {
				"east": {
					"uv": [
						1.5,
						0,
						3,
						8
					],
					"texture": "#0",
					"tintindex": 0
				},
				"west": {
					"uv": [
						3,
						0,
						1.5,
						8
					],
					"texture": "#0",
					"tintindex": 0
				}
			}
		},
		{
			"from": [
				8,
				0.7475819032761315,
				7.363494539781591
			],
			"to": [
				8,
				1.271762870514821,
				7.887675507020281
			],
			"rotation": {
				"angle": 22.5,
				"axis": "y",
				"origin": [
					8,
					0.5978159126365057,
					8
				]
			},
			"faces": {
				"east": {
					"uv": [
						3.5,
						0,
						0,
						3.5
					],
					"texture": "#1",
					"tintindex": 0
				},
				"west": {
					"uv": [
						0,
						0,
						3.5,
						3.5
					],
					"texture": "#1",
					"tintindex": 0
				}
			}
		},
		{
			"from": [
				7.438377535101404,
				-0.9747269890795636,
				8
			],
			"to": [
				7.887675507020281,
				-0.5254290171606861,
				8
			],
			"rotation": {
				"angle": -45,
				"axis": "y",
				"origin": [
					8,
					0.5978159126365057,
					8
				]
			},
			"faces": {
				"north": {
					"uv": [
						6.5,
						0,
						3.5,
						3
					],
					"texture": "#1",
					"tintindex": 0
				},
				"south": {
					"uv": [
						3.5,
						0,
						6.5,
						3
					],
					"texture": "#1",
					"tintindex": 0
				}
			}
		},
		{
			"from": [
				7.438377535101404,
				-1.9482059282371296,
				8
			],
			"to": [
				7.887675507020281,
				-1.4989079563182521,
				8
			],
			"rotation": {
				"angle": 45,
				"axis": "y",
				"origin": [
					8,
					0.5978159126365057,
					8
				]
			},
			"faces": {
				"north": {
					"uv": [
						6.5,
						0,
						3.5,
						3
					],
					"texture": "#1",
					"tintindex": 0
				},
				"south": {
					"uv": [
						3.5,
						0,
						6.5,
						3
					],
					"texture": "#1",
					"tintindex": 0
				}
			}
		},
		{
			"from": [
				8.112324492979718,
				-2.397503900156007,
				8
			],
			"to": [
				8.636505460218409,
				-1.8733229329173167,
				8
			],
			"rotation": {
				"angle": 45,
				"axis": "y",
				"origin": [
					8,
					0.5978159126365057,
					8
				]
			},
			"faces": {
				"north": {
					"uv": [
						0,
						0,
						3.5,
						3.5
					],
					"texture": "#1",
					"tintindex": 0
				},
				"south": {
					"uv": [
						3.5,
						0,
						0,
						3.5
					],
					"texture": "#1",
					"tintindex": 0
				}
			}
		},
		{
			"from": [
				7.438377535101404,
				-7.489547581903276,
				8
			],
			"to": [
				7.887675507020281,
				-6.965366614664587,
				8
			],
			"rotation": {
				"angle": -45,
				"axis": "y",
				"origin": [
					8,
					0.5978159126365057,
					8
				]
			},
			"faces": {
				"north": {
					"uv": [
						6.5,
						0,
						3.5,
						3.5
					],
					"texture": "#1",
					"tintindex": 0
				},
				"south": {
					"uv": [
						3.5,
						0,
						6.5,
						3.5
					],
					"texture": "#1",
					"tintindex": 0
				}
			}
		},
		{
			"from": [
				7.363494539781591,
				-5.093291731669266,
				8
			],
			"to": [
				7.887675507020281,
				-4.569110764430578,
				8
			],
			"rotation": {
				"angle": 45,
				"axis": "y",
				"origin": [
					8,
					0.5978159126365057,
					8
				]
			},
			"faces": {
				"north": {
					"uv": [
						3.5,
						0,
						0,
						3.5
					],
					"texture": "#1",
					"tintindex": 0
				},
				"south": {
					"uv": [
						0,
						0,
						3.5,
						3.5
					],
					"texture": "#1",
					"tintindex": 0
				}
			}
		},
		{
			"from": [
				7.363494539781591,
				-5.617472698907957,
				8
			],
			"to": [
				7.887675507020281,
				-5.093291731669266,
				8
			],
			"rotation": {
				"angle": -45,
				"axis": "y",
				"origin": [
					8,
					0.5978159126365057,
					8
				]
			},
			"faces": {
				"north": {
					"uv": [
						3.5,
						0,
						0,
						3.5
					],
					"texture": "#1",
					"tintindex": 0
				},
				"south": {
					"uv": [
						0,
						0,
						3.5,
						3.5
					],
					"texture": "#1",
					"tintindex": 0
				}
			}
		},
		{
			"from": [
				7.363494539781591,
				-13.330421216848677,
				8
			],
			"to": [
				7.887675507020281,
				-12.806240249609989,
				8
			],
			"rotation": {
				"angle": -45,
				"axis": "y",
				"origin": [
					8,
					0.5978159126365057,
					8
				]
			},
			"faces": {
				"north": {
					"uv": [
						3.5,
						0,
						0,
						3.5
					],
					"texture": "#1",
					"tintindex": 0
				},
				"south": {
					"uv": [
						0,
						0,
						3.5,
						3.5
					],
					"texture": "#1",
					"tintindex": 0
				}
			}
		},
		{
			"from": [
				8.112324492979718,
				-4.344461778471139,
				8
			],
			"to": [
				8.636505460218409,
				-3.7453978159126358,
				8
			],
			"rotation": {
				"angle": -22.5,
				"axis": "y",
				"origin": [
					8,
					0.5978159126365057,
					8
				]
			},
			"faces": {
				"north": {
					"uv": [
						6.5,
						0,
						10,
						4
					],
					"texture": "#1",
					"tintindex": 0
				},
				"south": {
					"uv": [
						10,
						0,
						6.5,
						4
					],
					"texture": "#1",
					"tintindex": 0
				}
			}
		},
		{
			"from": [
				8,
				2.3201248049922,
				7.363494539781591
			],
			"to": [
				8,
				2.9191887675507022,
				7.887675507020281
			],
			"rotation": {
				"angle": -45,
				"axis": "y",
				"origin": [
					8,
					0.5978159126365057,
					8
				]
			},
			"faces": {
				"east": {
					"uv": [
						10,
						0,
						6.5,
						4
					],
					"texture": "#1",
					"tintindex": 0
				},
				"west": {
					"uv": [
						6.5,
						0,
						10,
						4
					],
					"texture": "#1",
					"tintindex": 0
				}
			}
		},
		{
			"from": [
				8,
				-7.264898595943837,
				7.887675507020281
			],
			"to": [
				8,
				-6.066770670826832,
				8.112324492979718
			],
			"rotation": {
				"angle": 45,
				"axis": "y",
				"origin": [
					8,
					-2.9965678627145085,
					8
				]
			},
			"faces": {
				"east": {
					"uv": [
						1.5,
						0,
						3,
						8
					],
					"texture": "#0",
					"tintindex": 0
				},
				"west": {
					"uv": [
						3,
						0,
						1.5,
						8
					],
					"texture": "#0",
					"tintindex": 0
				}
			}
		},
		{
			"from": [
				7.887675507020281,
				-7.264898595943837,
				8
			],
			"to": [
				8.112324492979718,
				-6.066770670826832,
				8
			],
			"rotation": {
				"angle": 45,
				"axis": "y",
				"origin": [
					8,
					-2.9965678627145085,
					8
				]
			},
			"faces": {
				"north": {
					"uv": [
						1.5,
						0,
						0,
						8
					],
					"texture": "#0",
					"tintindex": 0
				},
				"south": {
					"uv": [
						0,
						0,
						1.5,
						8
					],
					"texture": "#0",
					"tintindex": 0
				}
			}
		},
		{
			"from": [
				7.887675507020281,
				-8.463026521060844,
				8
			],
			"to": [
				8.112324492979718,
				-7.264898595943837,
				8
			],
			"rotation": {
				"angle": 45,
				"axis": "y",
				"origin": [
					8,
					-2.9965678627145085,
					8
				]
			},
			"faces": {
				"north": {
					"uv": [
						1.5,
						0,
						0,
						8
					],
					"texture": "#0",
					"tintindex": 0
				},
				"south": {
					"uv": [
						0,
						0,
						1.5,
						8
					],
					"texture": "#0",
					"tintindex": 0
				}
			}
		},
		{
			"from": [
				8,
				-8.463026521060844,
				7.887675507020281
			],
			"to": [
				8,
				-7.264898595943837,
				8.112324492979718
			],
			"rotation": {
				"angle": 45,
				"axis": "y",
				"origin": [
					8,
					-8.013728549141966,
					8
				]
			},
			"faces": {
				"east": {
					"uv": [
						1.5,
						0,
						3,
						8
					],
					"texture": "#0",
					"tintindex": 0
				},
				"west": {
					"uv": [
						3,
						0,
						1.5,
						8
					],
					"texture": "#0",
					"tintindex": 0
				}
			}
		},
		{
			"from": [
				7.887675507020281,
				-6.066770670826832,
				8
			],
			"to": [
				8.112324492979718,
				-4.868642745709828,
				8
			],
			"rotation": {
				"angle": 45,
				"axis": "y",
				"origin": [
					8,
					-2.9965678627145085,
					8
				]
			},
			"faces": {
				"north": {
					"uv": [
						1.5,
						0,
						0,
						8
					],
					"texture": "#0",
					"tintindex": 0
				},
				"south": {
					"uv": [
						0,
						0,
						1.5,
						8
					],
					"texture": "#0",
					"tintindex": 0
				}
			}
		},
		{
			"from": [
				8,
				-6.066770670826832,
				7.887675507020281
			],
			"to": [
				8,
				-4.868642745709828,
				8.112324492979718
			],
			"rotation": {
				"angle": 45,
				"axis": "y",
				"origin": [
					8,
					-2.9965678627145085,
					8
				]
			},
			"faces": {
				"east": {
					"uv": [
						1.5,
						0,
						3,
						8
					],
					"texture": "#0",
					"tintindex": 0
				},
				"west": {
					"uv": [
						3,
						0,
						1.5,
						8
					],
					"texture": "#0",
					"tintindex": 0
				}
			}
		},
		{
			"from": [
				8.112324492979718,
				-8.463026521060844,
				8
			],
			"to": [
				8.636505460218409,
				-7.938845553822153,
				8
			],
			"rotation": {
				"angle": -45,
				"axis": "y",
				"origin": [
					8,
					-8.088611544461777,
					8
				]
			},
			"faces": {
				"north": {
					"uv": [
						0,
						0,
						3.5,
						3.5
					],
					"texture": "#1",
					"tintindex": 0
				},
				"south": {
					"uv": [
						3.5,
						0,
						0,
						3.5
					],
					"texture": "#1",
					"tintindex": 0
				}
			}
		},
		{
			"from": [
				8.112324492979718,
				-10.709516380655227,
				8
			],
			"to": [
				8.636505460218409,
				-10.110452418096724,
				8
			],
			"rotation": {
				"angle": -45,
				"axis": "y",
				"origin": [
					8,
					-2.9965678627145085,
					8
				]
			},
			"faces": {
				"north": {
					"uv": [
						6.5,
						0,
						10,
						4
					],
					"texture": "#1",
					"tintindex": 0
				},
				"south": {
					"uv": [
						10,
						0,
						6.5,
						4
					],
					"texture": "#1",
					"tintindex": 0
				}
			}
		},
		{
			"from": [
				7.363494539781591,
				-7.115132605304213,
				8
			],
			"to": [
				7.887675507020281,
				-6.590951638065523,
				8
			],
			"rotation": {
				"angle": 45,
				"axis": "y",
				"origin": [
					8,
					-2.9965678627145085,
					8
				]
			},
			"faces": {
				"north": {
					"uv": [
						3.5,
						0,
						0,
						3.5
					],
					"texture": "#1",
					"tintindex": 0
				},
				"south": {
					"uv": [
						0,
						0,
						3.5,
						3.5
					],
					"texture": "#1",
					"tintindex": 0
				}
			}
		},
		{
			"from": [
				8.112324492979718,
				-6.366302652106084,
				8
			],
			"to": [
				8.636505460218409,
				-5.7672386895475825,
				8
			],
			"rotation": {
				"angle": -22.5,
				"axis": "y",
				"origin": [
					8,
					-2.9965678627145085,
					8
				]
			},
			"faces": {
				"north": {
					"uv": [
						6.5,
						0,
						10,
						4
					],
					"texture": "#1",
					"tintindex": 0
				},
				"south": {
					"uv": [
						10,
						0,
						6.5,
						4
					],
					"texture": "#1",
					"tintindex": 0
				}
			}
		},
		{
			"from": [
				8,
				-8.463026521060844,
				7.363494539781591
			],
			"to": [
				8,
				-7.86396255850234,
				7.887675507020281
			],
			"rotation": {
				"angle": -45,
				"axis": "y",
				"origin": [
					8,
					-10.185335413416539,
					8
				]
			},
			"faces": {
				"east": {
					"uv": [
						10,
						0,
						6.5,
						4
					],
					"texture": "#1",
					"tintindex": 0
				},
				"west": {
					"uv": [
						6.5,
						0,
						10,
						4
					],
					"texture": "#1",
					"tintindex": 0
				}
			}
		},
		{
			"from": [
				7.438377535101404,
				-12.731357254290174,
				8
			],
			"to": [
				7.887675507020281,
				-12.282059282371296,
				8
			],
			"rotation": {
				"angle": 45,
				"axis": "y",
				"origin": [
					8,
					-10.185335413416539,
					8
				]
			},
			"faces": {
				"north": {
					"uv": [
						6.5,
						0,
						3.5,
						3
					],
					"texture": "#1",
					"tintindex": 0
				},
				"south": {
					"uv": [
						3.5,
						0,
						6.5,
						3
					],
					"texture": "#1",
					"tintindex": 0
				}
			}
		},
		{
			"from": [
				7.438377535101404,
				-11.757878315132608,
				8
			],
			"to": [
				7.887675507020281,
				-11.30858034321373,
				8
			],
			"rotation": {
				"angle": -45,
				"axis": "y",
				"origin": [
					8,
					-10.185335413416539,
					8
				]
			},
			"faces": {
				"north": {
					"uv": [
						6.5,
						0,
						3.5,
						3
					],
					"texture": "#1",
					"tintindex": 0
				},
				"south": {
					"uv": [
						3.5,
						0,
						6.5,
						3
					],
					"texture": "#1",
					"tintindex": 0
				}
			}
		},
		{
			"from": [
				8,
				-13.255538221528862,
				7.887675507020281
			],
			"to": [
				8,
				-12.05741029641186,
				8.112324492979718
			],
			"rotation": {
				"angle": 45,
				"axis": "y",
				"origin": [
					8,
					-10.185335413416539,
					8
				]
			},
			"faces": {
				"east": {
					"uv": [
						1.5,
						0,
						3,
						8
					],
					"texture": "#0",
					"tintindex": 0
				},
				"west": {
					"uv": [
						3,
						0,
						1.5,
						8
					],
					"texture": "#0",
					"tintindex": 0
				}
			}
		},
		{
			"from": [
				7.887675507020281,
				-13.255538221528862,
				8
			],
			"to": [
				8.112324492979718,
				-12.05741029641186,
				8
			],
			"rotation": {
				"angle": 45,
				"axis": "y",
				"origin": [
					8,
					-10.185335413416539,
					8
				]
			},
			"faces": {
				"north": {
					"uv": [
						1.5,
						0,
						0,
						8
					],
					"texture": "#0",
					"tintindex": 0
				},
				"south": {
					"uv": [
						0,
						0,
						1.5,
						8
					],
					"texture": "#0",
					"tintindex": 0
				}
			}
		},
		{
			"from": [
				7.887675507020281,
				-12.05741029641186,
				8
			],
			"to": [
				8.112324492979718,
				-10.859282371294853,
				8
			],
			"rotation": {
				"angle": 45,
				"axis": "y",
				"origin": [
					8,
					-10.185335413416539,
					8
				]
			},
			"faces": {
				"north": {
					"uv": [
						1.5,
						0,
						0,
						8
					],
					"texture": "#0",
					"tintindex": 0
				},
				"south": {
					"uv": [
						0,
						0,
						1.5,
						8
					],
					"texture": "#0",
					"tintindex": 0
				}
			}
		},
		{
			"from": [
				8,
				-12.05741029641186,
				7.887675507020281
			],
			"to": [
				8,
				-10.859282371294853,
				8.112324492979718
			],
			"rotation": {
				"angle": 45,
				"axis": "y",
				"origin": [
					8,
					-10.185335413416539,
					8
				]
			},
			"faces": {
				"east": {
					"uv": [
						1.5,
						0,
						3,
						8
					],
					"texture": "#0",
					"tintindex": 0
				},
				"west": {
					"uv": [
						3,
						0,
						1.5,
						8
					],
					"texture": "#0",
					"tintindex": 0
				}
			}
		},
		{
			"from": [
				7.887675507020281,
				-10.859282371294853,
				8
			],
			"to": [
				8.112324492979718,
				-9.661154446177846,
				8
			],
			"rotation": {
				"angle": 45,
				"axis": "y",
				"origin": [
					8,
					-10.185335413416539,
					8
				]
			},
			"faces": {
				"north": {
					"uv": [
						1.5,
						0,
						0,
						8
					],
					"texture": "#0",
					"tintindex": 0
				},
				"south": {
					"uv": [
						0,
						0,
						1.5,
						8
					],
					"texture": "#0",
					"tintindex": 0
				}
			}
		},
		{
			"from": [
				8,
				-10.859282371294853,
				7.887675507020281
			],
			"to": [
				8,
				-9.661154446177846,
				8.112324492979718
			],
			"rotation": {
				"angle": 45,
				"axis": "y",
				"origin": [
					8,
					-10.185335413416539,
					8
				]
			},
			"faces": {
				"east": {
					"uv": [
						1.5,
						0,
						3,
						8
					],
					"texture": "#0",
					"tintindex": 0
				},
				"west": {
					"uv": [
						3,
						0,
						1.5,
						8
					],
					"texture": "#0",
					"tintindex": 0
				}
			}
		},
		{
			"from": [
				8,
				-9.661154446177846,
				7.887675507020281
			],
			"to": [
				8,
				-8.463026521060844,
				8.112324492979718
			],
			"rotation": {
				"angle": 45,
				"axis": "y",
				"origin": [
					8,
					-10.185335413416539,
					8
				]
			},
			"faces": {
				"east": {
					"uv": [
						1.5,
						0,
						3,
						8
					],
					"texture": "#0",
					"tintindex": 0
				},
				"west": {
					"uv": [
						3,
						0,
						1.5,
						8
					],
					"texture": "#0",
					"tintindex": 0
				}
			}
		},
		{
			"from": [
				7.887675507020281,
				-9.661154446177846,
				8
			],
			"to": [
				8.112324492979718,
				-8.463026521060844,
				8
			],
			"rotation": {
				"angle": 45,
				"axis": "y",
				"origin": [
					8,
					-10.185335413416539,
					8
				]
			},
			"faces": {
				"north": {
					"uv": [
						1.5,
						0,
						0,
						8
					],
					"texture": "#0",
					"tintindex": 0
				},
				"south": {
					"uv": [
						0,
						0,
						1.5,
						8
					],
					"texture": "#0",
					"tintindex": 0
				}
			}
		},
		{
			"from": [
				7.348517940717628,
				8.685179407176287,
				8
			],
			"to": [
				7.872698907956318,
				9.434009360374414,
				8
			],
			"rotation": {
				"angle": -22.5,
				"axis": "z",
				"origin": [
					8,
					9.059594383775352,
					8
				]
			},
			"faces": {
				"north": {
					"uv": [
						8.5,
						5.5,
						12,
						10.5
					],
					"texture": "#0",
					"tintindex": 0
				},
				"south": {
					"uv": [
						12,
						5.5,
						8.5,
						10.5
					],
					"texture": "#0",
					"tintindex": 0
				}
			}
		},
		{
			"from": [
				8,
				8.745085803432138,
				7.41591263650546
			],
			"to": [
				8,
				9.493915756630265,
				7.865210608424337
			],
			"rotation": {
				"angle": 0,
				"axis": "y",
				"origin": [
					8,
					9.104524180967239,
					8.037441497659906
				]
			},
			"faces": {
				"east": {
					"uv": [
						5.5,
						5.5,
						8.5,
						10.5
					],
					"texture": "#0",
					"tintindex": 0
				},
				"west": {
					"uv": [
						8.5,
						5.5,
						5.5,
						10.5
					],
					"texture": "#0",
					"tintindex": 0
				}
			}
		},
		{
			"from": [
				8,
				8.752574102964118,
				8.097347893915757
			],
			"to": [
				8,
				9.501404056162247,
				8.546645865834634
			],
			"rotation": {
				"angle": 22.5,
				"axis": "y",
				"origin": [
					8,
					9.059594383775352,
					8
				]
			},
			"faces": {
				"east": {
					"uv": [
						8.5,
						6,
						5.5,
						11
					],
					"texture": "#0",
					"tintindex": 0
				},
				"west": {
					"uv": [
						5.5,
						6,
						8.5,
						11
					],
					"texture": "#0",
					"tintindex": 0
				}
			}
		}
	],
	"display": {
		"head": {
			"rotation": [
				0,
				180,
				0
			]
		}
	}
}