{
	"credit": "Made with Blockbench",
	"texture_size": [128, 128],
	"textures": {
		"2": "kello:item/interactable/thrown/large_cogwheel_sun",
		"3": "kello:item/interactable/thrown/stellar",
		"4": "kello:item/interactable/thrown/large_cogwheel",
		"particle": "kello:item/interactable/thrown/large_cogwheel"
	},
	"elements": [
		{
			"from": [-1.9, 6.425, -1.9],
			"to": [17.9, 9.55, 17.9],
			"rotation": {"angle": 0, "axis": "y", "origin": [8, 7.9875, 8]},
			"faces": {
				"north": {"uv": [5.25, 2.875, 8, 3], "texture": "#4"},
				"east": {"uv": [5.25, 2.875, 8, 3], "texture": "#4"},
				"south": {"uv": [5.25, 2.875, 8, 3], "texture": "#4"},
				"west": {"uv": [5.25, 2.875, 8, 3], "texture": "#4"},
				"up": {"uv": [2.75, 2.75, 0, 0], "texture": "#4"},
				"down": {"uv": [2.75, 0, 0, 2.75], "texture": "#4"}
			}
		},
		{
			"name": "aura",
			"from": [4.4, 5.525, 0.8],
			"to": [11.6, 10.45, 4.4],
			"rotation": {"angle": 0, "axis": "y", "origin": [8, 7.9875, 8]},
			"faces": {
				"south": {"uv": [2.375, 2.625, 1.5, 3.25], "texture": "#3"},
				"up": {"uv": [2.5, 3.125, 1.5, 2.625], "texture": "#3"},
				"down": {"uv": [2.5, 2.625, 1.5, 3.125], "texture": "#3"}
			}
		},
		{
			"from": [4.4, 5.525, 11.6],
			"to": [11.6, 10.45, 15.2],
			"rotation": {"angle": 0, "axis": "y", "origin": [8, 7.9875, 8]},
			"faces": {
				"north": {"uv": [1.625, 1.75, 2.5, 1.125], "texture": "#3"},
				"up": {"uv": [2.5, 1.625, 1.5, 1.125], "texture": "#3"},
				"down": {"uv": [2.5, 1.125, 1.5, 1.625], "texture": "#3"}
			}
		},
		{
			"name": "aura",
			"from": [11.6, 5.525, 0.8],
			"to": [17, 10.45, 15.2],
			"rotation": {"angle": 0, "axis": "y", "origin": [8, 7.9875, 8]},
			"faces": {
				"north": {"uv": [5.75, 1.125, 6.5, 1.5], "texture": "#4"},
				"east": {"uv": [0.75, 3, 1.375, 1.25], "rotation": 90, "texture": "#3"},
				"south": {"uv": [5.75, 1.125, 6.5, 1.5], "texture": "#4"},
				"west": {"uv": [1.25, 1.25, 0.75, 3], "rotation": 90, "texture": "#3"},
				"up": {"uv": [1.5, 3.125, 0.75, 1.125], "texture": "#3"},
				"down": {"uv": [1.5, 1.125, 0.75, 3.125], "texture": "#3"}
			}
		},
		{
			"name": "aura",
			"from": [-1, 5.525, 0.8],
			"to": [4.4, 10.45, 15.2],
			"rotation": {"angle": 0, "axis": "y", "origin": [8, 7.9875, 8]},
			"faces": {
				"north": {"uv": [6.5, 1.125, 5.75, 1.5], "texture": "#4"},
				"east": {"uv": [2.625, 3, 3.25, 1.25], "rotation": 90, "texture": "#3"},
				"south": {"uv": [6.5, 1.125, 5.75, 1.5], "texture": "#4"},
				"west": {"uv": [3.25, 1.25, 2.625, 3], "rotation": 90, "texture": "#3"},
				"up": {"uv": [3.25, 3.125, 2.5, 1.125], "texture": "#3"},
				"down": {"uv": [3.25, 1.125, 2.5, 3.125], "texture": "#3"}
			}
		},
		{
			"name": "aura",
			"from": [0.8, 5.525, -1],
			"to": [15.2, 10.45, 0.8],
			"rotation": {"angle": 0, "axis": "y", "origin": [8, 7.9875, 8]},
			"faces": {
				"north": {"uv": [2.875, 3.75, 1.125, 3.125], "rotation": 180, "texture": "#3"},
				"east": {"uv": [2.75, 5.375, 3, 5.75], "texture": "#4"},
				"south": {"uv": [0, 0, 0, 0], "texture": "#3"},
				"west": {"uv": [5, 5.375, 5.25, 5.75], "texture": "#4"},
				"up": {"uv": [1, 3.375, 3, 3.125], "rotation": 180, "texture": "#3"},
				"down": {"uv": [1, 3.375, 3, 3.125], "rotation": 180, "texture": "#3"}
			}
		},
		{
			"name": "aura",
			"from": [0.8, 5.525, 15.2],
			"to": [15.2, 10.45, 17],
			"rotation": {"angle": 0, "axis": "y", "origin": [8, 7.9875, 8]},
			"faces": {
				"north": {"uv": [0, 0, 0, 0], "texture": "#missing"},
				"east": {"uv": [5, 5.375, 5.25, 5.75], "texture": "#4"},
				"south": {"uv": [2.75, 1.5, 1, 0.875], "texture": "#3"},
				"west": {"uv": [2.75, 5.375, 3, 5.75], "texture": "#4"},
				"up": {"uv": [3, 1.125, 1, 0.875], "texture": "#3"},
				"down": {"uv": [3, 0.875, 1, 1.125], "texture": "#3"}
			}
		},
		{
			"name": "sun_upper",
			"from": [11.6, 8.55, 0.8],
			"to": [17, 10.55, 15.2],
			"rotation": {"angle": 0, "axis": "y", "origin": [8, 7.9875, 8]},
			"faces": {
				"up": {"uv": [0.75, 2.25, 0, 0.25], "texture": "#2"}
			}
		},
		{
			"name": "sun_upper",
			"from": [4.4, 8.55, 11.6],
			"to": [11.6, 10.55, 15.2],
			"rotation": {"angle": 0, "axis": "y", "origin": [8, 7.9875, 8]},
			"faces": {
				"up": {"uv": [1.75, 0.75, 0.75, 0.25], "texture": "#2"}
			}
		},
		{
			"name": "sun_upper",
			"from": [4.4, 8.55, 0.8],
			"to": [11.6, 10.55, 4.4],
			"rotation": {"angle": 0, "axis": "y", "origin": [8, 7.9875, 8]},
			"faces": {
				"up": {"uv": [1.75, 2.25, 0.75, 1.75], "texture": "#2"}
			}
		},
		{
			"name": "sun_upper",
			"from": [-1, 8.55, 0.8],
			"to": [4.4, 10.55, 15.2],
			"rotation": {"angle": 0, "axis": "y", "origin": [8, 7.9875, 8]},
			"faces": {
				"up": {"uv": [2.5, 2.25, 1.75, 0.25], "texture": "#2"}
			}
		},
		{
			"name": "sun_upper",
			"from": [0.8, 8.55, -1],
			"to": [15.2, 10.55, 0.8],
			"rotation": {"angle": 0, "axis": "y", "origin": [8, 7.9875, 8]},
			"faces": {
				"up": {"uv": [0.25, 2.25, 2.25, 2.5], "rotation": 180, "texture": "#2"}
			}
		},
		{
			"name": "sun_upper",
			"from": [0.8, 8.55, 15.2],
			"to": [15.2, 10.55, 17],
			"rotation": {"angle": 0, "axis": "y", "origin": [8, 7.9875, 8]},
			"faces": {
				"up": {"uv": [2.25, 0.25, 0.25, 0], "texture": "#2"}
			}
		},
		{
			"name": "sun_lower",
			"from": [-1, 5.45, 0.8],
			"to": [4.4, 7.45, 15.2],
			"rotation": {"angle": 0, "axis": "y", "origin": [8, 6.3, 8]},
			"faces": {
				"up": {"uv": [0, 0, 0, 0], "texture": "#2"},
				"down": {"uv": [0.75, 2.25, 0, 0.25], "rotation": 180, "texture": "#2"}
			}
		},
		{
			"name": "sun_lower",
			"from": [4.4, 5.45, 11.6],
			"to": [11.6, 7.45, 15.2],
			"rotation": {"angle": 0, "axis": "y", "origin": [8, 6.3, 8]},
			"faces": {
				"up": {"uv": [0, 0, 0, 0], "texture": "#2"},
				"down": {"uv": [1.75, 0.75, 0.75, 0.25], "rotation": 180, "texture": "#2"}
			}
		},
		{
			"name": "sun_lower",
			"from": [4.4, 5.45, 0.8],
			"to": [11.6, 7.45, 4.4],
			"rotation": {"angle": 0, "axis": "y", "origin": [8, 6.3, 8]},
			"faces": {
				"up": {"uv": [0, 0, 0, 0], "texture": "#2"},
				"down": {"uv": [1.75, 2.25, 0.75, 1.75], "rotation": 180, "texture": "#2"}
			}
		},
		{
			"name": "sun_lower",
			"from": [11.6, 5.45, 0.8],
			"to": [17, 7.45, 15.2],
			"rotation": {"angle": 0, "axis": "y", "origin": [8, 6.3, 8]},
			"faces": {
				"up": {"uv": [0, 0, 0, 0], "texture": "#2"},
				"down": {"uv": [2.5, 2.25, 1.75, 0.25], "rotation": 180, "texture": "#2"}
			}
		},
		{
			"name": "sun_lower",
			"from": [0.8, 5.45, -1],
			"to": [15.2, 7.45, 0.8],
			"rotation": {"angle": 0, "axis": "y", "origin": [8, 6.3, 8]},
			"faces": {
				"up": {"uv": [0, 0, 0, 0], "texture": "#2"},
				"down": {"uv": [0.25, 2.25, 2.25, 2.5], "texture": "#2"}
			}
		},
		{
			"name": "sun_lower",
			"from": [0.8, 5.45, 15.2],
			"to": [15.2, 7.45, 17],
			"rotation": {"angle": 0, "axis": "y", "origin": [8, 6.3, 8]},
			"faces": {
				"down": {"uv": [2.25, 0.25, 0.25, 0], "rotation": 180, "texture": "#2"}
			}
		},
		{
			"from": [6.625, 5.85, -6.425],
			"to": [9.375, 10.15, -0.1],
			"rotation": {"angle": 0, "axis": "y", "origin": [8, 8, 8]},
			"faces": {
				"north": {"uv": [7, 1.875, 7.5, 1.5], "rotation": 270, "texture": "#4"},
				"east": {"uv": [7.75, 1.875, 8.25, 1.125], "rotation": 270, "texture": "#4"},
				"south": {"uv": [7, 1.875, 7.5, 1.5], "rotation": 270, "texture": "#4"},
				"west": {"uv": [7.75, 1.125, 8.25, 1.875], "rotation": 270, "texture": "#4"},
				"up": {"uv": [7.75, 1.125, 7, 1.5], "rotation": 270, "texture": "#4"},
				"down": {"uv": [7.75, 1.125, 7, 1.5], "rotation": 90, "texture": "#4"}
			}
		},
		{
			"from": [6.625, 5.85, -6.425],
			"to": [9.375, 10.15, -0.1],
			"rotation": {"angle": -22.5, "axis": "y", "origin": [8, 8, 8]},
			"faces": {
				"north": {"uv": [7, 1.875, 7.5, 1.5], "rotation": 270, "texture": "#4"},
				"east": {"uv": [7.75, 1.875, 8.25, 1.125], "rotation": 270, "texture": "#4"},
				"south": {"uv": [7, 1.875, 7.5, 1.5], "rotation": 270, "texture": "#4"},
				"west": {"uv": [7.75, 1.125, 8.25, 1.875], "rotation": 270, "texture": "#4"},
				"up": {"uv": [7.75, 1.125, 7, 1.5], "rotation": 270, "texture": "#4"},
				"down": {"uv": [7.75, 1.125, 7, 1.5], "rotation": 90, "texture": "#4"}
			}
		},
		{
			"from": [16.1, 5.85, 6.625],
			"to": [22.425, 10.15, 9.375],
			"rotation": {"angle": 45, "axis": "y", "origin": [8, 8, 8]},
			"faces": {
				"north": {"uv": [7.75, 1.125, 8.25, 1.875], "rotation": 270, "texture": "#4"},
				"east": {"uv": [7, 1.875, 7.5, 1.5], "rotation": 270, "texture": "#4"},
				"south": {"uv": [7.75, 1.875, 8.25, 1.125], "rotation": 270, "texture": "#4"},
				"west": {"uv": [7, 1.875, 7.5, 1.5], "rotation": 270, "texture": "#4"},
				"up": {"uv": [7.75, 1.125, 7, 1.5], "texture": "#4"},
				"down": {"uv": [7.75, 1.125, 7, 1.5], "texture": "#4"}
			}
		},
		{
			"from": [16.1, 5.85, 6.625],
			"to": [22.425, 10.15, 9.375],
			"rotation": {"angle": 22.5, "axis": "y", "origin": [8, 8, 8]},
			"faces": {
				"north": {"uv": [7.75, 1.125, 8.25, 1.875], "rotation": 270, "texture": "#4"},
				"east": {"uv": [7, 1.875, 7.5, 1.5], "rotation": 270, "texture": "#4"},
				"south": {"uv": [7.75, 1.875, 8.25, 1.125], "rotation": 270, "texture": "#4"},
				"west": {"uv": [7, 1.875, 7.5, 1.5], "rotation": 270, "texture": "#4"},
				"up": {"uv": [7.75, 1.125, 7, 1.5], "texture": "#4"},
				"down": {"uv": [7.75, 1.125, 7, 1.5], "texture": "#4"}
			}
		},
		{
			"from": [16.1, 5.85, 6.625],
			"to": [22.425, 10.15, 9.375],
			"rotation": {"angle": 0, "axis": "y", "origin": [8, 8, 8]},
			"faces": {
				"north": {"uv": [7.75, 1.125, 8.25, 1.875], "rotation": 270, "texture": "#4"},
				"east": {"uv": [7, 1.875, 7.5, 1.5], "rotation": 270, "texture": "#4"},
				"south": {"uv": [7.75, 1.875, 8.25, 1.125], "rotation": 270, "texture": "#4"},
				"west": {"uv": [7, 1.875, 7.5, 1.5], "rotation": 270, "texture": "#4"},
				"up": {"uv": [7.75, 1.125, 7, 1.5], "texture": "#4"},
				"down": {"uv": [7.75, 1.125, 7, 1.5], "texture": "#4"}
			}
		},
		{
			"from": [16.1, 5.85, 6.625],
			"to": [22.425, 10.15, 9.375],
			"rotation": {"angle": -22.5, "axis": "y", "origin": [8, 8, 8]},
			"faces": {
				"north": {"uv": [7.75, 1.125, 8.25, 1.875], "rotation": 270, "texture": "#4"},
				"east": {"uv": [7, 1.875, 7.5, 1.5], "rotation": 270, "texture": "#4"},
				"south": {"uv": [7.75, 1.875, 8.25, 1.125], "rotation": 270, "texture": "#4"},
				"west": {"uv": [7, 1.875, 7.5, 1.5], "rotation": 270, "texture": "#4"},
				"up": {"uv": [7.75, 1.125, 7, 1.5], "texture": "#4"},
				"down": {"uv": [7.75, 1.125, 7, 1.5], "texture": "#4"}
			}
		},
		{
			"from": [6.625, 5.85, 16.1],
			"to": [9.375, 10.15, 22.425],
			"rotation": {"angle": 45, "axis": "y", "origin": [8, 8, 8]},
			"faces": {
				"north": {"uv": [7, 1.875, 7.5, 1.5], "rotation": 270, "texture": "#4"},
				"east": {"uv": [7.75, 1.125, 8.25, 1.875], "rotation": 270, "texture": "#4"},
				"south": {"uv": [7, 1.875, 7.5, 1.5], "rotation": 270, "texture": "#4"},
				"west": {"uv": [7.75, 1.875, 8.25, 1.125], "rotation": 270, "texture": "#4"},
				"up": {"uv": [7.75, 1.125, 7, 1.5], "rotation": 90, "texture": "#4"},
				"down": {"uv": [7.75, 1.125, 7, 1.5], "rotation": 270, "texture": "#4"}
			}
		},
		{
			"from": [6.625, 5.85, 16.1],
			"to": [9.375, 10.15, 22.425],
			"rotation": {"angle": 22.5, "axis": "y", "origin": [8, 8, 8]},
			"faces": {
				"north": {"uv": [7, 1.875, 7.5, 1.5], "rotation": 270, "texture": "#4"},
				"east": {"uv": [7.75, 1.125, 8.25, 1.875], "rotation": 270, "texture": "#4"},
				"south": {"uv": [7, 1.875, 7.5, 1.5], "rotation": 270, "texture": "#4"},
				"west": {"uv": [7.75, 1.875, 8.25, 1.125], "rotation": 270, "texture": "#4"},
				"up": {"uv": [7.75, 1.125, 7, 1.5], "rotation": 90, "texture": "#4"},
				"down": {"uv": [7.75, 1.125, 7, 1.5], "rotation": 270, "texture": "#4"}
			}
		},
		{
			"from": [6.625, 5.85, 16.1],
			"to": [9.375, 10.15, 22.425],
			"rotation": {"angle": 0, "axis": "y", "origin": [8, 8, 8]},
			"faces": {
				"north": {"uv": [7, 1.875, 7.5, 1.5], "rotation": 270, "texture": "#4"},
				"east": {"uv": [7.75, 1.125, 8.25, 1.875], "rotation": 270, "texture": "#4"},
				"south": {"uv": [7, 1.875, 7.5, 1.5], "rotation": 270, "texture": "#4"},
				"west": {"uv": [7.75, 1.875, 8.25, 1.125], "rotation": 270, "texture": "#4"},
				"up": {"uv": [7.75, 1.125, 7, 1.5], "rotation": 90, "texture": "#4"},
				"down": {"uv": [7.75, 1.125, 7, 1.5], "rotation": 270, "texture": "#4"}
			}
		},
		{
			"from": [6.625, 5.85, 16.1],
			"to": [9.375, 10.15, 22.425],
			"rotation": {"angle": -22.5, "axis": "y", "origin": [8, 8, 8]},
			"faces": {
				"north": {"uv": [7, 1.875, 7.5, 1.5], "rotation": 270, "texture": "#4"},
				"east": {"uv": [7.75, 1.125, 8.25, 1.875], "rotation": 270, "texture": "#4"},
				"south": {"uv": [7, 1.875, 7.5, 1.5], "rotation": 270, "texture": "#4"},
				"west": {"uv": [7.75, 1.875, 8.25, 1.125], "rotation": 270, "texture": "#4"},
				"up": {"uv": [7.75, 1.125, 7, 1.5], "rotation": 90, "texture": "#4"},
				"down": {"uv": [7.75, 1.125, 7, 1.5], "rotation": 270, "texture": "#4"}
			}
		},
		{
			"from": [-6.425, 5.85, 6.625],
			"to": [-0.1, 10.15, 9.375],
			"rotation": {"angle": 45, "axis": "y", "origin": [8, 8, 8]},
			"faces": {
				"north": {"uv": [7.75, 1.875, 8.25, 1.125], "rotation": 270, "texture": "#4"},
				"east": {"uv": [7, 1.875, 7.5, 1.5], "rotation": 270, "texture": "#4"},
				"south": {"uv": [7.75, 1.125, 8.25, 1.875], "rotation": 270, "texture": "#4"},
				"west": {"uv": [7, 1.875, 7.5, 1.5], "rotation": 270, "texture": "#4"},
				"up": {"uv": [7.75, 1.125, 7, 1.5], "rotation": 180, "texture": "#4"},
				"down": {"uv": [7.75, 1.125, 7, 1.5], "rotation": 180, "texture": "#4"}
			}
		},
		{
			"from": [6.625, 5.85, -6.425],
			"to": [9.375, 10.15, -0.1],
			"rotation": {"angle": 22.5, "axis": "y", "origin": [8, 8, 8]},
			"faces": {
				"north": {"uv": [7, 1.875, 7.5, 1.5], "rotation": 270, "texture": "#4"},
				"east": {"uv": [7.75, 1.875, 8.25, 1.125], "rotation": 270, "texture": "#4"},
				"south": {"uv": [7, 1.875, 7.5, 1.5], "rotation": 270, "texture": "#4"},
				"west": {"uv": [7.75, 1.125, 8.25, 1.875], "rotation": 270, "texture": "#4"},
				"up": {"uv": [7.75, 1.125, 7, 1.5], "rotation": 270, "texture": "#4"},
				"down": {"uv": [7.75, 1.125, 7, 1.5], "rotation": 90, "texture": "#4"}
			}
		},
		{
			"from": [-6.425, 5.85, 6.625],
			"to": [-0.1, 10.15, 9.375],
			"rotation": {"angle": -22.5, "axis": "y", "origin": [8, 8, 8]},
			"faces": {
				"north": {"uv": [7.75, 1.875, 8.25, 1.125], "rotation": 270, "texture": "#4"},
				"east": {"uv": [7, 1.875, 7.5, 1.5], "rotation": 270, "texture": "#4"},
				"south": {"uv": [7.75, 1.125, 8.25, 1.875], "rotation": 270, "texture": "#4"},
				"west": {"uv": [7, 1.875, 7.5, 1.5], "rotation": 270, "texture": "#4"},
				"up": {"uv": [7.75, 1.125, 7, 1.5], "rotation": 180, "texture": "#4"},
				"down": {"uv": [7.75, 1.125, 7, 1.5], "rotation": 180, "texture": "#4"}
			}
		},
		{
			"from": [-6.425, 5.85, 6.625],
			"to": [-0.1, 10.15, 9.375],
			"rotation": {"angle": 0, "axis": "y", "origin": [8, 8, 8]},
			"faces": {
				"north": {"uv": [7.75, 1.875, 8.25, 1.125], "rotation": 270, "texture": "#4"},
				"east": {"uv": [7, 1.875, 7.5, 1.5], "rotation": 270, "texture": "#4"},
				"south": {"uv": [7.75, 1.125, 8.25, 1.875], "rotation": 270, "texture": "#4"},
				"west": {"uv": [7, 1.875, 7.5, 1.5], "rotation": 270, "texture": "#4"},
				"up": {"uv": [7.75, 1.125, 7, 1.5], "rotation": 180, "texture": "#4"},
				"down": {"uv": [7.75, 1.125, 7, 1.5], "rotation": 180, "texture": "#4"}
			}
		},
		{
			"from": [-6.425, 5.85, 6.625],
			"to": [-0.1, 10.15, 9.375],
			"rotation": {"angle": 22.5, "axis": "y", "origin": [8, 8, 8]},
			"faces": {
				"north": {"uv": [7.75, 1.875, 8.25, 1.125], "rotation": 270, "texture": "#4"},
				"east": {"uv": [7, 1.875, 7.5, 1.5], "rotation": 270, "texture": "#4"},
				"south": {"uv": [7.75, 1.125, 8.25, 1.875], "rotation": 270, "texture": "#4"},
				"west": {"uv": [7, 1.875, 7.5, 1.5], "rotation": 270, "texture": "#4"},
				"up": {"uv": [7.75, 1.125, 7, 1.5], "rotation": 180, "texture": "#4"},
				"down": {"uv": [7.75, 1.125, 7, 1.5], "rotation": 180, "texture": "#4"}
			}
		},
		{
			"from": [-6.425, 5.85, 6.625],
			"to": [-0.1, 10.15, 9.375],
			"rotation": {"angle": -45, "axis": "y", "origin": [8, 8, 8]},
			"faces": {
				"north": {"uv": [7.75, 1.875, 8.25, 1.125], "rotation": 270, "texture": "#4"},
				"east": {"uv": [7, 1.875, 7.5, 1.5], "rotation": 270, "texture": "#4"},
				"south": {"uv": [7.75, 1.125, 8.25, 1.875], "rotation": 270, "texture": "#4"},
				"west": {"uv": [7, 1.875, 7.5, 1.5], "rotation": 270, "texture": "#4"},
				"up": {"uv": [7.75, 1.125, 7, 1.5], "rotation": 180, "texture": "#4"},
				"down": {"uv": [7.75, 1.125, 7, 1.5], "rotation": 180, "texture": "#4"}
			}
		},
		{
			"from": [-6.4, 5.875, 6.65],
			"to": [-0.1, 10.125, 9.35],
			"rotation": {"angle": 45, "axis": "y", "origin": [8, 8, 8]},
			"faces": {
				"north": {"uv": [2.5, 0.75, 3.25, 0.25], "texture": "#3"},
				"east": {"uv": [0, 0, 0, 0], "texture": "#3"},
				"south": {"uv": [3.125, 0.75, 3.875, 0.25], "texture": "#3"},
				"west": {"uv": [2.875, 0.5, 3.25, 0], "texture": "#3"},
				"up": {"uv": [2.875, 0, 3.25, 0.75], "rotation": 90, "texture": "#3"},
				"down": {"uv": [2.875, 0, 3.25, 0.75], "rotation": 90, "texture": "#3"}
			}
		},
		{
			"from": [6.65, 5.875, 16.1],
			"to": [9.35, 10.125, 22.4],
			"rotation": {"angle": 22.5, "axis": "y", "origin": [8, 8, 8]},
			"faces": {
				"north": {"uv": [0, 0, 0, 0], "texture": "#3"},
				"east": {"uv": [0.75, 0.875, 1.5, 1.375], "texture": "#3"},
				"south": {"uv": [1.125, 1.125, 0.625, 0.75], "rotation": 90, "texture": "#3"},
				"west": {"uv": [0.25, 0.125, 1, 0.625], "texture": "#3"},
				"up": {"uv": [0.375, 0.75, 1.25, 0.375], "rotation": 90, "texture": "#3"},
				"down": {"uv": [0.375, 0.75, 1.25, 0.375], "rotation": 90, "texture": "#3"}
			}
		},
		{
			"from": [6.65, 5.875, 16.1],
			"to": [9.35, 10.125, 22.4],
			"rotation": {"angle": 0, "axis": "y", "origin": [8, 8, 8]},
			"faces": {
				"north": {"uv": [0, 0, 0, 0], "texture": "#3"},
				"east": {"uv": [2.375, 0.5, 1.625, 1], "texture": "#3"},
				"south": {"uv": [2.25, 0, 1.875, 0.5], "texture": "#3"},
				"west": {"uv": [2.875, 0.125, 2.125, 0.625], "texture": "#3"},
				"up": {"uv": [2.25, 0.75, 1.875, 0], "texture": "#3"},
				"down": {"uv": [2.25, 0, 1.875, 0.75], "texture": "#3"}
			}
		},
		{
			"from": [6.65, 5.875, 16.1],
			"to": [9.35, 10.125, 22.4],
			"rotation": {"angle": -22.5, "axis": "y", "origin": [8, 8, 8]},
			"faces": {
				"north": {"uv": [0, 0, 0, 0], "texture": "#3"},
				"east": {"uv": [3.25, 0.625, 4, 1.125], "texture": "#3"},
				"south": {"uv": [3.25, 0.375, 2.75, 0.75], "rotation": 90, "texture": "#3"},
				"west": {"uv": [3.125, 0.625, 2.375, 1.125], "rotation": 180, "texture": "#3"},
				"up": {"uv": [2.75, 0.375, 3.625, 0.75], "rotation": 90, "texture": "#3"},
				"down": {"uv": [2.75, 0.375, 3.625, 0.75], "rotation": 90, "texture": "#3"}
			}
		},
		{
			"from": [16.1, 5.875, 6.65],
			"to": [22.4, 10.125, 9.35],
			"rotation": {"angle": -45, "axis": "y", "origin": [8, 8, 8]},
			"faces": {
				"north": {"uv": [1, 0.875, 1.75, 0.375], "texture": "#3"},
				"east": {"uv": [1.125, 0.5, 0.75, 0], "texture": "#3"},
				"south": {"uv": [0.875, 0.625, 0.125, 0.125], "texture": "#3"},
				"west": {"uv": [0, 0, 0, 0], "texture": "#3"},
				"up": {"uv": [0.75, 0.75, 1.125, 0], "rotation": 90, "texture": "#3"},
				"down": {"uv": [1.125, 0, 0.75, 0.75], "rotation": 90, "texture": "#3"}
			}
		},
		{
			"from": [16.1, 5.875, 6.65],
			"to": [22.4, 10.125, 9.35],
			"rotation": {"angle": -22.5, "axis": "y", "origin": [8, 8, 8]},
			"faces": {
				"north": {"uv": [1, 1.25, 0.25, 1.75], "texture": "#3"},
				"east": {"uv": [0.375, 1.375, 0.75, 0.875], "texture": "#3"},
				"south": {"uv": [1.125, 1.375, 0.375, 0.875], "texture": "#3"},
				"west": {"uv": [0, 0, 0, 0], "texture": "#3"},
				"up": {"uv": [0.75, 1.625, 0.375, 0.875], "rotation": 90, "texture": "#3"},
				"down": {"uv": [0.5, 1.25, 0.875, 0.5], "rotation": 90, "texture": "#3"}
			}
		},
		{
			"from": [16.1, 5.875, 6.65],
			"to": [22.4, 10.125, 9.35],
			"rotation": {"angle": 0, "axis": "y", "origin": [8, 8, 8]},
			"faces": {
				"north": {"uv": [0, 2.5, 0.75, 3], "texture": "#3"},
				"east": {"uv": [0.5, 2.25, 0, 1.875], "rotation": 270, "texture": "#3"},
				"south": {"uv": [0.75, 2.25, 0, 2.75], "texture": "#3"},
				"west": {"uv": [0, 0, 0, 0], "texture": "#3"},
				"up": {"uv": [0, 2.25, 0.75, 1.875], "rotation": 180, "texture": "#3"},
				"down": {"uv": [0.75, 1.875, 0, 2.25], "rotation": 180, "texture": "#3"}
			}
		},
		{
			"from": [16.1, 5.875, 6.65],
			"to": [22.4, 10.125, 9.35],
			"rotation": {"angle": 22.5, "axis": "y", "origin": [8, 8, 8]},
			"faces": {
				"north": {"uv": [0.75, 2.5, 1.5, 3], "texture": "#3"},
				"east": {"uv": [0.75, 2.875, 0.375, 2.375], "rotation": 180, "texture": "#3"},
				"south": {"uv": [1, 2.75, 0.25, 3.25], "texture": "#3"},
				"west": {"uv": [0, 0, 0, 0], "texture": "#3"},
				"up": {"uv": [0.75, 2.375, 0.375, 3.125], "rotation": 90, "texture": "#3"},
				"down": {"uv": [0.375, 2.375, 0.75, 3.125], "rotation": 90, "texture": "#3"}
			}
		},
		{
			"from": [6.65, 5.875, -6.4],
			"to": [9.35, 10.125, -0.1],
			"rotation": {"angle": -45, "axis": "y", "origin": [8, 8, 8]},
			"faces": {
				"north": {"uv": [0.75, 3.75, 1.125, 3.25], "rotation": 180, "texture": "#3"},
				"east": {"uv": [1.875, 3.5, 1.125, 4], "texture": "#3"},
				"south": {"uv": [0, 0, 0, 0], "texture": "#3"},
				"west": {"uv": [0.75, 3.5, 0, 4], "texture": "#3"},
				"up": {"uv": [1.125, 4, 0.75, 3.25], "rotation": 180, "texture": "#3"},
				"down": {"uv": [0.75, 3.25, 1.125, 4], "texture": "#3"}
			}
		},
		{
			"from": [6.65, 5.875, -6.4],
			"to": [9.35, 10.125, -0.1],
			"rotation": {"angle": -22.5, "axis": "y", "origin": [8, 8, 8]},
			"faces": {
				"north": {"uv": [0.5, 3.625, 0, 3.25], "rotation": 90, "texture": "#3"},
				"east": {"uv": [1.125, 3.25, 0.375, 2.75], "texture": "#3"},
				"south": {"uv": [0, 0, 0, 0], "texture": "#3"},
				"west": {"uv": [0.375, 3.5, 1.125, 4], "texture": "#3"},
				"up": {"uv": [0.375, 3.25, 1.25, 3.625], "rotation": 90, "texture": "#3"},
				"down": {"uv": [0.375, 3.25, 1.25, 3.625], "rotation": 90, "texture": "#3"}
			}
		},
		{
			"from": [6.65, 5.875, -6.4],
			"to": [9.35, 10.125, -0.1],
			"rotation": {"angle": 0, "axis": "y", "origin": [8, 8, 8]},
			"faces": {
				"north": {"uv": [1.875, 3.25, 2.25, 3.75], "texture": "#3"},
				"east": {"uv": [1.125, 3.375, 1.875, 3.875], "texture": "#3"},
				"south": {"uv": [0, 0, 0, 0], "texture": "#3"},
				"west": {"uv": [2.125, 3.375, 2.875, 3.875], "texture": "#3"},
				"up": {"uv": [2.25, 3.25, 1.875, 4], "texture": "#3"},
				"down": {"uv": [2.25, 3.25, 1.875, 4], "texture": "#3"}
			}
		},
		{
			"from": [6.65, 5.875, -6.4],
			"to": [9.35, 10.125, -0.1],
			"rotation": {"angle": 22.5, "axis": "y", "origin": [8, 8, 8]},
			"faces": {
				"north": {"uv": [3.25, 3.625, 2.75, 3.25], "rotation": 90, "texture": "#3"},
				"east": {"uv": [3.375, 3.5, 2.875, 2.75], "rotation": 90, "texture": "#3"},
				"south": {"uv": [0, 0, 0, 0], "texture": "#3"},
				"west": {"uv": [3.375, 3.25, 2.875, 4], "rotation": 90, "texture": "#3"},
				"up": {"uv": [3.625, 3.25, 2.75, 3.625], "rotation": 90, "texture": "#3"},
				"down": {"uv": [3.625, 3.25, 2.75, 3.625], "rotation": 90, "texture": "#3"}
			}
		},
		{
			"from": [6.65, 5.875, -6.4],
			"to": [9.35, 10.125, -0.1],
			"rotation": {"angle": 45, "axis": "y", "origin": [8, 8, 8]},
			"faces": {
				"north": {"uv": [2.875, 3.75, 3.25, 3.25], "texture": "#3"},
				"east": {"uv": [3.125, 3.25, 2.375, 3.75], "rotation": 180, "texture": "#3"},
				"south": {"uv": [0, 0, 0, 0], "texture": "#3"},
				"west": {"uv": [3.125, 3.875, 3.875, 3.375], "texture": "#3"},
				"up": {"uv": [2.875, 3.25, 3.25, 4], "rotation": 180, "texture": "#3"},
				"down": {"uv": [2.875, 3.25, 3.25, 4], "rotation": 180, "texture": "#3"}
			}
		},
		{
			"from": [-6.4, 5.875, 6.65],
			"to": [-0.1, 10.125, 9.35],
			"rotation": {"angle": -22.5, "axis": "y", "origin": [8, 8, 8]},
			"faces": {
				"north": {"uv": [2.625, 3, 3.375, 2.5], "texture": "#3"},
				"east": {"uv": [0, 0, 0, 0], "texture": "#3"},
				"south": {"uv": [4, 2.5, 3.5, 3.25], "rotation": 90, "texture": "#3"},
				"west": {"uv": [3.25, 3.125, 3.625, 2.625], "texture": "#3"},
				"up": {"uv": [3.25, 2.375, 3.625, 3.125], "rotation": 90, "texture": "#3"},
				"down": {"uv": [3.625, 3.125, 3.25, 2.375], "rotation": 90, "texture": "#3"}
			}
		},
		{
			"from": [-6.4, 5.875, 6.65],
			"to": [-0.1, 10.125, 9.35],
			"rotation": {"angle": 0, "axis": "y", "origin": [8, 8, 8]},
			"faces": {
				"north": {"uv": [3.875, 2.375, 3.125, 1.875], "texture": "#3"},
				"east": {"uv": [0, 0, 0, 0], "texture": "#3"},
				"south": {"uv": [4, 2, 3.25, 1.5], "texture": "#3"},
				"west": {"uv": [3.25, 1.875, 3.75, 2.25], "rotation": 90, "texture": "#3"},
				"up": {"uv": [4, 1.875, 3.25, 2.25], "rotation": 180, "texture": "#3"},
				"down": {"uv": [3.25, 2.25, 4, 1.875], "rotation": 180, "texture": "#3"}
			}
		},
		{
			"from": [-6.4, 5.875, 6.65],
			"to": [-0.1, 10.125, 9.35],
			"rotation": {"angle": 22.5, "axis": "y", "origin": [8, 8, 8]},
			"faces": {
				"north": {"uv": [3.375, 1, 2.875, 1.75], "rotation": 90, "texture": "#3"},
				"east": {"uv": [0, 0, 0, 0], "texture": "#3"},
				"south": {"uv": [3.25, 1.5, 4, 2], "texture": "#3"},
				"west": {"uv": [3.625, 0.875, 3.25, 1.375], "texture": "#3"},
				"up": {"uv": [3.625, 1.625, 3.25, 0.875], "rotation": 90, "texture": "#3"},
				"down": {"uv": [3.25, 1.625, 3.625, 0.875], "rotation": 90, "texture": "#3"}
			}
		}
	],
	"display": {
		"thirdperson_righthand": {
			"scale": [0, 0, 0]
		},
		"thirdperson_lefthand": {
			"rotation": [67.21, -1.97, 79.74],
			"translation": [1.5, -0.5, 1],
			"scale": [0.45, 0.45, 0.45]
		},
		"firstperson_righthand": {
			"scale": [0, 0, 0]
		},
		"firstperson_lefthand": {
			"rotation": [-64.79, 5.55, 64.96],
			"translation": [5.5, 1.75, -1.75],
			"scale": [0.55, 0.45, 0.55]
		},
		"gui": {
			"rotation": [-169.26, 46.26, -121.65]
		}
	},
	"groups": [
		{
			"name": "large_cog",
			"origin": [8, 8.01607, 8],
			"color": 0,
			"nbt": "{brightness:{block:13,sky:15}}",
			"children": [
				0,
				1,
				2,
				3,
				4,
				5,
				6,
				7,
				8,
				9,
				10,
				11,
				12,
				13,
				14,
				15,
				16,
				17,
				18,
				19,
				20,
				21,
				22,
				23,
				24,
				25,
				26,
				27,
				28,
				29,
				30,
				31,
				32,
				33,
				34,
				35,
				36,
				37,
				38,
				39,
				40,
				41,
				42,
				43,
				44,
				45,
				46,
				47,
				48,
				49,
				50
			]
		}
	]
}