{
	"credit": "Made with Blockbench",
	"texture_size": [128, 128],
	"textures": {
		"0": "kello:item/interactable/thrown/small_cogwheel",
		"particle": "kello:item/interactable/thrown/small_cogwheel"
	},
	"elements": [
		{
			"from": [6, 6.5, 10],
			"to": [10, 9.5, 12],
			"rotation": {"angle": 0, "axis": "y", "origin": [8, 8, 8]},
			"faces": {
				"north": {"uv": [1.5, 2, 2, 2.375], "texture": "#0"},
				"east": {"uv": [2.25, 0, 3.25, 0.375], "texture": "#0"},
				"south": {"uv": [2.5, 0.375, 3, 0.75], "texture": "#0"},
				"west": {"uv": [2.25, 0.75, 3.25, 1.125], "texture": "#0"},
				"up": {"uv": [2, 0.25, 1.5, 0], "texture": "#0"},
				"down": {"uv": [2, 1, 1.5, 1.25], "texture": "#0"}
			}
		},
		{
			"from": [10, 6.5, 4],
			"to": [12, 9.5, 12],
			"rotation": {"angle": 0, "axis": "y", "origin": [8, 8, 8]},
			"faces": {
				"north": {"uv": [1.25, 2, 1.5, 2.375], "texture": "#0"},
				"east": {"uv": [2.25, 0, 3.25, 0.375], "texture": "#0"},
				"south": {"uv": [2.25, 0.375, 2.5, 0.75], "texture": "#0"},
				"west": {"uv": [2.25, 0.75, 3.25, 1.125], "texture": "#0"},
				"up": {"uv": [1.5, 1, 1.25, 0], "texture": "#0"},
				"down": {"uv": [1.5, 1, 1.25, 2], "texture": "#0"}
			}
		},
		{
			"from": [4, 6.5, 4],
			"to": [6, 9.5, 12],
			"rotation": {"angle": 0, "axis": "y", "origin": [8, 8, 8]},
			"faces": {
				"north": {"uv": [2.25, 0.375, 2.5, 0.75], "texture": "#0"},
				"east": {"uv": [2.25, 0.75, 3.25, 1.125], "texture": "#0"},
				"south": {"uv": [1.25, 2, 1.5, 2.375], "texture": "#0"},
				"west": {"uv": [2.25, 0, 3.25, 0.375], "texture": "#0"},
				"up": {"uv": [2.25, 0, 2, 1], "texture": "#0"},
				"down": {"uv": [2.25, 2, 2, 1], "texture": "#0"}
			}
		},
		{
			"from": [1.3, 9.5, 0],
			"to": [5.3, 9.5, 9],
			"rotation": {"angle": -22.5, "axis": "z", "origin": [5, 9.5, 8.5]},
			"faces": {
				"up": {"uv": [2.625, 1.125, 3.75, 1.625], "rotation": 270, "texture": "#0"},
				"down": {"uv": [3.75, 1.125, 2.625, 1.625], "rotation": 270, "texture": "#0"}
			}
		},
		{
			"from": [9.36396, 3.79289, 11],
			"to": [9.36396, 7.79289, 15],
			"rotation": {"angle": -45, "axis": "y", "origin": [11.36396, 4.79289, 6.5]},
			"faces": {
				"east": {"uv": [4, 1.625, 3.5, 2.125], "rotation": 180, "texture": "#0"},
				"west": {"uv": [3.5, 1.625, 4, 2.125], "rotation": 180, "texture": "#0"}
			}
		},
		{
			"from": [9, 11.74264, 11],
			"to": [9, 15.74264, 16],
			"rotation": {"angle": -45, "axis": "z", "origin": [5, 9.74264, 5.5]},
			"faces": {
				"east": {"uv": [3.5, 1.625, 4, 2.125], "texture": "#0"},
				"west": {"uv": [4, 1.625, 3.5, 2.125], "texture": "#0"}
			}
		},
		{
			"from": [6, 6.5, 4],
			"to": [10, 9.5, 6],
			"rotation": {"angle": 0, "axis": "y", "origin": [8, 8, 8]},
			"faces": {
				"north": {"uv": [2.5, 0.375, 3, 0.75], "texture": "#0"},
				"east": {"uv": [2.25, 0.75, 3.25, 1.125], "texture": "#0"},
				"south": {"uv": [1.5, 2, 2, 2.375], "texture": "#0"},
				"west": {"uv": [2.25, 0, 3.25, 0.375], "texture": "#0"},
				"up": {"uv": [1.5, 1, 2, 0.75], "texture": "#0"},
				"down": {"uv": [1.5, 1.75, 2, 2], "texture": "#0"}
			}
		},
		{
			"from": [3, 7.5, 3],
			"to": [13, 8.5, 13],
			"rotation": {"angle": 0, "axis": "y", "origin": [8, 8, 8]},
			"faces": {
				"north": {"uv": [2.25, 2.125, 3.5, 2.25], "texture": "#0"},
				"east": {"uv": [2.25, 2.25, 3.5, 2.375], "texture": "#0"},
				"south": {"uv": [1.25, 2.375, 2.5, 2.5], "texture": "#0"},
				"west": {"uv": [0, 2.5, 1.25, 2.625], "texture": "#0"},
				"up": {"uv": [1.25, 1.25, 0, 0], "texture": "#0"},
				"down": {"uv": [1.25, 1.25, 0, 2.5], "texture": "#0"}
			}
		},
		{
			"from": [6.5, 7, 12],
			"to": [9.5, 9, 16],
			"rotation": {"angle": 0, "axis": "y", "origin": [8, 8, 8]},
			"faces": {
				"north": {"uv": [2.25, 2.5, 2.625, 2.75], "texture": "#0"},
				"east": {"uv": [1.25, 2.5, 1.75, 2.75], "texture": "#0"},
				"south": {"uv": [0, 2.625, 0.375, 2.875], "texture": "#0"},
				"west": {"uv": [1.75, 2.5, 2.25, 2.75], "texture": "#0"},
				"up": {"uv": [2.625, 1.625, 2.25, 1.125], "texture": "#0"},
				"down": {"uv": [2.625, 1.625, 2.25, 2.125], "texture": "#0"}
			}
		},
		{
			"from": [6.5, 7, 12],
			"to": [9.5, 9, 16],
			"rotation": {"angle": 45, "axis": "y", "origin": [8, 8, 8]},
			"faces": {
				"north": {"uv": [2.25, 2.5, 2.625, 2.75], "texture": "#0"},
				"east": {"uv": [1.25, 2.5, 1.75, 2.75], "texture": "#0"},
				"south": {"uv": [0, 2.625, 0.375, 2.875], "texture": "#0"},
				"west": {"uv": [1.75, 2.5, 2.25, 2.75], "texture": "#0"},
				"up": {"uv": [2.625, 1.625, 2.25, 1.125], "texture": "#0"},
				"down": {"uv": [2.625, 1.625, 2.25, 2.125], "texture": "#0"}
			}
		},
		{
			"from": [12, 7, 6.5],
			"to": [16, 9, 9.5],
			"rotation": {"angle": 0, "axis": "y", "origin": [8, 8, 8]},
			"faces": {
				"north": {"uv": [1.25, 2.5, 1.75, 2.75], "texture": "#0"},
				"east": {"uv": [0, 2.625, 0.375, 2.875], "texture": "#0"},
				"south": {"uv": [1.75, 2.5, 2.25, 2.75], "texture": "#0"},
				"west": {"uv": [2.25, 2.5, 2.625, 2.75], "texture": "#0"},
				"up": {"uv": [2.625, 1.625, 2.25, 1.125], "rotation": 270, "texture": "#0"},
				"down": {"uv": [2.625, 1.625, 2.25, 2.125], "rotation": 90, "texture": "#0"}
			}
		},
		{
			"from": [6.5, 7, 0],
			"to": [9.5, 9, 4],
			"rotation": {"angle": -45, "axis": "y", "origin": [8, 8, 8]},
			"faces": {
				"north": {"uv": [0, 2.625, 0.375, 2.875], "texture": "#0"},
				"east": {"uv": [1.75, 2.5, 2.25, 2.75], "texture": "#0"},
				"south": {"uv": [2.25, 2.5, 2.625, 2.75], "texture": "#0"},
				"west": {"uv": [1.25, 2.5, 1.75, 2.75], "texture": "#0"},
				"up": {"uv": [2.625, 1.625, 2.25, 1.125], "rotation": 180, "texture": "#0"},
				"down": {"uv": [2.625, 1.625, 2.25, 2.125], "rotation": 180, "texture": "#0"}
			}
		},
		{
			"from": [6.5, 7, 0],
			"to": [9.5, 9, 4],
			"rotation": {"angle": 0, "axis": "y", "origin": [8, 8, 8]},
			"faces": {
				"north": {"uv": [0, 2.625, 0.375, 2.875], "texture": "#0"},
				"east": {"uv": [1.75, 2.5, 2.25, 2.75], "texture": "#0"},
				"south": {"uv": [2.25, 2.5, 2.625, 2.75], "texture": "#0"},
				"west": {"uv": [1.25, 2.5, 1.75, 2.75], "texture": "#0"},
				"up": {"uv": [2.25, 1.125, 2.625, 1.625], "texture": "#0"},
				"down": {"uv": [2.25, 2.125, 2.625, 1.625], "texture": "#0"}
			}
		},
		{
			"from": [6.5, 7, 0],
			"to": [9.5, 9, 4],
			"rotation": {"angle": 45, "axis": "y", "origin": [8, 8, 8]},
			"faces": {
				"north": {"uv": [0, 2.625, 0.375, 2.875], "texture": "#0"},
				"east": {"uv": [1.75, 2.5, 2.25, 2.75], "texture": "#0"},
				"south": {"uv": [2.25, 2.5, 2.625, 2.75], "texture": "#0"},
				"west": {"uv": [1.25, 2.5, 1.75, 2.75], "texture": "#0"},
				"up": {"uv": [2.25, 1.125, 2.625, 1.625], "texture": "#0"},
				"down": {"uv": [2.25, 2.125, 2.625, 1.625], "texture": "#0"}
			}
		},
		{
			"from": [0, 7, 6.5],
			"to": [4, 9, 9.5],
			"rotation": {"angle": 0, "axis": "y", "origin": [8, 8, 8]},
			"faces": {
				"north": {"uv": [1.75, 2.5, 2.25, 2.75], "texture": "#0"},
				"east": {"uv": [2.25, 2.5, 2.625, 2.75], "texture": "#0"},
				"south": {"uv": [1.25, 2.5, 1.75, 2.75], "texture": "#0"},
				"west": {"uv": [0, 2.625, 0.375, 2.875], "texture": "#0"},
				"up": {"uv": [2.25, 1.125, 2.625, 1.625], "rotation": 270, "texture": "#0"},
				"down": {"uv": [2.25, 2.125, 2.625, 1.625], "rotation": 90, "texture": "#0"}
			}
		},
		{
			"from": [6.5, 7, 12],
			"to": [9.5, 9, 16],
			"rotation": {"angle": -45, "axis": "y", "origin": [8, 8, 8]},
			"faces": {
				"north": {"uv": [2.25, 2.5, 2.625, 2.75], "texture": "#0"},
				"east": {"uv": [1.25, 2.5, 1.75, 2.75], "texture": "#0"},
				"south": {"uv": [0, 2.625, 0.375, 2.875], "texture": "#0"},
				"west": {"uv": [1.75, 2.5, 2.25, 2.75], "texture": "#0"},
				"up": {"uv": [2.25, 1.125, 2.625, 1.625], "rotation": 180, "texture": "#0"},
				"down": {"uv": [2.25, 2.125, 2.625, 1.625], "rotation": 180, "texture": "#0"}
			}
		}
	],
	"display": {
		"thirdperson_righthand": {
			"rotation": [67.6, -1.99, 90.24],
			"translation": [2.25, -0.5, 1.75],
			"scale": [0.45, 0.45, 0.45]
		},
		"thirdperson_lefthand": {
			"scale": [0, 0, 0]
		},
		"firstperson_righthand": {
			"rotation": [143.81, 0.63, 109.2],
			"translation": [1.5, 3.5, 1.5],
			"scale": [0.45, 0.45, 0.45]
		},
		"firstperson_lefthand": {
			"scale": [0, 0, 0]
		},
		"gui": {
			"rotation": [59.97, 4.5, 39.02],
			"scale": [0.75, 0.75, 0.75]
		}
	}
}