{
	"textures": {
		"1": "kello:item/decal/small_decwheel_1",
		"2": "kello:item/decal/small_decwheel_3"
	},
	"elements": [
		{
			"from": [
				7,
				4.25,
				7
			],
			"to": [
				9,
				12.25,
				9
			],
			"rotation": {
				"angle": 0,
				"axis": "y",
				"origin": [
					7.5,
					8,
					7.5
				]
			},
			"faces": {
				"north": {
					"uv": [
						2,
						0,
						2.5,
						2
					],
					"texture": "#1"
				},
				"east": {
					"uv": [
						2,
						2,
						2.5,
						4
					],
					"texture": "#1"
				},
				"south": {
					"uv": [
						0,
						2.25,
						0.5,
						4.25
					],
					"texture": "#1"
				},
				"west": {
					"uv": [
						0.5,
						2.25,
						1,
						4.25
					],
					"texture": "#1"
				},
				"up": {
					"uv": [
						3.875,
						2.625,
						3.375,
						2.125
					],
					"texture": "#1"
				},
				"down": {
					"uv": [
						4,
						2.625,
						3.5,
						3.125
					],
					"texture": "#1"
				}
			}
		},
		{
			"from": [
				9.191341716182546,
				10.25,
				6.961939766255643
			],
			"to": [
				9.191341716182546,
				11.25,
				7.961939766255643
			],
			"rotation": {
				"angle": -22.5,
				"axis": "y",
				"origin": [
					9,
					7.75,
					7.5
				]
			},
			"faces": {
				"east": {
					"uv": [
						2,
						3.5,
						2.25,
						3.75
					],
					"rotation": 270,
					"texture": "#2"
				},
				"west": {
					"uv": [
						2.25,
						3.75,
						2,
						3.5
					],
					"rotation": 270,
					"texture": "#2"
				}
			}
		},
		{
			"from": [
				7,
				10.25,
				6.5
			],
			"to": [
				7,
				11.25,
				7.5
			],
			"rotation": {
				"angle": 22.5,
				"axis": "y",
				"origin": [
					7,
					7.75,
					7.5
				]
			},
			"faces": {
				"east": {
					"uv": [
						2.25,
						3.5,
						2,
						3.75
					],
					"rotation": 270,
					"texture": "#2"
				},
				"west": {
					"uv": [
						2.25,
						3.75,
						2,
						3.5
					],
					"rotation": 270,
					"texture": "#2"
				}
			}
		},
		{
			"from": [
				7.114805029709527,
				6.75,
				6.2228361402466135
			],
			"to": [
				7.114805029709527,
				7.75,
				7.222836140246614
			],
			"rotation": {
				"angle": 22.5,
				"axis": "y",
				"origin": [
					7,
					7.75,
					7.5
				]
			},
			"faces": {
				"east": {
					"uv": [
						2.25,
						3.5,
						2,
						3.75
					],
					"rotation": 270,
					"texture": "#2"
				},
				"west": {
					"uv": [
						2.25,
						3.75,
						2,
						3.5
					],
					"rotation": 270,
					"texture": "#2"
				}
			}
		},
		{
			"from": [
				7.2243430023936845,
				9.649999999999999,
				9.808069827023447
			],
			"to": [
				8.224343002393685,
				10.650000000000002,
				9.808069827023447
			],
			"rotation": {
				"angle": -22.5,
				"axis": "y",
				"origin": [
					9.191341716182546,
					10.75,
					9.038060233744355
				]
			},
			"faces": {
				"north": {
					"uv": [
						2.25,
						3.75,
						2,
						3.5
					],
					"rotation": 270,
					"texture": "#2"
				},
				"south": {
					"uv": [
						2,
						3.5,
						2.25,
						3.75
					],
					"rotation": 270,
					"texture": "#2"
				}
			}
		},
		{
			"from": [
				6.34843206679908,
				6.1000000000000005,
				8.901047659470539
			],
			"to": [
				7.34843206679908,
				7.100000000000002,
				8.901047659470539
			],
			"rotation": {
				"angle": 22.5,
				"axis": "y",
				"origin": [
					7.541341716182545,
					5.650000000000002,
					9.188060233744356
				]
			},
			"faces": {
				"north": {
					"uv": [
						2,
						3.5,
						2.25,
						3.75
					],
					"rotation": 270,
					"texture": "#2"
				},
				"south": {
					"uv": [
						2.25,
						3.75,
						2,
						3.5
					],
					"rotation": 270,
					"texture": "#2"
				}
			}
		},
		{
			"from": [
				8.517774347909487,
				7.6499999999999995,
				9.272313021712321
			],
			"to": [
				9.517774347909487,
				8.650000000000002,
				9.272313021712321
			],
			"rotation": {
				"angle": -22.5,
				"axis": "y",
				"origin": [
					9.191341716182546,
					10.75,
					9.038060233744355
				]
			},
			"faces": {
				"north": {
					"uv": [
						2.25,
						3.75,
						2,
						3.5
					],
					"rotation": 270,
					"texture": "#2"
				},
				"south": {
					"uv": [
						2.25,
						3.5,
						2,
						3.75
					],
					"rotation": 270,
					"texture": "#2"
				}
			}
		},
		{
			"from": [
				7.287852124252203,
				5.849999999999998,
				6.359704520886039
			],
			"to": [
				8.287852124252204,
				6.85,
				6.359704520886039
			],
			"rotation": {
				"angle": 22.5,
				"axis": "y",
				"origin": [
					8.941341716182546,
					7.849999999999998,
					6.188060233744356
				]
			},
			"faces": {
				"north": {
					"uv": [
						2,
						3.75,
						2.25,
						3.5
					],
					"rotation": 270,
					"texture": "#2"
				},
				"south": {
					"uv": [
						2,
						3.5,
						2.25,
						3.75
					],
					"rotation": 270,
					"texture": "#2"
				}
			}
		},
		{
			"from": [
				7.479401949926901,
				8.849999999999998,
				6.979401949926902
			],
			"to": [
				8.479401949926903,
				9.85,
				6.979401949926902
			],
			"rotation": {
				"angle": -22.5,
				"axis": "y",
				"origin": [
					8.441341716182544,
					10.849999999999998,
					6.788060233744357
				]
			},
			"faces": {
				"north": {
					"uv": [
						2,
						3.5,
						2.25,
						3.75
					],
					"rotation": 270,
					"texture": "#2"
				},
				"south": {
					"uv": [
						2,
						3.75,
						2.25,
						3.5
					],
					"rotation": 270,
					"texture": "#2"
				}
			}
		},
		{
			"from": [
				9,
				4.75,
				6.5
			],
			"to": [
				9,
				5.75,
				7.5
			],
			"rotation": {
				"angle": -22.5,
				"axis": "y",
				"origin": [
					9,
					7.75,
					7.5
				]
			},
			"faces": {
				"east": {
					"uv": [
						2,
						3.5,
						2.25,
						3.75
					],
					"rotation": 270,
					"texture": "#2"
				},
				"west": {
					"uv": [
						2,
						3.75,
						2.25,
						3.5
					],
					"rotation": 270,
					"texture": "#2"
				}
			}
		},
		{
			"from": [
				8.576640741219093,
				-3.25,
				8.885299025036549
			],
			"to": [
				9.576640741219094,
				-2.25,
				8.885299025036549
			],
			"rotation": {
				"angle": -22.5,
				"axis": "y",
				"origin": [
					8.25,
					7.75,
					8.75
				]
			},
			"faces": {
				"north": {
					"uv": [
						2,
						3.75,
						2.25,
						3.5
					],
					"rotation": 270,
					"texture": "#2"
				},
				"south": {
					"uv": [
						2,
						3.5,
						2.25,
						3.75
					],
					"rotation": 270,
					"texture": "#2"
				}
			}
		},
		{
			"from": [
				6.999999999999999,
				-3.75,
				7
			],
			"to": [
				8.999999999999998,
				4.25,
				9
			],
			"rotation": {
				"angle": 0,
				"axis": "y",
				"origin": [
					8.25,
					8,
					7.25
				]
			},
			"faces": {
				"north": {
					"uv": [
						0.5,
						2.25,
						1,
						4.25
					],
					"texture": "#1"
				},
				"east": {
					"uv": [
						2,
						0,
						2.5,
						2
					],
					"texture": "#1"
				},
				"south": {
					"uv": [
						2,
						2,
						2.5,
						4
					],
					"texture": "#1"
				},
				"west": {
					"uv": [
						0,
						2.25,
						0.5,
						4.25
					],
					"texture": "#1"
				},
				"up": {
					"uv": [
						3.875,
						2.625,
						3.375,
						2.125
					],
					"rotation": 90,
					"texture": "#1"
				},
				"down": {
					"uv": [
						4,
						2.625,
						3.5,
						3.125
					],
					"rotation": 270,
					"texture": "#1"
				}
			}
		},
		{
			"from": [
				8.11470097496345,
				2.250000000000001,
				9.076640741219094
			],
			"to": [
				9.114700974963451,
				3.250000000000001,
				9.076640741219094
			],
			"rotation": {
				"angle": -22.5,
				"axis": "y",
				"origin": [
					8.25,
					7.75,
					8.75
				]
			},
			"faces": {
				"north": {
					"uv": [
						2.25,
						3.75,
						2,
						3.5
					],
					"rotation": 270,
					"texture": "#2"
				},
				"south": {
					"uv": [
						2,
						3.5,
						2.25,
						3.75
					],
					"rotation": 270,
					"texture": "#2"
				}
			}
		},
		{
			"from": [
				8.385299025036549,
				2.250000000000001,
				7.076640741219094
			],
			"to": [
				9.385299025036549,
				3.250000000000001,
				7.076640741219094
			],
			"rotation": {
				"angle": 22.5,
				"axis": "y",
				"origin": [
					8.25,
					7.75,
					6.75
				]
			},
			"faces": {
				"north": {
					"uv": [
						2.25,
						3.75,
						2,
						3.5
					],
					"rotation": 270,
					"texture": "#2"
				},
				"south": {
					"uv": [
						2.25,
						3.5,
						2,
						3.75
					],
					"rotation": 270,
					"texture": "#2"
				}
			}
		},
		{
			"from": [
				8.662462884789935,
				-1.25,
				7.19144577092862
			],
			"to": [
				9.662462884789935,
				-0.24999999999999822,
				7.19144577092862
			],
			"rotation": {
				"angle": 22.5,
				"axis": "y",
				"origin": [
					8.25,
					7.75,
					6.75
				]
			},
			"faces": {
				"north": {
					"uv": [
						2.25,
						3.75,
						2,
						3.5
					],
					"rotation": 270,
					"texture": "#2"
				},
				"south": {
					"uv": [
						2.25,
						3.5,
						2,
						3.75
					],
					"rotation": 270,
					"texture": "#2"
				}
			}
		},
		{
			"from": [
				6.268570914195648,
				1.6500000000000004,
				7.109642027430235
			],
			"to": [
				6.268570914195648,
				2.650000000000002,
				8.109642027430235
			],
			"rotation": {
				"angle": -22.5,
				"axis": "y",
				"origin": [
					6.711939766255645,
					10.75,
					8.941341716182546
				]
			},
			"faces": {
				"east": {
					"uv": [
						2.25,
						3.75,
						2,
						3.5
					],
					"rotation": 270,
					"texture": "#2"
				},
				"west": {
					"uv": [
						2,
						3.5,
						2.25,
						3.75
					],
					"rotation": 270,
					"texture": "#2"
				}
			}
		},
		{
			"from": [
				6.98425136556601,
				-1.8999999999999986,
				6.425072808018173
			],
			"to": [
				6.98425136556601,
				-0.8999999999999968,
				7.425072808018173
			],
			"rotation": {
				"angle": 22.5,
				"axis": "y",
				"origin": [
					6.5619397662556445,
					5.650000000000002,
					7.291341716182545
				]
			},
			"faces": {
				"east": {
					"uv": [
						2,
						3.5,
						2.25,
						3.75
					],
					"rotation": 270,
					"texture": "#2"
				},
				"west": {
					"uv": [
						2.25,
						3.75,
						2,
						3.5
					],
					"rotation": 270,
					"texture": "#2"
				}
			}
		},
		{
			"from": [
				6.804327719506773,
				-0.34999999999999964,
				8.403073372946036
			],
			"to": [
				6.804327719506773,
				0.6500000000000021,
				9.403073372946036
			],
			"rotation": {
				"angle": -22.5,
				"axis": "y",
				"origin": [
					6.711939766255645,
					10.75,
					8.941341716182546
				]
			},
			"faces": {
				"east": {
					"uv": [
						2.25,
						3.75,
						2,
						3.5
					],
					"rotation": 270,
					"texture": "#2"
				},
				"west": {
					"uv": [
						2.25,
						3.5,
						2,
						3.75
					],
					"rotation": 270,
					"texture": "#2"
				}
			}
		},
		{
			"from": [
				9.52559450415051,
				-2.1500000000000004,
				7.364492865471297
			],
			"to": [
				9.52559450415051,
				-1.1500000000000004,
				8.364492865471298
			],
			"rotation": {
				"angle": 22.5,
				"axis": "y",
				"origin": [
					9.561939766255643,
					7.849999999999998,
					8.691341716182546
				]
			},
			"faces": {
				"east": {
					"uv": [
						2,
						3.75,
						2.25,
						3.5
					],
					"rotation": 270,
					"texture": "#2"
				},
				"west": {
					"uv": [
						2,
						3.5,
						2.25,
						3.75
					],
					"rotation": 270,
					"texture": "#2"
				}
			}
		},
		{
			"from": [
				9.097238791292192,
				0.8499999999999996,
				7.36470097496345
			],
			"to": [
				9.097238791292192,
				1.8499999999999996,
				8.364700974963453
			],
			"rotation": {
				"angle": -22.5,
				"axis": "y",
				"origin": [
					8.961939766255643,
					10.849999999999998,
					8.191341716182544
				]
			},
			"faces": {
				"east": {
					"uv": [
						2,
						3.5,
						2.25,
						3.75
					],
					"rotation": 270,
					"texture": "#2"
				},
				"west": {
					"uv": [
						2,
						3.75,
						2.25,
						3.5
					],
					"rotation": 270,
					"texture": "#2"
				}
			}
		},
		{
			"from": [
				6.902761208707807,
				-7.149999999999999,
				7.364700974963451
			],
			"to": [
				6.902761208707807,
				-6.15,
				8.364700974963453
			],
			"rotation": {
				"angle": 22.5,
				"axis": "y",
				"origin": [
					7.038060233744357,
					10.849999999999998,
					8.191341716182544
				]
			},
			"faces": {
				"east": {
					"uv": [
						2,
						3.5,
						2.25,
						3.75
					],
					"rotation": 270,
					"texture": "#2"
				},
				"west": {
					"uv": [
						2,
						3.75,
						2.25,
						3.5
					],
					"rotation": 270,
					"texture": "#2"
				}
			}
		},
		{
			"from": [
				6.47440549584949,
				-10.149999999999999,
				7.364492865471298
			],
			"to": [
				6.47440549584949,
				-9.149999999999999,
				8.364492865471298
			],
			"rotation": {
				"angle": -22.5,
				"axis": "y",
				"origin": [
					6.438060233744356,
					7.849999999999998,
					8.691341716182546
				]
			},
			"faces": {
				"east": {
					"uv": [
						2,
						3.75,
						2.25,
						3.5
					],
					"rotation": 270,
					"texture": "#2"
				},
				"west": {
					"uv": [
						2,
						3.5,
						2.25,
						3.75
					],
					"rotation": 270,
					"texture": "#2"
				}
			}
		},
		{
			"from": [
				9.195672280493227,
				-8.349999999999998,
				8.403073372946038
			],
			"to": [
				9.195672280493227,
				-7.349999999999998,
				9.403073372946036
			],
			"rotation": {
				"angle": 22.5,
				"axis": "y",
				"origin": [
					9.288060233744355,
					10.75,
					8.941341716182546
				]
			},
			"faces": {
				"east": {
					"uv": [
						2.25,
						3.75,
						2,
						3.5
					],
					"rotation": 270,
					"texture": "#2"
				},
				"west": {
					"uv": [
						2.25,
						3.5,
						2,
						3.75
					],
					"rotation": 270,
					"texture": "#2"
				}
			}
		},
		{
			"from": [
				9.01574863443399,
				-9.899999999999999,
				6.425072808018173
			],
			"to": [
				9.01574863443399,
				-8.899999999999995,
				7.425072808018174
			],
			"rotation": {
				"angle": -22.5,
				"axis": "y",
				"origin": [
					9.438060233744356,
					5.650000000000002,
					7.291341716182545
				]
			},
			"faces": {
				"east": {
					"uv": [
						2.25,
						3.5,
						2,
						3.75
					],
					"rotation": 270,
					"texture": "#2"
				},
				"west": {
					"uv": [
						2,
						3.75,
						2.25,
						3.5
					],
					"rotation": 270,
					"texture": "#2"
				}
			}
		},
		{
			"from": [
				9.731429085804352,
				-6.35,
				7.109642027430236
			],
			"to": [
				9.731429085804352,
				-5.349999999999998,
				8.109642027430237
			],
			"rotation": {
				"angle": 22.5,
				"axis": "y",
				"origin": [
					9.288060233744355,
					10.75,
					8.941341716182546
				]
			},
			"faces": {
				"east": {
					"uv": [
						2,
						3.75,
						2.25,
						3.5
					],
					"rotation": 270,
					"texture": "#2"
				},
				"west": {
					"uv": [
						2.25,
						3.5,
						2,
						3.75
					],
					"rotation": 270,
					"texture": "#2"
				}
			}
		},
		{
			"from": [
				6.337537115210065,
				-9.25,
				7.191445770928621
			],
			"to": [
				7.337537115210067,
				-8.249999999999996,
				7.191445770928621
			],
			"rotation": {
				"angle": -22.5,
				"axis": "y",
				"origin": [
					7.75,
					7.75,
					6.75
				]
			},
			"faces": {
				"north": {
					"uv": [
						2.25,
						3.5,
						2,
						3.75
					],
					"rotation": 270,
					"texture": "#2"
				},
				"south": {
					"uv": [
						2.25,
						3.75,
						2,
						3.5
					],
					"rotation": 270,
					"texture": "#2"
				}
			}
		},
		{
			"from": [
				6.614700974963451,
				-5.749999999999998,
				7.076640741219094
			],
			"to": [
				7.614700974963452,
				-4.749999999999998,
				7.076640741219094
			],
			"rotation": {
				"angle": -22.5,
				"axis": "y",
				"origin": [
					7.75,
					7.75,
					6.75
				]
			},
			"faces": {
				"north": {
					"uv": [
						2.25,
						3.5,
						2,
						3.75
					],
					"rotation": 270,
					"texture": "#2"
				},
				"south": {
					"uv": [
						2.25,
						3.75,
						2,
						3.5
					],
					"rotation": 270,
					"texture": "#2"
				}
			}
		},
		{
			"from": [
				6.885299025036549,
				-5.749999999999998,
				9.076640741219094
			],
			"to": [
				7.885299025036549,
				-4.749999999999998,
				9.076640741219094
			],
			"rotation": {
				"angle": 22.5,
				"axis": "y",
				"origin": [
					7.75,
					7.75,
					8.75
				]
			},
			"faces": {
				"north": {
					"uv": [
						2.25,
						3.5,
						2,
						3.75
					],
					"rotation": 270,
					"texture": "#2"
				},
				"south": {
					"uv": [
						2,
						3.75,
						2.25,
						3.5
					],
					"rotation": 270,
					"texture": "#2"
				}
			}
		},
		{
			"from": [
				7.000000000000002,
				-11.75,
				7.000000000000002
			],
			"to": [
				9,
				-3.75,
				9.000000000000002
			],
			"rotation": {
				"angle": 0,
				"axis": "y",
				"origin": [
					7.75,
					8,
					7.25
				]
			},
			"faces": {
				"north": {
					"uv": [
						1,
						2.25,
						0.5,
						4.25
					],
					"texture": "#1"
				},
				"east": {
					"uv": [
						0.5,
						2.25,
						0,
						4.25
					],
					"texture": "#1"
				},
				"south": {
					"uv": [
						2.5,
						2,
						2,
						4
					],
					"texture": "#1"
				},
				"west": {
					"uv": [
						2.5,
						0,
						2,
						2
					],
					"texture": "#1"
				},
				"up": {
					"uv": [
						3.375,
						2.625,
						3.875,
						2.125
					],
					"rotation": 270,
					"texture": "#1"
				},
				"down": {
					"uv": [
						3.5,
						2.625,
						4,
						3.125
					],
					"rotation": 90,
					"texture": "#1"
				}
			}
		},
		{
			"from": [
				6.423359258780906,
				-11.25,
				8.885299025036549
			],
			"to": [
				7.423359258780906,
				-10.25,
				8.885299025036549
			],
			"rotation": {
				"angle": 22.5,
				"axis": "y",
				"origin": [
					7.75,
					7.75,
					8.75
				]
			},
			"faces": {
				"north": {
					"uv": [
						2,
						3.5,
						2.25,
						3.75
					],
					"rotation": 270,
					"texture": "#2"
				},
				"south": {
					"uv": [
						2,
						3.75,
						2.25,
						3.5
					],
					"rotation": 270,
					"texture": "#2"
				}
			}
		}
	],
	"display": {
		"head": {
			"rotation": [
				0,
				180,
				0
			]
		}
	}
}