{
	"textures": {
		"2": "animated_java:item/maze_npc/anas_npc"
	},
	"elements": [
		{
			"from": [
				5.61576,
				-3.0948200000000003,
				6
			],
			"to": [
				9.61576,
				8.90518,
				10
			],
			"rotation": {
				"angle": -22.5,
				"axis": "z",
				"origin": [
					7.61576,
					6.90518,
					8
				]
			},
			"faces": {
				"north": {
					"uv": [
						9,
						13,
						10,
						16
					],
					"texture": "#2"
				},
				"east": {
					"uv": [
						8,
						13,
						9,
						16
					],
					"texture": "#2"
				},
				"south": {
					"uv": [
						11,
						13,
						12,
						16
					],
					"texture": "#2"
				},
				"west": {
					"uv": [
						10,
						13,
						11,
						16
					],
					"texture": "#2"
				},
				"up": {
					"uv": [
						10,
						13,
						9,
						12
					],
					"texture": "#2"
				},
				"down": {
					"uv": [
						11,
						12,
						10,
						13
					],
					"texture": "#2"
				}
			}
		}
	],
	"display": {
		"head": {
			"rotation": [
				0,
				180,
				0
			]
		}
	}
}