{
	"credit": "Made with Blockbench",
	"texture_size": [64, 64],
	"textures": {
		"0": "inquognito:miscellaneous/captive_scientist"
	},
	"elements": [
		{
			"name": "head",
			"from": [9.09487, 11.26537, 11.91398],
			"to": [13.80991, 15.0374, 15.68602],
			"rotation": {"angle": 22.5, "axis": "z", "origin": [7.9, 13.45138, 12.62124]},
			"faces": {
				"north": {"uv": [11.5, 7, 12.6875, 7.9375], "texture": "#0"},
				"east": {"uv": [5, 12, 5.9375, 12.9375], "texture": "#0"},
				"south": {"uv": [7.25, 11.5, 8.4375, 12.4375], "texture": "#0"},
				"west": {"uv": [12, 10, 12.9375, 10.9375], "texture": "#0"},
				"up": {"uv": [12.6875, 8.9375, 11.5, 8], "texture": "#0"},
				"down": {"uv": [12.6875, 9, 11.5, 9.9375], "texture": "#0"}
			}
		},
		{
			"name": "nose",
			"from": [9.56638, 12.67988, 10.97098],
			"to": [11.45239, 13.62289, 11.91398],
			"rotation": {"angle": 22.5, "axis": "z", "origin": [7.9, 13.45138, 12.62124]},
			"faces": {
				"north": {"uv": [12, 11.5, 12.5, 11.75], "texture": "#0"},
				"east": {"uv": [13, 4.75, 13.25, 5], "texture": "#0"},
				"south": {"uv": [13.75, 4.5, 14.25, 4.75], "texture": "#0"},
				"west": {"uv": [1.75, 14, 2, 14.25], "texture": "#0"},
				"up": {"uv": [14.75, 9.5, 14.25, 9.25], "texture": "#0"},
				"down": {"uv": [11, 14.25, 10.5, 14.5], "texture": "#0"}
			}
		},
		{
			"name": "head",
			"from": [8.64038, 10.11909, 11.36398],
			"to": [10.21241, 12.43413, 12.16398],
			"rotation": {"angle": -45, "axis": "z", "origin": [9.42639, 11.17661, 11.56398]},
			"faces": {
				"north": {"uv": [4.5, 14.25, 4.875, 14.8125], "texture": "#0"},
				"east": {"uv": [5.5, 14, 5.6875, 14.5625], "texture": "#0"},
				"south": {"uv": [14.25, 4.75, 14.625, 5.3125], "texture": "#0"},
				"west": {"uv": [14.5, 1.75, 14.6875, 2.3125], "texture": "#0"},
				"up": {"uv": [14.875, 14.1875, 14.5, 14], "texture": "#0"},
				"down": {"uv": [14.625, 14.5, 14.25, 14.6875], "texture": "#0"}
			}
		},
		{
			"name": "head",
			"from": [10.21538, 11.81909, 11.56398],
			"to": [10.31241, 12.23413, 11.96398],
			"rotation": {"angle": -45, "axis": "z", "origin": [9.42639, 11.17661, 11.56398]},
			"faces": {
				"north": {"uv": [2.75, 15.25, 2.8125, 15.375], "texture": "#0"},
				"east": {"uv": [11.75, 15, 11.875, 15.125], "texture": "#0"},
				"south": {"uv": [15.25, 2.75, 15.3125, 2.875], "texture": "#0"},
				"west": {"uv": [15, 12.25, 15.125, 12.375], "texture": "#0"},
				"up": {"uv": [3.0625, 15.375, 3, 15.25], "texture": "#0"},
				"down": {"uv": [15.3125, 3, 15.25, 3.125], "texture": "#0"}
			}
		},
		{
			"name": "head",
			"from": [10.21538, 11.51909, 11.56398],
			"to": [10.31241, 11.73413, 11.96398],
			"rotation": {"angle": -45, "axis": "z", "origin": [9.42639, 11.17661, 11.56398]},
			"faces": {
				"north": {"uv": [4.25, 15.25, 4.3125, 15.3125], "texture": "#0"},
				"east": {"uv": [3.25, 15.25, 3.375, 15.3125], "texture": "#0"},
				"south": {"uv": [15.25, 4.25, 15.3125, 4.3125], "texture": "#0"},
				"west": {"uv": [15.25, 3.25, 15.375, 3.3125], "texture": "#0"},
				"up": {"uv": [3.5625, 15.375, 3.5, 15.25], "texture": "#0"},
				"down": {"uv": [15.3125, 3.5, 15.25, 3.625], "texture": "#0"}
			}
		},
		{
			"name": "head",
			"from": [10.21538, 10.51909, 11.56398],
			"to": [10.31241, 10.73413, 11.96398],
			"rotation": {"angle": -45, "axis": "z", "origin": [9.42639, 11.17661, 11.56398]},
			"faces": {
				"north": {"uv": [4.5, 15.25, 4.5625, 15.3125], "texture": "#0"},
				"east": {"uv": [3.75, 15.25, 3.875, 15.3125], "texture": "#0"},
				"south": {"uv": [15.25, 4.5, 15.3125, 4.5625], "texture": "#0"},
				"west": {"uv": [15.25, 3.75, 15.375, 3.8125], "texture": "#0"},
				"up": {"uv": [4.0625, 15.375, 4, 15.25], "texture": "#0"},
				"down": {"uv": [15.3125, 4, 15.25, 4.125], "texture": "#0"}
			}
		},
		{
			"name": "head",
			"from": [8.94038, 10.91909, 11.26398],
			"to": [9.91241, 12.23413, 11.36398],
			"rotation": {"angle": -45, "axis": "z", "origin": [9.42639, 11.17661, 11.56398]},
			"faces": {
				"north": {"uv": [11.5, 14.5, 11.75, 14.8125], "texture": "#0"},
				"east": {"uv": [11.25, 15, 11.3125, 15.3125], "texture": "#0"},
				"south": {"uv": [11.75, 14.5, 12, 14.8125], "texture": "#0"},
				"west": {"uv": [11.5, 15, 11.5625, 15.3125], "texture": "#0"},
				"up": {"uv": [12.75, 15.0625, 12.5, 15], "texture": "#0"},
				"down": {"uv": [15.25, 12.5, 15, 12.5625], "texture": "#0"}
			}
		},
		{
			"name": "head",
			"from": [8.94038, 10.41909, 11.26398],
			"to": [9.91241, 10.73413, 11.36398],
			"rotation": {"angle": -45, "axis": "z", "origin": [9.42639, 11.17661, 11.56398]},
			"faces": {
				"north": {"uv": [15, 13, 15.25, 13.0625], "texture": "#0"},
				"east": {"uv": [15.25, 4.75, 15.3125, 4.8125], "texture": "#0"},
				"south": {"uv": [13.5, 15, 13.75, 15.0625], "texture": "#0"},
				"west": {"uv": [5, 15.25, 5.0625, 15.3125], "texture": "#0"},
				"up": {"uv": [15.25, 13.8125, 15, 13.75], "texture": "#0"},
				"down": {"uv": [14.25, 15, 14, 15.0625], "texture": "#0"}
			}
		},
		{
			"name": "body",
			"from": [6.01398, 7.82802, 12.38549],
			"to": [9.78602, 13.48606, 15.21451],
			"rotation": {"angle": -22.5, "axis": "z", "origin": [7.9, 10.45138, 12.62124]},
			"faces": {
				"north": {"uv": [0, 11, 0.9375, 12.4375], "texture": "#0"},
				"east": {"uv": [9.5, 11.75, 10.1875, 13.1875], "texture": "#0"},
				"south": {"uv": [1, 11, 1.9375, 12.4375], "texture": "#0"},
				"west": {"uv": [10.25, 11.75, 10.9375, 13.1875], "texture": "#0"},
				"up": {"uv": [13.4375, 12.1875, 12.5, 11.5], "texture": "#0"},
				"down": {"uv": [13.9375, 3, 13, 3.6875], "texture": "#0"}
			}
		},
		{
			"name": "body",
			"from": [5.77823, 4.76324, 12.14974],
			"to": [10.02177, 13.72182, 15.45026],
			"rotation": {"angle": -22.5, "axis": "z", "origin": [7.9, 10.45138, 12.62124]},
			"faces": {
				"north": {"uv": [10.5, 5, 11.3125, 7], "texture": "#0"},
				"east": {"uv": [11.5, 5, 12.0625, 7], "texture": "#0"},
				"south": {"uv": [10.5, 7, 11.3125, 9], "texture": "#0"},
				"west": {"uv": [6.5, 11.5, 7.0625, 13.5], "texture": "#0"},
				"up": {"uv": [1.5625, 14.0625, 0.75, 13.5], "texture": "#0"},
				"down": {"uv": [14.3125, 0.75, 13.5, 1.3125], "texture": "#0"}
			}
		},
		{
			"name": "body",
			"from": [7.6835, 4.38426, 12.17474],
			"to": [8.92704, 7.44283, 15.42526],
			"rotation": {"angle": 0, "axis": "y", "origin": [8.20527, 10.3724, 12.62124]},
			"faces": {
				"north": {"uv": [15, 4.5, 15.25, 5], "texture": "#0"},
				"east": {"uv": [13.5, 12.5, 14.0625, 13], "texture": "#0"},
				"south": {"uv": [4.75, 15, 5, 15.5], "texture": "#0"},
				"west": {"uv": [13.75, 9.5, 14.3125, 10], "texture": "#0"},
				"up": {"uv": [1, 15.5625, 0.75, 15], "texture": "#0"},
				"down": {"uv": [15.25, 0.75, 15, 1.3125], "texture": "#0"}
			}
		},
		{
			"name": "arms",
			"from": [9.68602, 5.4968, 12.9822],
			"to": [11.57203, 11.26884, 14.86822],
			"rotation": {"angle": 22.5, "axis": "z", "origin": [7.9, 10.45138, 12.62124]},
			"faces": {
				"north": {"uv": [6, 12, 6.5, 13.4375], "texture": "#0"},
				"east": {"uv": [7.25, 12.5, 7.75, 13.9375], "texture": "#0"},
				"south": {"uv": [7.75, 12.5, 8.25, 13.9375], "texture": "#0"},
				"west": {"uv": [3.5, 12.75, 4, 14.1875], "texture": "#0"},
				"up": {"uv": [12, 10.5, 11.5, 10], "texture": "#0"},
				"down": {"uv": [12, 14, 11.5, 14.5], "texture": "#0"}
			}
		},
		{
			"name": "arms",
			"from": [5.22797, 9.7968, 10.0822],
			"to": [7.11398, 13.56884, 11.96822],
			"rotation": {"angle": 45, "axis": "x", "origin": [7.9, 10.45138, 12.62124]},
			"faces": {
				"north": {"uv": [13.25, 9, 13.75, 9.9375], "texture": "#0"},
				"east": {"uv": [9.5, 13.25, 10, 14.1875], "texture": "#0"},
				"south": {"uv": [10, 13.25, 10.5, 14.1875], "texture": "#0"},
				"west": {"uv": [10.5, 13.25, 11, 14.1875], "texture": "#0"},
				"up": {"uv": [12.5, 14.5, 12, 14], "texture": "#0"},
				"down": {"uv": [13, 14, 12.5, 14.5], "texture": "#0"}
			}
		},
		{
			"name": "arms",
			"from": [7.11398, 9.7968, 10.0822],
			"to": [9, 11.56884, 11.96822],
			"rotation": {"angle": 45, "axis": "x", "origin": [7.86102, 10.45138, 12.62124]},
			"faces": {
				"north": {"uv": [3.5, 14.25, 4, 14.6875], "texture": "#0"},
				"east": {"uv": [14.25, 3.75, 14.75, 4.1875], "texture": "#0"},
				"south": {"uv": [4, 14.25, 4.5, 14.6875], "texture": "#0"},
				"west": {"uv": [14.25, 4.25, 14.75, 4.6875], "texture": "#0"},
				"up": {"uv": [14.5, 13.5, 14, 13], "texture": "#0"},
				"down": {"uv": [14.5, 13.5, 14, 14], "texture": "#0"}
			}
		},
		{
			"name": "leg1",
			"from": [6.71398, 2.26997, 12.85699],
			"to": [8.6, 7.92802, 14.74301],
			"rotation": {"angle": 0, "axis": "y", "origin": [7, 7.85138, 13.82124]},
			"faces": {
				"north": {"uv": [4, 12.75, 4.5, 14.1875], "texture": "#0"},
				"east": {"uv": [4.5, 12.75, 5, 14.1875], "texture": "#0"},
				"south": {"uv": [12.75, 7, 13.25, 8.4375], "texture": "#0"},
				"west": {"uv": [12.75, 8.5, 13.25, 9.9375], "texture": "#0"},
				"up": {"uv": [14.5, 14.5, 14, 14], "texture": "#0"},
				"down": {"uv": [0.5, 14.25, 0, 14.75], "texture": "#0"}
			}
		},
		{
			"name": "leg2",
			"from": [5.7, -1.33003, 12.85699],
			"to": [7.58602, 4.32802, 14.74301],
			"rotation": {"angle": -22.5, "axis": "z", "origin": [16.8, 7.85138, 13.82124]},
			"faces": {
				"north": {"uv": [13, 0, 13.5, 1.4375], "texture": "#0"},
				"east": {"uv": [13, 1.5, 13.5, 2.9375], "texture": "#0"},
				"south": {"uv": [2, 13, 2.5, 14.4375], "texture": "#0"},
				"west": {"uv": [2.5, 13, 3, 14.4375], "texture": "#0"},
				"up": {"uv": [14.75, 0.5, 14.25, 0], "texture": "#0"},
				"down": {"uv": [1, 14.25, 0.5, 14.75], "texture": "#0"}
			}
		},
		{
			"name": "head",
			"from": [8.69487, 13.66537, 15.11398],
			"to": [14.20991, 17.1374, 16.28602],
			"rotation": {"angle": 22.5, "axis": "x", "origin": [11.45239, 14.85138, 15.55]},
			"faces": {
				"north": {"uv": [3.5, 11, 4.875, 11.875], "texture": "#0"},
				"east": {"uv": [7.25, 14, 7.5625, 14.875], "texture": "#0"},
				"south": {"uv": [5, 11, 6.375, 11.875], "texture": "#0"},
				"west": {"uv": [7.75, 14, 8.0625, 14.875], "texture": "#0"},
				"up": {"uv": [14.875, 11.8125, 13.5, 11.5], "texture": "#0"},
				"down": {"uv": [14.875, 12, 13.5, 12.3125], "texture": "#0"}
			}
		},
		{
			"from": [-5, 0, 15.975],
			"to": [21, 22, 15.975],
			"faces": {
				"north": {"uv": [0, 0, 6.5, 5.5], "texture": "#0"},
				"east": {"uv": [0, 0, 0, 5.5], "texture": "#0"},
				"south": {"uv": [0, 5.5, 6.5, 11], "texture": "#0"},
				"west": {"uv": [0, 0, 0, 5.5], "texture": "#0"},
				"up": {"uv": [6.5, 0, 0, 0], "texture": "#0"},
				"down": {"uv": [6.5, 0, 0, 0], "texture": "#0"}
			}
		},
		{
			"from": [3, 3.6, 14.775],
			"to": [12.8, 16.5, 15.975],
			"rotation": {"angle": 22.5, "axis": "z", "origin": [8, 9.6, 15.475]},
			"faces": {
				"north": {"uv": [6.5, 5, 8.9375, 8.25], "texture": "#0"},
				"east": {"uv": [8.5, 11.5, 8.8125, 14.75], "texture": "#0"},
				"south": {"uv": [6.5, 8.25, 8.9375, 11.5], "texture": "#0"},
				"west": {"uv": [9, 11.75, 9.3125, 15], "texture": "#0"},
				"up": {"uv": [14.4375, 11.3125, 12, 11], "texture": "#0"},
				"down": {"uv": [13.4375, 12.5, 11, 12.8125], "texture": "#0"}
			}
		},
		{
			"from": [11.2, 8.6, 12.875],
			"to": [13.3, 11, 15.975],
			"rotation": {"angle": -22.5, "axis": "y", "origin": [12, 9.3, 14.425]},
			"faces": {
				"north": {"uv": [13.75, 6.5, 14.25, 7.125], "texture": "#0"},
				"east": {"uv": [0, 13.5, 0.75, 14.125], "texture": "#0"},
				"south": {"uv": [13.75, 7.25, 14.25, 7.875], "texture": "#0"},
				"west": {"uv": [13.5, 0, 14.25, 0.625], "texture": "#0"},
				"up": {"uv": [7.25, 14.25, 6.75, 13.5], "texture": "#0"},
				"down": {"uv": [14.25, 3.75, 13.75, 4.5], "texture": "#0"}
			}
		},
		{
			"from": [5.1, 5.7, 13.275],
			"to": [10.5, 13.2, 15.975],
			"rotation": {"angle": 45, "axis": "z", "origin": [8, 9.6, 15.475]},
			"faces": {
				"north": {"uv": [9, 5, 10.375, 6.875], "texture": "#0"},
				"east": {"uv": [2, 11, 2.6875, 12.875], "texture": "#0"},
				"south": {"uv": [9, 7, 10.375, 8.875], "texture": "#0"},
				"west": {"uv": [2.75, 11, 3.4375, 12.875], "texture": "#0"},
				"up": {"uv": [12.375, 12.4375, 11, 11.75], "texture": "#0"},
				"down": {"uv": [4.875, 12, 3.5, 12.6875], "texture": "#0"}
			}
		},
		{
			"from": [7.49982, 3.43266, 12.575],
			"to": [9.59982, 5.93266, 15.975],
			"rotation": {"angle": -22.5, "axis": "z", "origin": [8.79982, 4.88266, 14.275]},
			"faces": {
				"north": {"uv": [13.75, 8, 14.25, 8.625], "texture": "#0"},
				"east": {"uv": [13, 13, 13.875, 13.625], "texture": "#0"},
				"south": {"uv": [13.75, 8.75, 14.25, 9.375], "texture": "#0"},
				"west": {"uv": [13.25, 4.75, 14.125, 5.375], "texture": "#0"},
				"up": {"uv": [6.25, 14.375, 5.75, 13.5], "texture": "#0"},
				"down": {"uv": [6.75, 13.5, 6.25, 14.375], "texture": "#0"}
			}
		},
		{
			"from": [-2.9, 16.8, 15.175],
			"to": [0.7, 20.3, 15.975],
			"rotation": {"angle": -22.5, "axis": "z", "origin": [-1.1, 12.55, 15.325]},
			"faces": {
				"north": {"uv": [0, 12.5, 0.875, 13.375], "texture": "#0"},
				"east": {"uv": [8.25, 12.5, 8.4375, 13.375], "texture": "#0"},
				"south": {"uv": [1, 12.5, 1.875, 13.375], "texture": "#0"},
				"west": {"uv": [8.25, 13.5, 8.4375, 14.375], "texture": "#0"},
				"up": {"uv": [13.375, 12.4375, 12.5, 12.25], "texture": "#0"},
				"down": {"uv": [15.125, 0.5, 14.25, 0.6875], "texture": "#0"}
			}
		},
		{
			"from": [3.18666, 13.26277, 14.175],
			"to": [4.68666, 14.86277, 14.975],
			"rotation": {"angle": 45, "axis": "z", "origin": [4.23666, 14.06277, 14.575]},
			"faces": {
				"north": {"uv": [9.5, 14.25, 9.875, 14.625], "texture": "#0"},
				"east": {"uv": [0, 14.75, 0.1875, 15.125], "texture": "#0"},
				"south": {"uv": [10, 14.25, 10.375, 14.625], "texture": "#0"},
				"west": {"uv": [14.75, 0, 14.9375, 0.375], "texture": "#0"},
				"up": {"uv": [14.875, 14.4375, 14.5, 14.25], "texture": "#0"},
				"down": {"uv": [0.625, 14.75, 0.25, 14.9375], "texture": "#0"}
			}
		},
		{
			"from": [11.33666, 5.21277, 14.175],
			"to": [12.53666, 6.31277, 14.975],
			"rotation": {"angle": 0, "axis": "y", "origin": [11.93666, 5.96277, 14.575]},
			"faces": {
				"north": {"uv": [12, 14.5, 12.3125, 14.75], "texture": "#0"},
				"east": {"uv": [12.5, 14.75, 12.6875, 15], "texture": "#0"},
				"south": {"uv": [12.5, 14.5, 12.8125, 14.75], "texture": "#0"},
				"west": {"uv": [14.75, 12.5, 14.9375, 12.75], "texture": "#0"},
				"up": {"uv": [9.8125, 14.9375, 9.5, 14.75], "texture": "#0"},
				"down": {"uv": [10.3125, 14.75, 10, 14.9375], "texture": "#0"}
			}
		},
		{
			"from": [-0.5039, 15.34328, 15.575],
			"to": [0.6961, 16.44328, 15.975],
			"rotation": {"angle": 0, "axis": "y", "origin": [1.1961, 18.09328, 15.575]},
			"faces": {
				"north": {"uv": [13, 14.5, 13.3125, 14.75], "texture": "#0"},
				"east": {"uv": [5.25, 15, 5.375, 15.25], "texture": "#0"},
				"south": {"uv": [14.5, 13, 14.8125, 13.25], "texture": "#0"},
				"west": {"uv": [5.5, 15, 5.625, 15.25], "texture": "#0"},
				"up": {"uv": [15.0625, 12.875, 14.75, 12.75], "texture": "#0"},
				"down": {"uv": [15.0625, 13.25, 14.75, 13.375], "texture": "#0"}
			}
		},
		{
			"from": [0.7461, 5.29328, 15.575],
			"to": [1.8461, 6.49328, 15.975],
			"rotation": {"angle": 0, "axis": "y", "origin": [1.2961, 5.89328, 15.775]},
			"faces": {
				"north": {"uv": [14.5, 13.25, 14.75, 13.5625], "texture": "#0"},
				"east": {"uv": [13.25, 14.75, 13.375, 15.0625], "texture": "#0"},
				"south": {"uv": [13.5, 14.5, 13.75, 14.8125], "texture": "#0"},
				"west": {"uv": [13.75, 14.75, 13.875, 15.0625], "texture": "#0"},
				"up": {"uv": [15.25, 5.625, 15, 5.5], "texture": "#0"},
				"down": {"uv": [15.25, 5.75, 15, 5.875], "texture": "#0"}
			}
		},
		{
			"from": [15.3961, 8.34328, 15.575],
			"to": [16.5961, 9.44328, 15.975],
			"rotation": {"angle": 45, "axis": "z", "origin": [17.0961, 7.89328, 15.775]},
			"faces": {
				"north": {"uv": [13.75, 14.5, 14.0625, 14.75], "texture": "#0"},
				"east": {"uv": [6.25, 15, 6.375, 15.25], "texture": "#0"},
				"south": {"uv": [14.5, 13.75, 14.8125, 14], "texture": "#0"},
				"west": {"uv": [15, 6.25, 15.125, 6.5], "texture": "#0"},
				"up": {"uv": [15.0625, 13.625, 14.75, 13.5], "texture": "#0"},
				"down": {"uv": [14.3125, 14.75, 14, 14.875], "texture": "#0"}
			}
		},
		{
			"from": [7.52288, 2.92596, 13.675],
			"to": [10.82288, 6.92596, 15.975],
			"rotation": {"angle": 0, "axis": "y", "origin": [8.77288, 5.32596, 13.975]},
			"faces": {
				"north": {"uv": [12.25, 5, 13.0625, 6], "texture": "#0"},
				"east": {"uv": [11.5, 13, 12.0625, 14], "texture": "#0"},
				"south": {"uv": [12.25, 6, 13.0625, 7], "texture": "#0"},
				"west": {"uv": [12.25, 13, 12.8125, 14], "texture": "#0"},
				"up": {"uv": [14.3125, 2.0625, 13.5, 1.5], "texture": "#0"},
				"down": {"uv": [14.3125, 2.25, 13.5, 2.8125], "texture": "#0"}
			}
		},
		{
			"from": [1.4, 4.3, 14.175],
			"to": [6.4, 9.9, 15.975],
			"rotation": {"angle": -22.5, "axis": "z", "origin": [8, 9.6, 15.475]},
			"faces": {
				"north": {"uv": [9, 9, 10.25, 10.375], "texture": "#0"},
				"east": {"uv": [3, 13, 3.4375, 14.375], "texture": "#0"},
				"south": {"uv": [10.25, 9, 11.5, 10.375], "texture": "#0"},
				"west": {"uv": [11, 13, 11.4375, 14.375], "texture": "#0"},
				"up": {"uv": [14.5, 5.9375, 13.25, 5.5], "texture": "#0"},
				"down": {"uv": [14.5, 6, 13.25, 6.4375], "texture": "#0"}
			}
		},
		{
			"from": [10, 9.4, 12.375],
			"to": [15.6, 13.9, 14.175],
			"rotation": {"angle": -22.5, "axis": "y", "origin": [8, 9.6, 15.475]},
			"faces": {
				"north": {"uv": [9, 10.5, 10.375, 11.625], "texture": "#0"},
				"east": {"uv": [13.25, 6.5, 13.6875, 7.625], "texture": "#0"},
				"south": {"uv": [10.5, 10.5, 11.875, 11.625], "texture": "#0"},
				"west": {"uv": [13.25, 7.75, 13.6875, 8.875], "texture": "#0"},
				"up": {"uv": [14.375, 10.4375, 13, 10], "texture": "#0"},
				"down": {"uv": [14.375, 10.5, 13, 10.9375], "texture": "#0"}
			}
		},
		{
			"from": [-5, 0.05, 5.975],
			"to": [21, 0.05, 15.975],
			"faces": {
				"north": {"uv": [0, 0, 6.5, 0], "texture": "#0"},
				"east": {"uv": [0, 0, 2.5, 0], "texture": "#0"},
				"south": {"uv": [0, 0, 6.5, 0], "texture": "#0"},
				"west": {"uv": [0, 0, 2.5, 0], "texture": "#0"},
				"up": {"uv": [13, 2.5, 6.5, 0], "texture": "#0"},
				"down": {"uv": [13, 2.5, 6.5, 5], "texture": "#0"}
			}
		},
		{
			"from": [11.4, 0.05, 10.875],
			"to": [14.4, 0.55, 14.175],
			"rotation": {"angle": -22.5, "axis": "y", "origin": [12.75, 0.3, 12.525]},
			"faces": {
				"north": {"uv": [5.75, 14.5, 6.5, 14.625], "texture": "#0"},
				"east": {"uv": [2, 14.5, 2.8125, 14.625], "texture": "#0"},
				"south": {"uv": [14.5, 6, 15.25, 6.125], "texture": "#0"},
				"west": {"uv": [14.5, 2.5, 15.3125, 2.625], "texture": "#0"},
				"up": {"uv": [13.75, 4.5625, 13, 3.75], "texture": "#0"},
				"down": {"uv": [5.75, 13, 5, 13.8125], "texture": "#0"}
			}
		},
		{
			"from": [11.7, 0.55, 11.675],
			"to": [13.8, 1.05, 13.875],
			"rotation": {"angle": 0, "axis": "y", "origin": [12.75, 0.3, 12.525]},
			"faces": {
				"north": {"uv": [14.75, 5.25, 15.25, 5.375], "texture": "#0"},
				"east": {"uv": [0.75, 14.75, 1.3125, 14.875], "texture": "#0"},
				"south": {"uv": [14.75, 7.5, 15.25, 7.625], "texture": "#0"},
				"west": {"uv": [1.5, 14.75, 2.0625, 14.875], "texture": "#0"},
				"up": {"uv": [13.5, 14.3125, 13, 13.75], "texture": "#0"},
				"down": {"uv": [14, 13.75, 13.5, 14.3125], "texture": "#0"}
			}
		},
		{
			"from": [9.6, 0.05, 12.475],
			"to": [10.9, 0.55, 14.375],
			"rotation": {"angle": 0, "axis": "y", "origin": [12.75, 0.3, 12.525]},
			"faces": {
				"north": {"uv": [14.5, 14.75, 14.8125, 14.875], "texture": "#0"},
				"east": {"uv": [14.75, 7.75, 15.25, 7.875], "texture": "#0"},
				"south": {"uv": [14.75, 14.5, 15.0625, 14.625], "texture": "#0"},
				"west": {"uv": [14.75, 8, 15.25, 8.125], "texture": "#0"},
				"up": {"uv": [14.5625, 8.75, 14.25, 8.25], "texture": "#0"},
				"down": {"uv": [14.5625, 8.75, 14.25, 9.25], "texture": "#0"}
			}
		},
		{
			"name": "centre",
			"from": [-0.0805, 17.241, 14.797],
			"to": [2.0045, 19.426, 15.167],
			"rotation": {"angle": 0, "axis": "y", "origin": [-0.868, 20.1135, 15.167]},
			"faces": {
				"north": {"uv": [14, 3, 14.5, 3.5625], "texture": "#0"},
				"east": {"uv": [1, 15, 1.0625, 15.5625], "texture": "#0"},
				"south": {"uv": [5, 14, 5.5, 14.5625], "texture": "#0", "cullface": "down"},
				"west": {"uv": [1.25, 15, 1.3125, 15.5625], "texture": "#0"},
				"up": {"uv": [7, 15.0625, 6.5, 15], "texture": "#0"},
				"down": {"uv": [15.5, 6.5, 15, 6.5625], "texture": "#0"}
			}
		},
		{
			"name": "centre",
			"from": [0.1195, 17.941, 12.497],
			"to": [1.3045, 19.126, 14.867],
			"rotation": {"angle": 0, "axis": "y", "origin": [-0.868, 20.1135, 14.867]},
			"faces": {
				"north": {"uv": [14.5, 2.75, 14.8125, 3.0625], "texture": "#0"},
				"east": {"uv": [14.25, 6.5, 14.8125, 6.8125], "texture": "#0"},
				"south": {"uv": [3, 14.5, 3.3125, 14.8125], "texture": "#0", "cullface": "down"},
				"west": {"uv": [14.25, 7, 14.8125, 7.3125], "texture": "#0"},
				"up": {"uv": [7.0625, 14.8125, 6.75, 14.25], "texture": "#0"},
				"down": {"uv": [14.5625, 7.5, 14.25, 8.0625], "texture": "#0"}
			}
		},
		{
			"name": "small1",
			"from": [-0.2755, 18.1385, 13.4845],
			"to": [0.5145, 18.9285, 14.867],
			"rotation": {"angle": 22.5, "axis": "y", "origin": [0.1195, 17.941, 14.867]},
			"faces": {
				"north": {"uv": [15, 0.25, 15.1875, 0.4375], "texture": "#0"},
				"east": {"uv": [14.75, 1.75, 15.125, 1.9375], "texture": "#0"},
				"south": {"uv": [1.5, 15, 1.6875, 15.1875], "texture": "#0", "cullface": "down"},
				"west": {"uv": [14.75, 2, 15.125, 2.1875], "texture": "#0"},
				"up": {"uv": [2.4375, 15.125, 2.25, 14.75], "texture": "#0"},
				"down": {"uv": [2.6875, 14.75, 2.5, 15.125], "texture": "#0"}
			}
		},
		{
			"name": "small2",
			"from": [0.317, 18.731, 13.287],
			"to": [1.107, 19.521, 14.867],
			"rotation": {"angle": 22.5, "axis": "x", "origin": [0.712, 19.126, 14.867]},
			"faces": {
				"north": {"uv": [15, 1.5, 15.1875, 1.6875], "texture": "#0"},
				"east": {"uv": [14.75, 2.25, 15.125, 2.4375], "texture": "#0"},
				"south": {"uv": [1.75, 15, 1.9375, 15.1875], "texture": "#0", "cullface": "down"},
				"west": {"uv": [3.5, 14.75, 3.875, 14.9375], "texture": "#0"},
				"up": {"uv": [2.9375, 15.125, 2.75, 14.75], "texture": "#0"},
				"down": {"uv": [14.9375, 3.75, 14.75, 4.125], "texture": "#0"}
			}
		},
		{
			"name": "small3",
			"from": [0.317, 17.546, 13.0895],
			"to": [1.107, 18.336, 14.867],
			"rotation": {"angle": -22.5, "axis": "x", "origin": [0.712, 17.941, 14.867]},
			"faces": {
				"north": {"uv": [2, 15, 2.1875, 15.1875], "texture": "#0"},
				"east": {"uv": [14.5, 9.75, 14.9375, 9.9375], "texture": "#0"},
				"south": {"uv": [15, 2.75, 15.1875, 2.9375], "texture": "#0", "cullface": "down"},
				"west": {"uv": [14.5, 10, 14.9375, 10.1875], "texture": "#0"},
				"up": {"uv": [14.6875, 10.6875, 14.5, 10.25], "texture": "#0"},
				"down": {"uv": [10.6875, 14.5, 10.5, 14.9375], "texture": "#0"}
			}
		},
		{
			"name": "small4",
			"from": [0.9095, 18.1385, 13.287],
			"to": [1.6995, 18.9285, 14.867],
			"rotation": {"angle": -22.5, "axis": "y", "origin": [1.3045, 17.941, 14.867]},
			"faces": {
				"north": {"uv": [3, 15, 3.1875, 15.1875], "texture": "#0"},
				"east": {"uv": [4, 14.75, 4.375, 14.9375], "texture": "#0"},
				"south": {"uv": [15, 3, 15.1875, 3.1875], "texture": "#0", "cullface": "down"},
				"west": {"uv": [14.75, 4.25, 15.125, 4.4375], "texture": "#0"},
				"up": {"uv": [14.9375, 4.875, 14.75, 4.5], "texture": "#0"},
				"down": {"uv": [5.1875, 14.75, 5, 15.125], "texture": "#0"}
			}
		},
		{
			"name": "centre",
			"from": [0.37877, 2.85686, 15.42742],
			"to": [2.39787, 4.87596, 16.06562],
			"rotation": {"angle": 22.5, "axis": "z", "origin": [1.38832, 3.86641, 15.74652]},
			"faces": {
				"north": {"uv": [1, 14.25, 1.5, 14.75], "texture": "#0"},
				"east": {"uv": [6.5, 14.5, 6.6875, 15], "texture": "#0"},
				"south": {"uv": [1.5, 14.25, 2, 14.75], "texture": "#0", "cullface": "down"},
				"west": {"uv": [8.25, 14.5, 8.4375, 15], "texture": "#0"},
				"up": {"uv": [15, 6.4375, 14.5, 6.25], "texture": "#0"},
				"down": {"uv": [15, 9.5, 14.5, 9.6875], "texture": "#0"}
			}
		},
		{
			"name": "centre",
			"from": [0.87877, 3.35686, 13.62742],
			"to": [1.89787, 4.37596, 15.36562],
			"rotation": {"angle": 0, "axis": "y", "origin": [0.02952, 2.50761, 15.36562]},
			"faces": {
				"north": {"uv": [6.25, 14.75, 6.5, 15], "texture": "#0"},
				"east": {"uv": [14.5, 1.25, 14.9375, 1.5], "texture": "#0"},
				"south": {"uv": [14.75, 8.25, 15, 8.5], "texture": "#0", "cullface": "down"},
				"west": {"uv": [14.5, 1.5, 14.9375, 1.75], "texture": "#0"},
				"up": {"uv": [6, 13.4375, 5.75, 13], "texture": "#0"},
				"down": {"uv": [2, 13.5, 1.75, 13.9375], "texture": "#0"}
			}
		},
		{
			"name": "small2",
			"from": [1.04862, 3.01716, 14.17667],
			"to": [1.72802, 3.69656, 15.36562],
			"rotation": {"angle": -22.5, "axis": "x", "origin": [1.89787, 3.35686, 15.36562]},
			"faces": {
				"north": {"uv": [3.25, 15, 3.4375, 15.1875], "texture": "#0"},
				"east": {"uv": [14.75, 10.25, 15.0625, 10.4375], "texture": "#0"},
				"south": {"uv": [15, 3.25, 15.1875, 3.4375], "texture": "#0", "cullface": "down"},
				"west": {"uv": [14.75, 10.5, 15.0625, 10.6875], "texture": "#0"},
				"up": {"uv": [10.9375, 15.0625, 10.75, 14.75], "texture": "#0"},
				"down": {"uv": [11.1875, 14.75, 11, 15.0625], "texture": "#0"}
			}
		},
		{
			"name": "small3",
			"from": [0.53907, 3.52671, 14.80682],
			"to": [1.21847, 4.20611, 15.36562],
			"rotation": {"angle": 22.5, "axis": "y", "origin": [0.87877, 3.86641, 15.36562]},
			"faces": {
				"north": {"uv": [3.5, 15, 3.6875, 15.1875], "texture": "#0"},
				"east": {"uv": [10, 15, 10.125, 15.1875], "texture": "#0"},
				"south": {"uv": [15, 3.5, 15.1875, 3.6875], "texture": "#0", "cullface": "down"},
				"west": {"uv": [15, 10, 15.125, 10.1875], "texture": "#0"},
				"up": {"uv": [10.4375, 15.125, 10.25, 15], "texture": "#0"},
				"down": {"uv": [10.6875, 15, 10.5, 15.125], "texture": "#0"}
			}
		},
		{
			"name": "small4",
			"from": [1.25817, 3.52671, 14.13697],
			"to": [2.03757, 4.20611, 15.36562],
			"rotation": {"angle": -22.5, "axis": "y", "origin": [1.89787, 3.86641, 15.36562]},
			"faces": {
				"north": {"uv": [3.75, 15, 3.9375, 15.1875], "texture": "#0"},
				"east": {"uv": [14.75, 11, 15.0625, 11.1875], "texture": "#0"},
				"south": {"uv": [15, 3.75, 15.1875, 3.9375], "texture": "#0", "cullface": "down"},
				"west": {"uv": [14.75, 11.25, 15.0625, 11.4375], "texture": "#0"},
				"up": {"uv": [12.1875, 15.0625, 12, 14.75], "texture": "#0"},
				"down": {"uv": [12.4375, 14.75, 12.25, 15.0625], "texture": "#0"}
			}
		},
		{
			"name": "small5",
			"from": [1.04862, 3.73626, 13.90682],
			"to": [1.72802, 4.51566, 15.36562],
			"rotation": {"angle": 22.5, "axis": "x", "origin": [1.89787, 4.37596, 15.36562]},
			"faces": {
				"north": {"uv": [4, 15, 4.1875, 15.1875], "texture": "#0"},
				"east": {"uv": [14.75, 5, 15.125, 5.1875], "texture": "#0"},
				"south": {"uv": [15, 4, 15.1875, 4.1875], "texture": "#0", "cullface": "down"},
				"west": {"uv": [5.25, 14.75, 5.625, 14.9375], "texture": "#0"},
				"up": {"uv": [5.9375, 15.125, 5.75, 14.75], "texture": "#0"},
				"down": {"uv": [6.1875, 14.75, 6, 15.125], "texture": "#0"}
			}
		},
		{
			"name": "centre",
			"from": [14.66365, 10.7787, 13.0379],
			"to": [15.49315, 11.6082, 14.6969],
			"rotation": {"angle": -22.5, "axis": "y", "origin": [13.9724, 12.29945, 14.6969]},
			"faces": {
				"north": {"uv": [4.25, 15, 4.4375, 15.1875], "texture": "#0"},
				"east": {"uv": [10.75, 14.5, 11.1875, 14.6875], "texture": "#0"},
				"south": {"uv": [4.5, 15, 4.6875, 15.1875], "texture": "#0", "cullface": "down"},
				"west": {"uv": [14.5, 10.75, 14.9375, 10.9375], "texture": "#0"},
				"up": {"uv": [14.6875, 11.4375, 14.5, 11], "texture": "#0"},
				"down": {"uv": [11.4375, 14.5, 11.25, 14.9375], "texture": "#0"}
			}
		},
		{
			"name": "centre",
			"from": [14.45365, 10.4287, 14.2979],
			"to": [15.70315, 11.8882, 14.6969],
			"rotation": {"angle": -22.5, "axis": "y", "origin": [13.9724, 12.29945, 14.6969]},
			"faces": {
				"north": {"uv": [14.25, 12.5, 14.5625, 12.875], "texture": "#0"},
				"east": {"uv": [12.75, 14.75, 12.875, 15.125], "texture": "#0"},
				"south": {"uv": [14.5, 0.75, 14.8125, 1.125], "texture": "#0", "cullface": "down"},
				"west": {"uv": [13, 14.75, 13.125, 15.125], "texture": "#0"},
				"up": {"uv": [15.3125, 0.125, 15, 0], "texture": "#0"},
				"down": {"uv": [0.5625, 15, 0.25, 15.125], "texture": "#0"}
			}
		},
		{
			"name": "small2",
			"from": [14.45715, 10.91695, 13.72915],
			"to": [15.01015, 11.46995, 14.6969],
			"rotation": {"angle": 0, "axis": "y", "origin": [14.66365, 10.7787, 14.6969]},
			"faces": {
				"north": {"uv": [15, 14, 15.125, 14.125], "texture": "#0"},
				"east": {"uv": [15, 6.75, 15.25, 6.875], "texture": "#0"},
				"south": {"uv": [14.25, 15, 14.375, 15.125], "texture": "#0", "cullface": "down"},
				"west": {"uv": [7, 15, 7.25, 15.125], "texture": "#0"},
				"up": {"uv": [15.125, 7.25, 15, 7], "texture": "#0"},
				"down": {"uv": [7.375, 15, 7.25, 15.25], "texture": "#0"}
			}
		},
		{
			"name": "small3",
			"from": [14.8019, 11.4717, 13.8909],
			"to": [15.3549, 12.0247, 14.9969],
			"rotation": {"angle": -22.5, "axis": "y", "origin": [15.0784, 11.6082, 14.6969]},
			"faces": {
				"north": {"uv": [15, 14.25, 15.125, 14.375], "texture": "#0"},
				"east": {"uv": [15, 7.25, 15.25, 7.375], "texture": "#0"},
				"south": {"uv": [14.5, 15, 14.625, 15.125], "texture": "#0", "cullface": "down"},
				"west": {"uv": [7.5, 15, 7.75, 15.125], "texture": "#0"},
				"up": {"uv": [7.875, 15.25, 7.75, 15], "texture": "#0"},
				"down": {"uv": [8.125, 15, 8, 15.25], "texture": "#0"}
			}
		},
		{
			"name": "small4",
			"from": [14.8019, 10.1522, 13.87265],
			"to": [15.3549, 10.7052, 14.7669],
			"rotation": {"angle": -22.5, "axis": "y", "origin": [15.0784, 10.7787, 14.6969]},
			"faces": {
				"north": {"uv": [14.75, 15, 14.875, 15.125], "texture": "#0"},
				"east": {"uv": [8.25, 15, 8.5, 15.125], "texture": "#0"},
				"south": {"uv": [15, 14.75, 15.125, 14.875], "texture": "#0", "cullface": "down"},
				"west": {"uv": [15, 8.25, 15.25, 8.375], "texture": "#0"},
				"up": {"uv": [8.625, 15.25, 8.5, 15], "texture": "#0"},
				"down": {"uv": [15.125, 8.5, 15, 8.75], "texture": "#0"}
			}
		},
		{
			"name": "small5",
			"from": [15.42665, 10.91695, 13.8709],
			"to": [15.97965, 11.46995, 14.9769],
			"rotation": {"angle": -45, "axis": "y", "origin": [15.49315, 10.7787, 14.6969]},
			"faces": {
				"north": {"uv": [15, 15, 15.125, 15.125], "texture": "#0"},
				"east": {"uv": [8.75, 15, 9, 15.125], "texture": "#0"},
				"south": {"uv": [0, 15.25, 0.125, 15.375], "texture": "#0", "cullface": "down"},
				"west": {"uv": [15, 8.75, 15.25, 8.875], "texture": "#0"},
				"up": {"uv": [9.125, 15.25, 9, 15], "texture": "#0"},
				"down": {"uv": [15.125, 9, 15, 9.25], "texture": "#0"}
			}
		},
		{
			"name": "centre",
			"from": [12.235, 1.3, 12.435],
			"to": [13.165, 2.23, 13.365],
			"rotation": {"angle": 0, "axis": "y", "origin": [10.22, 1.3, 10.42]},
			"faces": {
				"north": {"uv": [8.5, 14.75, 8.75, 15], "texture": "#0"},
				"east": {"uv": [14.75, 8.5, 15, 8.75], "texture": "#0"},
				"south": {"uv": [8.75, 14.75, 9, 15], "texture": "#0"},
				"west": {"uv": [14.75, 8.75, 15, 9], "texture": "#0"},
				"up": {"uv": [15, 9.25, 14.75, 9], "texture": "#0"},
				"down": {"uv": [15, 9.25, 14.75, 9.5], "texture": "#0", "cullface": "down"}
			}
		},
		{
			"name": "centre",
			"from": [12.035, 1, 12.235],
			"to": [13.365, 1.33, 13.565],
			"rotation": {"angle": 0, "axis": "y", "origin": [10.22, 1.3, 10.42]},
			"faces": {
				"north": {"uv": [15, 10.75, 15.3125, 10.8125], "texture": "#0"},
				"east": {"uv": [15, 11.5, 15.3125, 11.5625], "texture": "#0"},
				"south": {"uv": [15, 11.75, 15.3125, 11.8125], "texture": "#0"},
				"west": {"uv": [15, 12, 15.3125, 12.0625], "texture": "#0"},
				"up": {"uv": [14.8125, 3.5625, 14.5, 3.25], "texture": "#0"},
				"down": {"uv": [14.8125, 5.5, 14.5, 5.8125], "texture": "#0", "cullface": "down"}
			}
		},
		{
			"name": "small1",
			"from": [11.77, 0.99, 12.59],
			"to": [12.39, 1.61, 13.21],
			"rotation": {"angle": 22.5, "axis": "z", "origin": [11.77, 1.3, 13.83]},
			"faces": {
				"north": {"uv": [0.25, 15.25, 0.375, 15.375], "texture": "#0"},
				"east": {"uv": [15.25, 0.25, 15.375, 0.375], "texture": "#0"},
				"south": {"uv": [0.5, 15.25, 0.625, 15.375], "texture": "#0"},
				"west": {"uv": [15.25, 0.5, 15.375, 0.625], "texture": "#0"},
				"up": {"uv": [15.375, 0.875, 15.25, 0.75], "texture": "#0"},
				"down": {"uv": [15.375, 1, 15.25, 1.125], "texture": "#0", "cullface": "down"}
			}
		},
		{
			"name": "small2",
			"from": [12.39, 0.99, 12.125],
			"to": [13.01, 1.92, 12.745],
			"rotation": {"angle": -22.5, "axis": "x", "origin": [12.7, 1.3, 11.97]},
			"faces": {
				"north": {"uv": [9.25, 15, 9.375, 15.25], "texture": "#0"},
				"east": {"uv": [15, 9.25, 15.125, 9.5], "texture": "#0"},
				"west": {"uv": [9.5, 15, 9.625, 15.25], "texture": "#0"},
				"up": {"uv": [15.375, 1.375, 15.25, 1.25], "texture": "#0"},
				"down": {"uv": [1.625, 15.25, 1.5, 15.375], "texture": "#0", "cullface": "down"}
			}
		},
		{
			"name": "small3",
			"from": [12.39, 0.99, 13.055],
			"to": [13.01, 1.92, 13.675],
			"rotation": {"angle": 22.5, "axis": "x", "origin": [12.7, 1.3, 13.83]},
			"faces": {
				"east": {"uv": [15, 9.5, 15.125, 9.75], "texture": "#0"},
				"south": {"uv": [9.75, 15, 9.875, 15.25], "texture": "#0"},
				"west": {"uv": [15, 9.75, 15.125, 10], "texture": "#0"},
				"up": {"uv": [15.375, 1.625, 15.25, 1.5], "texture": "#0"},
				"down": {"uv": [1.875, 15.25, 1.75, 15.375], "texture": "#0", "cullface": "down"}
			}
		},
		{
			"name": "small4",
			"from": [13.01, 0.99, 12.59],
			"to": [13.63, 1.61, 13.21],
			"rotation": {"angle": -22.5, "axis": "z", "origin": [13.63, 1.3, 13.83]},
			"faces": {
				"north": {"uv": [15.25, 1.75, 15.375, 1.875], "texture": "#0"},
				"east": {"uv": [2, 15.25, 2.125, 15.375], "texture": "#0"},
				"south": {"uv": [15.25, 2, 15.375, 2.125], "texture": "#0"},
				"west": {"uv": [2.25, 15.25, 2.375, 15.375], "texture": "#0"},
				"up": {"uv": [15.375, 2.375, 15.25, 2.25], "texture": "#0"},
				"down": {"uv": [2.625, 15.25, 2.5, 15.375], "texture": "#0", "cullface": "down"}
			}
		}
	],
	"display": {
		"thirdperson_righthand": {
			"translation": [-3.25, -7.25, 0],
			"scale": [2.1, 2.1, 2.1]
		},
		"firstperson_righthand": {
			"rotation": [27, 129, -22],
			"translation": [1.25, 0.75, 0],
			"scale": [0.67, 0.8, 0.8]
		},
		"firstperson_lefthand": {
			"rotation": [27, 129, -22],
			"translation": [1.25, 0.75, 0],
			"scale": [0.67, 0.8, 0.8]
		},
		"ground": {
			"translation": [1, 5, -4.25]
		},
		"gui": {
			"rotation": [27, 170, 0],
			"translation": [-1.75, -2.75, 0],
			"scale": [0.7, 0.7, 0.7]
		},
		"head": {
			"translation": [0, 0, -6.75]
		},
		"fixed": {
			"translation": [1, -2.5, -7.5]
		}
	},
	"groups": [
		{
			"name": "group",
			"origin": [8, 8, 8],
			"color": 0,
			"children": [
				{
					"name": "group",
					"origin": [8.03594, 8, 8],
					"color": 0,
					"children": [
						{
							"name": "head",
							"origin": [8.03594, 24, 8],
							"color": 0,
							"children": [
								0,
								{
									"name": "nose",
									"origin": [8.03594, 26, 8],
									"color": 0,
									"children": [1]
								}
							]
						},
						{
							"name": "group",
							"origin": [9.42639, 11.17661, 11.56398],
							"color": 0,
							"children": [2, 3, 4, 5, 6, 7]
						},
						{
							"name": "body",
							"origin": [8.03594, 0, 8],
							"color": 0,
							"children": [8, 9, 10]
						},
						{
							"name": "arms",
							"origin": [8.03594, 22, 8],
							"color": 0,
							"children": [11, 12, 13]
						},
						{
							"name": "LeftLeg",
							"origin": [6.03594, 12, 8],
							"color": 0,
							"children": [14]
						},
						{
							"name": "LeftLeg",
							"origin": [6.03594, 12, 8],
							"color": 0,
							"children": [15]
						}
					]
				},
				{
					"name": "group",
					"origin": [0, 0, 0],
					"color": 0,
					"children": [
						16,
						17,
						18,
						19,
						20,
						21,
						22,
						23,
						24,
						25,
						26,
						27,
						28,
						29,
						30,
						31,
						32,
						33,
						34,
						35,
						{
							"name": "group",
							"origin": [8, 8, 8],
							"color": 0,
							"children": [36, 37, 38, 39, 40, 41]
						},
						{
							"name": "group",
							"origin": [8, 8, 8],
							"color": 0,
							"children": [42, 43, 44, 45, 46]
						},
						{
							"name": "group",
							"origin": [8, 8, 8],
							"color": 0,
							"children": [47, 48, 49, 50, 51, 52]
						},
						{
							"name": "group",
							"origin": [8, 8, 8],
							"color": 0,
							"children": [53, 54, 55, 56, 57, 58]
						}
					]
				}
			]
		}
	]
}
