{
	"credit": "Made with Blockbench",
	"textures": {
		"1": "kello:item/decal/falling_platform/chapter_1/xtra",
		"2": "kello:item/decal/falling_platform/chapter_1/0",
		"particle": "kello:item/decal/falling_platform/chapter_1/xtra"
	},
	"elements": [
		{
			"from": [-0.24, -0.48, -0.24],
			"to": [16.24, 16, 16.24],
			"rotation": {"angle": 0, "axis": "y", "origin": [8, 7.76, 8]},
			"faces": {
				"north": {"uv": [8, 8, 0, 16], "rotation": 180, "texture": "#2", "tintindex": 0},
				"east": {"uv": [0, 0, 8, 8], "texture": "#2", "tintindex": 0},
				"south": {"uv": [8, 0, 16, 8], "texture": "#2", "tintindex": 0},
				"west": {"uv": [0, 8, 8, 16], "texture": "#2", "tintindex": 0},
				"up": {"uv": [0, 0, 8, 8], "rotation": 90, "texture": "#2", "tintindex": 0},
				"down": {"uv": [8, 8, 16, 16], "rotation": 90, "texture": "#2", "tintindex": 0}
			}
		},
		{
			"name": "cube_outline",
			"from": [17.24, 17, 17.24],
			"to": [-1.24, -1.48, -1.24],
			"rotation": {"angle": 0, "axis": "y", "origin": [8, 7.76, 8]},
			"faces": {
				"north": {"uv": [15.5, 15, 16, 16], "rotation": 180, "texture": "#1"},
				"east": {"uv": [15.5, 15, 16, 16], "rotation": 180, "texture": "#1"},
				"south": {"uv": [15.5, 15, 16, 16], "rotation": 180, "texture": "#1"},
				"west": {"uv": [15.5, 15, 16, 16], "rotation": 180, "texture": "#1"},
				"up": {"uv": [15.5, 15.5, 16, 16], "rotation": 180, "texture": "#1"},
				"down": {"uv": [15.5, 15, 16, 15.5], "rotation": 180, "texture": "#1"}
			}
		}
	],
	"display": {
		"head": {
			"rotation": [0, 180, 0]
		}
	}
}