{
	"credit": "Made with Blockbench",
	"textures": {
		"0": "masp005:item/barricade",
		"particle": "masp005:item/barricade"
	},
	"elements": [
		{
			"from": [0, 8, 7],
			"to": [16, 11, 9],
			"faces": {
				"north": {"uv": [0, 1, 16, 4], "texture": "#0"},
				"east": {"uv": [0, 0, 1, 2], "texture": "#0"},
				"south": {"uv": [0, 1, 16, 4], "texture": "#0"},
				"west": {"uv": [0, 0, 1, 2], "texture": "#0"},
				"up": {"uv": [16, 1.5, 0, 3.5], "texture": "#0"},
				"down": {"uv": [16, 1.5, 0, 3.5], "texture": "#0"}
			}
		},
		{
			"from": [1, 5, 7.5],
			"to": [3, 8, 8.5],
			"faces": {
				"north": {"uv": [0, 9.06897, 4, 4], "texture": "#0"},
				"east": {"uv": [0, 4, 2, 9.06897], "texture": "#0"},
				"south": {"uv": [0, 9.06897, 4, 4], "texture": "#0"},
				"west": {"uv": [0, 4, 2, 9.06897], "texture": "#0"},
				"up": {"uv": [4, 5.68966, 0, 4], "texture": "#0"},
				"down": {"uv": [4, 5.68966, 0, 4], "texture": "#0"}
			}
		},
		{
			"from": [3, 5, 7.7],
			"to": [13, 6, 8.3],
			"faces": {
				"north": {"uv": [0, 5, 10, 4], "texture": "#0"},
				"east": {"uv": [0, 4, 1, 5], "texture": "#0"},
				"south": {"uv": [0, 5, 10, 4], "texture": "#0"},
				"west": {"uv": [0, 4, 1, 5], "texture": "#0"},
				"up": {"uv": [10, 5, 0, 4], "texture": "#0"},
				"down": {"uv": [10, 5, 0, 4], "texture": "#0"}
			}
		},
		{
			"from": [13, 5, 7.5],
			"to": [15, 8, 8.5],
			"faces": {
				"north": {"uv": [0, 9.06897, 4, 4], "texture": "#0"},
				"east": {"uv": [0, 4, 2, 9.06897], "texture": "#0"},
				"south": {"uv": [0, 9.06897, 4, 4], "texture": "#0"},
				"west": {"uv": [0, 4, 2, 9.06897], "texture": "#0"},
				"up": {"uv": [4, 5.68966, 0, 4], "texture": "#0"},
				"down": {"uv": [4, 5.68966, 0, 4], "texture": "#0"}
			}
		},
		{
			"from": [1, -0.3, 7.8],
			"to": [3, 5.5, 8.5],
			"rotation": {"angle": -22.5, "axis": "x", "origin": [2, 5.5, 8]},
			"faces": {
				"north": {"uv": [0, 13.8, 4, 4], "texture": "#0"},
				"east": {"uv": [0, 4, 2, 13.8], "texture": "#0"},
				"south": {"uv": [0, 13.8, 4, 4], "texture": "#0"},
				"west": {"uv": [0, 4, 2, 13.8], "texture": "#0"},
				"up": {"uv": [4, 5.68966, 0, 4], "texture": "#0"},
				"down": {"uv": [4, 5.68966, 0, 4], "texture": "#0"}
			}
		},
		{
			"from": [1, -0.3, 7.5],
			"to": [3, 5.5, 8.2],
			"rotation": {"angle": 22.5, "axis": "x", "origin": [2, 5.5, 8]},
			"faces": {
				"north": {"uv": [0, 13.8, 4, 4], "texture": "#0"},
				"east": {"uv": [0, 4, 2, 13.8], "texture": "#0"},
				"south": {"uv": [0, 13.8, 4, 4], "texture": "#0"},
				"west": {"uv": [0, 4, 2, 13.8], "texture": "#0"},
				"up": {"uv": [4, 5.68966, 0, 4], "texture": "#0"},
				"down": {"uv": [4, 5.68966, 0, 4], "texture": "#0"}
			}
		},
		{
			"from": [13, -0.3, 7.5],
			"to": [15, 5.5, 8.2],
			"rotation": {"angle": 22.5, "axis": "x", "origin": [14, 5.5, 8]},
			"faces": {
				"north": {"uv": [0, 13.8, 4, 4], "texture": "#0"},
				"east": {"uv": [0, 4, 2, 13.8], "texture": "#0"},
				"south": {"uv": [0, 13.8, 4, 4], "texture": "#0"},
				"west": {"uv": [0, 4, 2, 13.8], "texture": "#0"},
				"up": {"uv": [4, 5.68966, 0, 4], "texture": "#0"},
				"down": {"uv": [4, 5.68966, 0, 4], "texture": "#0"}
			}
		},
		{
			"from": [13, -0.3, 7.8],
			"to": [15, 5.5, 8.5],
			"rotation": {"angle": -22.5, "axis": "x", "origin": [14, 5.5, 8]},
			"faces": {
				"north": {"uv": [0, 13.8, 4, 4], "texture": "#0"},
				"east": {"uv": [0, 4, 2, 13.8], "texture": "#0"},
				"south": {"uv": [0, 13.8, 4, 4], "texture": "#0"},
				"west": {"uv": [0, 4, 2, 13.8], "texture": "#0"},
				"up": {"uv": [4, 5.68966, 0, 4], "texture": "#0"},
				"down": {"uv": [4, 5.68966, 0, 4], "texture": "#0"}
			}
		}
	],
	"display": {
		"fixed": {
			"rotation": [-90, 0, 0],
			"translation": [0, 0, -22.5],
			"scale": [2.8, 2.8, 2.8]
		}
	}
}