{
	"credit": "Made with Blockbench",
	"texture_size": [32, 32],
	"textures": {
		"0": "masp005:item/carboard",
		"particle": "masp005:item/carboard"
	},
	"elements": [
		{
			"from": [1, 1, 0],
			"to": [16, 16, 1],
			"faces": {
				"north": {"uv": [2, 0, 9.5, 7.5], "rotation": 270, "texture": "#0"},
				"east": {"uv": [0, 0, 0.5, 7.5], "texture": "#0"},
				"south": {"uv": [0, 0, 7.5, 7.5], "texture": "#0"},
				"up": {"uv": [0, 0, 7.5, 0.5], "texture": "#0"}
			}
		},
		{
			"from": [7, 6, -0.1],
			"to": [15, 10, 0.9],
			"rotation": {"angle": 22.5, "axis": "z", "origin": [6, 9, 0.4]},
			"faces": {
				"north": {"uv": [0, 10.5, 11.5, 16], "texture": "#0"},
				"east": {"uv": [0, 0, 0.5, 4.5], "texture": "#0"},
				"south": {"uv": [0, 0, 7.5, 4.5], "texture": "#0"},
				"up": {"uv": [0, 0, 7.5, 0.5], "texture": "#0"}
			}
		},
		{
			"from": [4, 2, 3],
			"to": [13, 6, 12],
			"rotation": {"angle": -22.5, "axis": "y", "origin": [6.5, 5, 7.5]},
			"faces": {
				"north": {"uv": [11.5, 8, 16, 10], "texture": "#0"},
				"east": {"uv": [11.5, 8, 16, 10], "texture": "#0"},
				"south": {"uv": [11.5, 8, 16, 10], "texture": "#0"},
				"west": {"uv": [11.5, 8, 16, 10], "texture": "#0"},
				"up": {"uv": [11.5, 8, 16, 12.5], "texture": "#0"},
				"down": {"uv": [11.5, 8, 16, 12.5], "texture": "#0"}
			}
		},
		{
			"from": [6, 6, 8],
			"to": [11, 11, 12],
			"rotation": {"angle": 0, "axis": "y", "origin": [6.5, 5, 7.5]},
			"faces": {
				"north": {"uv": [9, 8, 11.5, 10.5], "texture": "#0"},
				"east": {"uv": [9, 8, 11, 10.5], "texture": "#0"},
				"south": {"uv": [9, 8, 11.5, 10.5], "texture": "#0"},
				"west": {"uv": [9, 8, 11, 10.5], "texture": "#0"},
				"up": {"uv": [9, 8, 11, 10.5], "rotation": 90, "texture": "#0"},
				"down": {"uv": [9, 8, 11, 10.5], "rotation": 270, "texture": "#0"}
			}
		},
		{
			"name": "floor",
			"from": [0, 0, 0],
			"to": [16, 1, 16],
			"faces": {
				"north": {"uv": [0.25, 0.25, 8.25, 0.75], "texture": "#0"},
				"east": {"uv": [0.25, 0.25, 8.25, 0.75], "texture": "#0"},
				"south": {"uv": [0.25, 0.25, 8.25, 0.75], "texture": "#0"},
				"west": {"uv": [0.25, 0.25, 8.25, 0.75], "texture": "#0"},
				"up": {"uv": [0.25, 0.25, 8.25, 8.25], "texture": "#0"},
				"down": {"uv": [0.25, 0.25, 8.25, 8.25], "texture": "#0"}
			}
		},
		{
			"from": [0, 1, 0],
			"to": [1, 16, 15],
			"faces": {
				"north": {"uv": [0, 0, 0.5, 7.5], "texture": "#0"},
				"east": {"uv": [0, 0, 7.5, 7.5], "texture": "#0"},
				"west": {"uv": [3.2, 0.05, 10.7, 7.55], "rotation": 270, "texture": "#0"},
				"up": {"uv": [0, 0, 0.5, 7.5], "texture": "#0"}
			}
		},
		{
			"name": "open 2",
			"from": [0.25, 15.15, 0.1],
			"to": [7.85, 16.15, 15.9],
			"rotation": {"angle": 22.5, "axis": "z", "origin": [0.5, 15.5, 7.5]},
			"faces": {
				"north": {"uv": [8, 0, 8.5, 3.8], "rotation": 90, "texture": "#0"},
				"east": {"uv": [0, 8, 7.9, 8.5], "rotation": 180, "texture": "#0"},
				"south": {"uv": [8, 0, 8.5, 3.8], "rotation": 270, "texture": "#0"},
				"up": {"uv": [12.2, 0, 16, 7.9], "rotation": 180, "texture": "#0"},
				"down": {"uv": [0, 0, 7.9, 3.8], "rotation": 270, "texture": "#0"}
			}
		},
		{
			"name": "open 1",
			"from": [7.95, 15.2, 0.1],
			"to": [15.55, 16.2, 15.9],
			"rotation": {"angle": -45, "axis": "z", "origin": [15.5, 15.5, 7.5]},
			"faces": {
				"north": {"uv": [8, 0, 8.5, 3.9], "rotation": 270, "texture": "#0"},
				"south": {"uv": [8, 0.1, 8.5, 3.9], "rotation": 90, "texture": "#0"},
				"west": {"uv": [0, 8, 7.9, 8.5], "rotation": 180, "texture": "#0"},
				"up": {"uv": [12.1, 0, 15.9, 7.9], "texture": "#0"},
				"down": {"uv": [0, 0, 7.9, 3.8], "rotation": 90, "texture": "#0"}
			}
		},
		{
			"from": [0, 1, 15],
			"to": [15, 16, 16],
			"faces": {
				"north": {"uv": [0, 0, 7.5, 7.5], "texture": "#0"},
				"south": {"uv": [3, 0, 10.5, 7.5], "rotation": 270, "texture": "#0"},
				"west": {"uv": [0, 0, 0.5, 7.5], "texture": "#0"},
				"up": {"uv": [0, 0, 7.5, 0.5], "texture": "#0"}
			}
		},
		{
			"from": [15, 1, 1],
			"to": [16, 16, 16],
			"faces": {
				"east": {"uv": [2.5, 0, 10, 7.5], "rotation": 270, "texture": "#0"},
				"south": {"uv": [0, 0, 0.5, 7.5], "texture": "#0"},
				"west": {"uv": [0, 0, 7.5, 7.5], "texture": "#0"},
				"up": {"uv": [0, 0, 0.5, 7.5], "texture": "#0"}
			}
		}
	]
}