{
	"textures": {
		"4": "kello:item/decal/checkpoint_flag/dead"
	},
	"elements": [
		{
			"from": [
				7.470222649968379,
				7.470222649968379,
				7.470222649968379
			],
			"to": [
				8.52977735003162,
				29.72087135129646,
				8.52977735003162
			],
			"rotation": {
				"angle": 0,
				"axis": "y",
				"origin": [
					8,
					8.52977735003162,
					8
				]
			},
			"faces": {
				"north": {
					"uv": [
						3.5,
						0,
						4,
						10.5
					],
					"texture": "#4"
				},
				"east": {
					"uv": [
						4,
						0,
						4.5,
						10.5
					],
					"texture": "#4"
				},
				"south": {
					"uv": [
						4.5,
						0,
						5,
						10.5
					],
					"texture": "#4"
				},
				"west": {
					"uv": [
						5,
						0,
						5.5,
						10.5
					],
					"texture": "#4"
				},
				"up": {
					"uv": [
						6.25,
						1,
						5.75,
						0.5
					],
					"texture": "#4"
				},
				"down": {
					"uv": [
						6.25,
						1,
						5.75,
						1.5
					],
					"texture": "#4"
				}
			}
		},
		{
			"from": [
				8.52977735003162,
				21.880166570828468,
				8.105955470006323
			],
			"to": [
				10.119109400126483,
				23.469498620923332,
				8.105955470006323
			],
			"rotation": {
				"angle": -22.5,
				"axis": "z",
				"origin": [
					8.794666025047432,
					22.14505524584428,
					8
				]
			},
			"faces": {
				"north": {
					"uv": [
						6.5,
						0,
						7.25,
						0.75
					],
					"texture": "#4"
				},
				"east": {
					"uv": [
						0,
						0,
						0,
						0
					],
					"texture": "#4"
				},
				"south": {
					"uv": [
						7.25,
						0,
						6.5,
						0.75
					],
					"texture": "#4"
				},
				"west": {
					"uv": [
						0,
						0,
						0,
						0
					],
					"texture": "#4"
				},
				"up": {
					"uv": [
						0,
						0,
						0,
						0
					],
					"texture": "#4"
				},
				"down": {
					"uv": [
						0,
						0,
						0,
						0
					],
					"texture": "#4"
				}
			}
		},
		{
			"from": [
				8.52977735003162,
				20.34381225573677,
				8
			],
			"to": [
				10.119109400126483,
				21.933144305831632,
				8
			],
			"rotation": {
				"angle": 22.5,
				"axis": "z",
				"origin": [
					8.794666025047432,
					21.774211100822143,
					8
				]
			},
			"faces": {
				"north": {
					"uv": [
						7.25,
						0,
						8,
						0.75
					],
					"rotation": 270,
					"texture": "#4"
				},
				"east": {
					"uv": [
						0,
						0,
						0,
						0
					],
					"rotation": 90,
					"texture": "#4"
				},
				"south": {
					"uv": [
						8,
						0,
						7.25,
						0.75
					],
					"rotation": 270,
					"texture": "#4"
				},
				"west": {
					"uv": [
						0,
						0,
						0,
						0
					],
					"rotation": 90,
					"texture": "#4"
				},
				"up": {
					"uv": [
						0,
						0,
						0,
						0
					],
					"rotation": 90,
					"texture": "#4"
				},
				"down": {
					"uv": [
						0,
						0,
						0,
						0
					],
					"rotation": 90,
					"texture": "#4"
				}
			}
		},
		{
			"from": [
				8.52977735003162,
				27.38985101115733,
				8
			],
			"to": [
				10.119109400126483,
				28.97918306125219,
				8
			],
			"rotation": {
				"angle": 22.5,
				"axis": "z",
				"origin": [
					8.794666025047432,
					28.820249856242704,
					8
				]
			},
			"faces": {
				"north": {
					"uv": [
						6.5,
						0.75,
						7.25,
						1.5
					],
					"rotation": 270,
					"texture": "#4"
				},
				"east": {
					"uv": [
						0,
						0,
						0,
						0
					],
					"rotation": 90,
					"texture": "#4"
				},
				"south": {
					"uv": [
						7.25,
						0.75,
						6.5,
						1.5
					],
					"rotation": 270,
					"texture": "#4"
				},
				"west": {
					"uv": [
						0,
						0,
						0,
						0
					],
					"rotation": 90,
					"texture": "#4"
				},
				"up": {
					"uv": [
						0,
						0,
						0,
						0
					],
					"rotation": 90,
					"texture": "#4"
				},
				"down": {
					"uv": [
						0,
						0,
						0,
						0
					],
					"rotation": 90,
					"texture": "#4"
				}
			}
		},
		{
			"from": [
				8.52977735003162,
				28.92620532624903,
				8.105955470006323
			],
			"to": [
				10.119109400126483,
				30.51553737634389,
				8.105955470006323
			],
			"rotation": {
				"angle": -22.5,
				"axis": "z",
				"origin": [
					8.794666025047432,
					29.191094001264837,
					8
				]
			},
			"faces": {
				"north": {
					"uv": [
						7.25,
						0,
						8,
						0.75
					],
					"texture": "#4"
				},
				"east": {
					"uv": [
						0,
						0,
						0,
						0
					],
					"texture": "#4"
				},
				"south": {
					"uv": [
						8,
						0,
						7.25,
						0.75
					],
					"texture": "#4"
				},
				"west": {
					"uv": [
						0,
						0,
						0,
						0
					],
					"texture": "#4"
				},
				"up": {
					"uv": [
						0,
						0,
						0,
						0
					],
					"texture": "#4"
				},
				"down": {
					"uv": [
						0,
						0,
						0,
						0
					],
					"texture": "#4"
				}
			}
		},
		{
			"from": [
				6.801484701023464,
				12.23387462598271,
				7.133247170933766
			],
			"to": [
				8.885856600308374,
				14.318246525267618,
				7.133247170933766
			],
			"rotation": {
				"angle": 45,
				"axis": "x",
				"origin": [
					7.84367329955267,
					14.318246525267618,
					7.133247170933766
				]
			},
			"faces": {
				"north": {
					"uv": [
						13,
						16,
						13.979411764705883,
						14.994444444444444
					],
					"rotation": 270,
					"texture": "#4",
					"tintindex": 0
				},
				"east": {
					"uv": [
						13,
						11.994444444444444,
						13,
						11.994444444444444
					],
					"rotation": 270,
					"texture": "#4"
				},
				"south": {
					"uv": [
						13.979411764705883,
						16,
						13,
						14.994444444444444
					],
					"rotation": 90,
					"texture": "#4",
					"tintindex": 0
				},
				"west": {
					"uv": [
						13,
						11.994444444444444,
						13,
						11.994444444444444
					],
					"rotation": 90,
					"texture": "#4"
				},
				"up": {
					"uv": [
						13,
						11.994444444444444,
						13,
						11.994444444444444
					],
					"rotation": 180,
					"texture": "#4"
				},
				"down": {
					"uv": [
						13,
						11.994444444444444,
						13,
						11.994444444444444
					],
					"texture": "#4"
				}
			}
		},
		{
			"from": [
				5.759301400267759,
				13.276063224511912,
				7.133247170933766
			],
			"to": [
				7.84367329955267,
				15.360429826023323,
				7.133247170933766
			],
			"rotation": {
				"angle": -45,
				"axis": "y",
				"origin": [
					7.84367329955267,
					14.318246525267618,
					7.133247170933766
				]
			},
			"faces": {
				"north": {
					"uv": [
						13.979411764705883,
						14.994444444444444,
						13,
						16
					],
					"texture": "#4",
					"tintindex": 0
				},
				"east": {
					"uv": [
						13,
						11.994444444444444,
						13,
						11.994444444444444
					],
					"rotation": 270,
					"texture": "#4"
				},
				"south": {
					"uv": [
						13.979411764705883,
						16,
						13,
						14.994444444444444
					],
					"rotation": 180,
					"texture": "#4",
					"tintindex": 0
				},
				"west": {
					"uv": [
						13,
						11.994444444444444,
						13,
						11.994444444444444
					],
					"rotation": 90,
					"texture": "#4"
				},
				"up": {
					"uv": [
						13,
						11.994444444444444,
						13,
						11.994444444444444
					],
					"rotation": 180,
					"texture": "#4"
				},
				"down": {
					"uv": [
						13,
						11.994444444444444,
						13,
						11.994444444444444
					],
					"texture": "#4"
				}
			}
		},
		{
			"from": [
				6.801484701023464,
				14.318246525267618,
				7.133247170933766
			],
			"to": [
				8.885856600308374,
				16.40261842455253,
				7.133247170933766
			],
			"rotation": {
				"angle": -45,
				"axis": "x",
				"origin": [
					7.84367329955267,
					14.318246525267618,
					7.133247170933766
				]
			},
			"faces": {
				"north": {
					"uv": [
						13.979411764705883,
						14.994444444444444,
						13,
						16
					],
					"rotation": 270,
					"texture": "#4",
					"tintindex": 0
				},
				"east": {
					"uv": [
						13,
						11.994444444444444,
						13,
						11.994444444444444
					],
					"rotation": 270,
					"texture": "#4"
				},
				"south": {
					"uv": [
						13.979411764705883,
						16,
						13,
						14.994444444444444
					],
					"rotation": 270,
					"texture": "#4",
					"tintindex": 0
				},
				"west": {
					"uv": [
						13,
						11.994444444444444,
						13,
						11.994444444444444
					],
					"rotation": 90,
					"texture": "#4"
				},
				"up": {
					"uv": [
						13,
						11.994444444444444,
						13,
						11.994444444444444
					],
					"rotation": 180,
					"texture": "#4"
				},
				"down": {
					"uv": [
						13,
						11.994444444444444,
						13,
						11.994444444444444
					],
					"texture": "#4"
				}
			}
		},
		{
			"from": [
				7.84367329955267,
				13.276063224511912,
				7.133247170933766
			],
			"to": [
				9.928039901064079,
				15.360429826023323,
				7.133247170933766
			],
			"rotation": {
				"angle": 45,
				"axis": "y",
				"origin": [
					7.84367329955267,
					14.318246525267618,
					7.133247170933766
				]
			},
			"faces": {
				"north": {
					"uv": [
						13,
						16,
						13.979411764705883,
						14.994444444444444
					],
					"texture": "#4",
					"tintindex": 0
				},
				"east": {
					"uv": [
						13,
						11.994444444444444,
						13,
						11.994444444444444
					],
					"rotation": 270,
					"texture": "#4"
				},
				"south": {
					"uv": [
						13,
						14.994444444444444,
						13.979411764705883,
						16
					],
					"rotation": 180,
					"texture": "#4",
					"tintindex": 0
				},
				"west": {
					"uv": [
						13,
						11.994444444444444,
						13,
						11.994444444444444
					],
					"rotation": 90,
					"texture": "#4"
				},
				"up": {
					"uv": [
						13,
						11.994444444444444,
						13,
						11.994444444444444
					],
					"rotation": 180,
					"texture": "#4"
				},
				"down": {
					"uv": [
						13,
						11.994444444444444,
						13,
						11.994444444444444
					],
					"texture": "#4"
				}
			}
		},
		{
			"from": [
				7.557069050959063,
				16.454727324701636,
				5.759301400267759
			],
			"to": [
				7.557069050959063,
				18.53909392621305,
				7.84367329955267
			],
			"rotation": {
				"angle": 45,
				"axis": "y",
				"origin": [
					7.557069050959063,
					17.496910625457346,
					7.84367329955267
				]
			},
			"faces": {
				"north": {
					"uv": [
						13,
						14.994444444444444,
						12,
						13.994444444444444
					],
					"rotation": 90,
					"texture": "#4"
				},
				"east": {
					"uv": [
						13,
						16,
						13.979411764705883,
						14.994444444444444
					],
					"rotation": 180,
					"texture": "#4",
					"tintindex": 0
				},
				"south": {
					"uv": [
						13,
						14.994444444444444,
						12,
						13.994444444444444
					],
					"rotation": 270,
					"texture": "#4"
				},
				"west": {
					"uv": [
						13,
						14.994444444444444,
						13.979411764705883,
						16
					],
					"texture": "#4",
					"tintindex": 0
				},
				"up": {
					"uv": [
						13,
						14.994444444444444,
						12,
						13.994444444444444
					],
					"rotation": 270,
					"texture": "#4"
				},
				"down": {
					"uv": [
						13,
						14.994444444444444,
						12,
						13.994444444444444
					],
					"rotation": 270,
					"texture": "#4"
				}
			}
		},
		{
			"from": [
				7.557069050959063,
				17.496910625457346,
				6.801484701023464
			],
			"to": [
				7.557069050959063,
				19.581282524742253,
				8.885856600308374
			],
			"rotation": {
				"angle": 45,
				"axis": "z",
				"origin": [
					7.557069050959063,
					17.496910625457346,
					7.84367329955267
				]
			},
			"faces": {
				"north": {
					"uv": [
						13,
						14.994444444444444,
						12,
						13.994444444444444
					],
					"rotation": 90,
					"texture": "#4"
				},
				"east": {
					"uv": [
						13.979411764705883,
						14.994444444444444,
						13,
						16
					],
					"rotation": 270,
					"texture": "#4",
					"tintindex": 0
				},
				"south": {
					"uv": [
						13,
						14.994444444444444,
						12,
						13.994444444444444
					],
					"rotation": 270,
					"texture": "#4"
				},
				"west": {
					"uv": [
						13.979411764705883,
						16,
						13,
						14.994444444444444
					],
					"rotation": 270,
					"texture": "#4",
					"tintindex": 0
				},
				"up": {
					"uv": [
						13,
						14.994444444444444,
						12,
						13.994444444444444
					],
					"rotation": 270,
					"texture": "#4"
				},
				"down": {
					"uv": [
						13,
						14.994444444444444,
						12,
						13.994444444444444
					],
					"rotation": 270,
					"texture": "#4"
				}
			}
		},
		{
			"from": [
				7.557069050959063,
				16.454727324701636,
				7.84367329955267
			],
			"to": [
				7.557069050959063,
				18.53909392621305,
				9.928039901064079
			],
			"rotation": {
				"angle": -45,
				"axis": "y",
				"origin": [
					7.557069050959063,
					17.496910625457346,
					7.84367329955267
				]
			},
			"faces": {
				"north": {
					"uv": [
						13,
						14.994444444444444,
						12,
						13.994444444444444
					],
					"rotation": 90,
					"texture": "#4"
				},
				"east": {
					"uv": [
						13.979411764705883,
						14.994444444444444,
						13,
						16
					],
					"rotation": 180,
					"texture": "#4",
					"tintindex": 0
				},
				"south": {
					"uv": [
						13,
						14.994444444444444,
						12,
						13.994444444444444
					],
					"rotation": 270,
					"texture": "#4"
				},
				"west": {
					"uv": [
						13.979411764705883,
						16,
						13,
						14.994444444444444
					],
					"texture": "#4",
					"tintindex": 0
				},
				"up": {
					"uv": [
						13,
						14.994444444444444,
						12,
						13.994444444444444
					],
					"rotation": 270,
					"texture": "#4"
				},
				"down": {
					"uv": [
						13,
						14.994444444444444,
						12,
						13.994444444444444
					],
					"rotation": 270,
					"texture": "#4"
				}
			}
		},
		{
			"from": [
				7.557069050959063,
				15.412538726172434,
				6.801484701023464
			],
			"to": [
				7.557069050959063,
				17.496910625457346,
				8.885856600308374
			],
			"rotation": {
				"angle": -45,
				"axis": "z",
				"origin": [
					7.557069050959063,
					17.496910625457346,
					7.84367329955267
				]
			},
			"faces": {
				"north": {
					"uv": [
						13,
						14.994444444444444,
						12,
						13.994444444444444
					],
					"rotation": 90,
					"texture": "#4"
				},
				"east": {
					"uv": [
						13.979411764705883,
						14.994444444444444,
						13,
						16
					],
					"rotation": 90,
					"texture": "#4",
					"tintindex": 0
				},
				"south": {
					"uv": [
						13,
						14.994444444444444,
						12,
						13.994444444444444
					],
					"rotation": 270,
					"texture": "#4"
				},
				"west": {
					"uv": [
						13,
						14.994444444444444,
						13.979411764705883,
						16
					],
					"rotation": 270,
					"texture": "#4",
					"tintindex": 0
				},
				"up": {
					"uv": [
						13,
						14.994444444444444,
						12,
						13.994444444444444
					],
					"rotation": 270,
					"texture": "#4"
				},
				"down": {
					"uv": [
						13,
						14.994444444444444,
						12,
						13.994444444444444
					],
					"rotation": 270,
					"texture": "#4"
				}
			}
		},
		{
			"from": [
				6.801484701023464,
				13.823206676077572,
				8.442930949040937
			],
			"to": [
				8.885856600308374,
				15.907578575362482,
				8.442930949040937
			],
			"rotation": {
				"angle": -45,
				"axis": "x",
				"origin": [
					7.84367329955267,
					15.907578575362482,
					8.442930949040937
				]
			},
			"faces": {
				"north": {
					"uv": [
						13.991911764705883,
						14.98611111111111,
						13,
						14.005555555555555
					],
					"rotation": 90,
					"texture": "#4",
					"tintindex": 0
				},
				"east": {
					"uv": [
						13.991911764705883,
						14.98611111111111,
						13,
						14.005555555555555
					],
					"rotation": 90,
					"texture": "#4",
					"tintindex": 0
				},
				"south": {
					"uv": [
						13.991911764705883,
						14.98611111111111,
						13,
						14.005555555555555
					],
					"rotation": 90,
					"texture": "#4",
					"tintindex": 0
				},
				"west": {
					"uv": [
						13.991911764705883,
						14.98611111111111,
						13,
						14.005555555555555
					],
					"rotation": 90,
					"texture": "#4",
					"tintindex": 0
				},
				"up": {
					"uv": [
						13.991911764705883,
						14.98611111111111,
						13,
						14.005555555555555
					],
					"rotation": 90,
					"texture": "#4",
					"tintindex": 0
				},
				"down": {
					"uv": [
						13.991911764705883,
						14.98611111111111,
						13,
						14.005555555555555
					],
					"rotation": 90,
					"texture": "#4",
					"tintindex": 0
				}
			}
		},
		{
			"from": [
				7.84367329955267,
				14.865395274606776,
				8.442930949040937
			],
			"to": [
				9.928039901064079,
				16.94976187611819,
				8.442930949040937
			],
			"rotation": {
				"angle": -45,
				"axis": "y",
				"origin": [
					7.84367329955267,
					15.907578575362482,
					8.442930949040937
				]
			},
			"faces": {
				"north": {
					"uv": [
						13.991911764705883,
						14.98611111111111,
						13,
						14.005555555555555
					],
					"rotation": 180,
					"texture": "#4",
					"tintindex": 0
				},
				"east": {
					"uv": [
						13.991911764705883,
						14.98611111111111,
						13,
						14.005555555555555
					],
					"texture": "#4",
					"tintindex": 0
				},
				"south": {
					"uv": [
						13.991911764705883,
						14.98611111111111,
						13,
						14.005555555555555
					],
					"texture": "#4",
					"tintindex": 0
				},
				"west": {
					"uv": [
						13.991911764705883,
						14.98611111111111,
						13,
						14.005555555555555
					],
					"texture": "#4",
					"tintindex": 0
				},
				"up": {
					"uv": [
						13.991911764705883,
						14.98611111111111,
						13,
						14.005555555555555
					],
					"texture": "#4",
					"tintindex": 0
				},
				"down": {
					"uv": [
						13.991911764705883,
						14.98611111111111,
						13,
						14.005555555555555
					],
					"texture": "#4",
					"tintindex": 0
				}
			}
		},
		{
			"from": [
				6.801484701023464,
				15.907578575362482,
				8.442930949040937
			],
			"to": [
				8.885856600308374,
				17.99195047464739,
				8.442930949040937
			],
			"rotation": {
				"angle": 45,
				"axis": "x",
				"origin": [
					7.84367329955267,
					15.907578575362482,
					8.442930949040937
				]
			},
			"faces": {
				"north": {
					"uv": [
						13.991911764705883,
						14.98611111111111,
						13,
						14.005555555555555
					],
					"rotation": 270,
					"texture": "#4",
					"tintindex": 0
				},
				"east": {
					"uv": [
						13.991911764705883,
						14.98611111111111,
						13,
						14.005555555555555
					],
					"rotation": 270,
					"texture": "#4",
					"tintindex": 0
				},
				"south": {
					"uv": [
						13.991911764705883,
						14.98611111111111,
						13,
						14.005555555555555
					],
					"rotation": 270,
					"texture": "#4",
					"tintindex": 0
				},
				"west": {
					"uv": [
						13.991911764705883,
						14.98611111111111,
						13,
						14.005555555555555
					],
					"rotation": 270,
					"texture": "#4",
					"tintindex": 0
				},
				"up": {
					"uv": [
						13.991911764705883,
						14.98611111111111,
						13,
						14.005555555555555
					],
					"rotation": 270,
					"texture": "#4",
					"tintindex": 0
				},
				"down": {
					"uv": [
						13.991911764705883,
						14.98611111111111,
						13,
						14.005555555555555
					],
					"rotation": 270,
					"texture": "#4",
					"tintindex": 0
				}
			}
		},
		{
			"from": [
				5.759301400267759,
				14.865395274606776,
				8.442930949040937
			],
			"to": [
				7.84367329955267,
				16.94976187611819,
				8.442930949040937
			],
			"rotation": {
				"angle": 45,
				"axis": "y",
				"origin": [
					7.84367329955267,
					15.907578575362482,
					8.442930949040937
				]
			},
			"faces": {
				"north": {
					"uv": [
						13,
						14.98611111111111,
						13.991911764705883,
						14.005555555555555
					],
					"rotation": 180,
					"texture": "#4",
					"tintindex": 0
				},
				"east": {
					"uv": [
						13.991911764705883,
						14.98611111111111,
						13,
						14.005555555555555
					],
					"rotation": 180,
					"texture": "#4",
					"tintindex": 0
				},
				"south": {
					"uv": [
						13.991911764705883,
						14.98611111111111,
						13,
						14.005555555555555
					],
					"rotation": 180,
					"texture": "#4",
					"tintindex": 0
				},
				"west": {
					"uv": [
						13.991911764705883,
						14.98611111111111,
						13,
						14.005555555555555
					],
					"rotation": 180,
					"texture": "#4",
					"tintindex": 0
				},
				"up": {
					"uv": [
						13.991911764705883,
						14.98611111111111,
						13,
						14.005555555555555
					],
					"rotation": 180,
					"texture": "#4",
					"tintindex": 0
				},
				"down": {
					"uv": [
						13.991911764705883,
						14.98611111111111,
						13,
						14.005555555555555
					],
					"rotation": 180,
					"texture": "#4",
					"tintindex": 0
				}
			}
		},
		{
			"from": [
				5.759301400267759,
				9.567621774290567,
				7.464358014703529
			],
			"to": [
				7.84367329955267,
				11.651988375801977,
				7.464358014703529
			],
			"rotation": {
				"angle": -22.5,
				"axis": "y",
				"origin": [
					7.84367329955267,
					10.609805075046273,
					7.464358014703529
				]
			},
			"faces": {
				"north": {
					"uv": [
						13.991911764705883,
						14.006944444444445,
						13,
						15
					],
					"texture": "#4",
					"tintindex": 0
				},
				"east": {
					"uv": [
						13,
						14.006944444444445,
						12,
						13.006944444444445
					],
					"rotation": 270,
					"texture": "#4"
				},
				"south": {
					"uv": [
						13.991911764705883,
						15,
						13,
						14.006944444444445
					],
					"rotation": 180,
					"texture": "#4",
					"tintindex": 0
				},
				"west": {
					"uv": [
						13,
						14.006944444444445,
						12,
						13.006944444444445
					],
					"rotation": 90,
					"texture": "#4"
				},
				"up": {
					"uv": [
						13,
						14.006944444444445,
						12,
						13.006944444444445
					],
					"rotation": 180,
					"texture": "#4"
				},
				"down": {
					"uv": [
						13,
						14.006944444444445,
						12,
						13.006944444444445
					],
					"texture": "#4"
				}
			}
		},
		{
			"from": [
				6.801484701023464,
				10.609805075046273,
				7.464358014703529
			],
			"to": [
				8.885856600308374,
				12.694176974331182,
				7.464358014703529
			],
			"rotation": {
				"angle": -22.5,
				"axis": "x",
				"origin": [
					7.84367329955267,
					10.609805075046273,
					7.464358014703529
				]
			},
			"faces": {
				"north": {
					"uv": [
						13.991911764705883,
						14.006944444444445,
						13,
						15
					],
					"rotation": 270,
					"texture": "#4",
					"tintindex": 0
				},
				"east": {
					"uv": [
						13,
						14.006944444444445,
						12,
						13.006944444444445
					],
					"rotation": 270,
					"texture": "#4"
				},
				"south": {
					"uv": [
						13.991911764705883,
						15,
						13,
						14.006944444444445
					],
					"rotation": 270,
					"texture": "#4",
					"tintindex": 0
				},
				"west": {
					"uv": [
						13,
						14.006944444444445,
						12,
						13.006944444444445
					],
					"rotation": 90,
					"texture": "#4"
				},
				"up": {
					"uv": [
						13,
						14.006944444444445,
						12,
						13.006944444444445
					],
					"rotation": 180,
					"texture": "#4"
				},
				"down": {
					"uv": [
						13,
						14.006944444444445,
						12,
						13.006944444444445
					],
					"texture": "#4"
				}
			}
		},
		{
			"from": [
				5.602974699820428,
				10.19292857607989,
				5.932782291309114
			],
			"to": [
				5.602974699820428,
				12.798394774629404,
				7.49605989132942
			],
			"rotation": {
				"angle": -45,
				"axis": "z",
				"origin": [
					5.655083599969538,
					8.36910647531403,
					6.9432690132124275
				]
			},
			"faces": {
				"north": {
					"uv": [
						0,
						0,
						0,
						0
					],
					"texture": "#4"
				},
				"east": {
					"uv": [
						14.25,
						16,
						16,
						15
					],
					"rotation": 270,
					"texture": "#4",
					"tintindex": 0
				},
				"south": {
					"uv": [
						0,
						0,
						0,
						0
					],
					"rotation": 180,
					"texture": "#4"
				},
				"west": {
					"uv": [
						16,
						16,
						14.25,
						15
					],
					"rotation": 90,
					"texture": "#4",
					"tintindex": 0
				},
				"up": {
					"uv": [
						0,
						0,
						0,
						0
					],
					"rotation": 180,
					"texture": "#4"
				},
				"down": {
					"uv": [
						0,
						0,
						0,
						0
					],
					"texture": "#4"
				}
			}
		},
		{
			"from": [
				7.829045427016712,
				9.314028316397664,
				5.932782291309114
			],
			"to": [
				7.829045427016712,
				11.919494514947178,
				7.49605989132942
			],
			"rotation": {
				"angle": 45,
				"axis": "z",
				"origin": [
					7.8290454270167125,
					10.616761415672421,
					6.7144210913192675
				]
			},
			"faces": {
				"north": {
					"uv": [
						0,
						0,
						0,
						0
					],
					"texture": "#4"
				},
				"east": {
					"uv": [
						14.25,
						15,
						16,
						14
					],
					"rotation": 270,
					"texture": "#4",
					"tintindex": 0
				},
				"south": {
					"uv": [
						0,
						0,
						0,
						0
					],
					"rotation": 180,
					"texture": "#4"
				},
				"west": {
					"uv": [
						16,
						15,
						14.25,
						14
					],
					"rotation": 90,
					"texture": "#4",
					"tintindex": 0
				},
				"up": {
					"uv": [
						0,
						0,
						0,
						0
					],
					"rotation": 180,
					"texture": "#4"
				},
				"down": {
					"uv": [
						0,
						0,
						0,
						0
					],
					"texture": "#4"
				}
			}
		},
		{
			"from": [
				5.602974699820428,
				13.92785889380282,
				5.455982676280655
			],
			"to": [
				5.602974699820428,
				16.533325092352328,
				7.019260276300962
			],
			"rotation": {
				"angle": -45,
				"axis": "z",
				"origin": [
					5.655083599969538,
					12.10403679303696,
					6.466469398183969
				]
			},
			"faces": {
				"north": {
					"uv": [
						0,
						0,
						0,
						0
					],
					"texture": "#4"
				},
				"east": {
					"uv": [
						16,
						16,
						14.25,
						15
					],
					"rotation": 270,
					"texture": "#4",
					"tintindex": 0
				},
				"south": {
					"uv": [
						0,
						0,
						0,
						0
					],
					"rotation": 180,
					"texture": "#4"
				},
				"west": {
					"uv": [
						14.25,
						16,
						16,
						15
					],
					"rotation": 90,
					"texture": "#4",
					"tintindex": 0
				},
				"up": {
					"uv": [
						0,
						0,
						0,
						0
					],
					"rotation": 180,
					"texture": "#4"
				},
				"down": {
					"uv": [
						0,
						0,
						0,
						0
					],
					"texture": "#4"
				}
			}
		},
		{
			"from": [
				7.829045427016712,
				13.048958634120593,
				5.455982676280655
			],
			"to": [
				7.829045427016712,
				15.654424832670108,
				7.019260276300962
			],
			"rotation": {
				"angle": 45,
				"axis": "z",
				"origin": [
					7.8290454270167125,
					14.35169173339535,
					6.237621476290808
				]
			},
			"faces": {
				"north": {
					"uv": [
						0,
						0,
						0,
						0
					],
					"texture": "#4"
				},
				"east": {
					"uv": [
						16,
						16,
						14.25,
						15
					],
					"rotation": 270,
					"texture": "#4",
					"tintindex": 0
				},
				"south": {
					"uv": [
						0,
						0,
						0,
						0
					],
					"rotation": 180,
					"texture": "#4"
				},
				"west": {
					"uv": [
						14.25,
						16,
						16,
						15
					],
					"rotation": 90,
					"texture": "#4",
					"tintindex": 0
				},
				"up": {
					"uv": [
						0,
						0,
						0,
						0
					],
					"rotation": 180,
					"texture": "#4"
				},
				"down": {
					"uv": [
						0,
						0,
						0,
						0
					],
					"texture": "#4"
				}
			}
		},
		{
			"from": [
				7.829045427016712,
				11.35367111401941,
				8.821806518689552
			],
			"to": [
				7.829045427016712,
				13.959137312568924,
				10.385084118709859
			],
			"rotation": {
				"angle": 45,
				"axis": "z",
				"origin": [
					7.8290454270167125,
					12.656404213294167,
					9.603445318699706
				]
			},
			"faces": {
				"north": {
					"uv": [
						0,
						0,
						0,
						0
					],
					"rotation": 180,
					"texture": "#4"
				},
				"east": {
					"uv": [
						16,
						15,
						14.25,
						16
					],
					"rotation": 270,
					"texture": "#4",
					"tintindex": 0
				},
				"south": {
					"uv": [
						0,
						0,
						0,
						0
					],
					"texture": "#4"
				},
				"west": {
					"uv": [
						14.25,
						15,
						16,
						16
					],
					"rotation": 90,
					"texture": "#4",
					"tintindex": 0
				},
				"up": {
					"uv": [
						0,
						0,
						0,
						0
					],
					"rotation": 180,
					"texture": "#4"
				},
				"down": {
					"uv": [
						0,
						0,
						0,
						0
					],
					"texture": "#4"
				}
			}
		},
		{
			"from": [
				5.602974699820428,
				12.232571373701635,
				8.821806518689552
			],
			"to": [
				5.602974699820428,
				14.838037572251142,
				10.385084118709859
			],
			"rotation": {
				"angle": -45,
				"axis": "z",
				"origin": [
					5.655083599969538,
					10.408749272935776,
					9.374597396806545
				]
			},
			"faces": {
				"north": {
					"uv": [
						0,
						0,
						0,
						0
					],
					"rotation": 180,
					"texture": "#4"
				},
				"east": {
					"uv": [
						16,
						15,
						14.25,
						16
					],
					"rotation": 270,
					"texture": "#4",
					"tintindex": 0
				},
				"south": {
					"uv": [
						0,
						0,
						0,
						0
					],
					"texture": "#4"
				},
				"west": {
					"uv": [
						14.25,
						15,
						16,
						16
					],
					"rotation": 90,
					"texture": "#4",
					"tintindex": 0
				},
				"up": {
					"uv": [
						0,
						0,
						0,
						0
					],
					"rotation": 180,
					"texture": "#4"
				},
				"down": {
					"uv": [
						0,
						0,
						0,
						0
					],
					"texture": "#4"
				}
			}
		},
		{
			"from": [
				5.602974699820428,
				15.543679811399267,
				8.556917843673741
			],
			"to": [
				5.602974699820428,
				18.149146009948772,
				10.120195443694048
			],
			"rotation": {
				"angle": -45,
				"axis": "z",
				"origin": [
					5.655083599969538,
					13.719857710633407,
					9.109708721790735
				]
			},
			"faces": {
				"north": {
					"uv": [
						0,
						0,
						0,
						0
					],
					"rotation": 180,
					"texture": "#4"
				},
				"east": {
					"uv": [
						16,
						15,
						14.25,
						16
					],
					"rotation": 270,
					"texture": "#4",
					"tintindex": 0
				},
				"south": {
					"uv": [
						0,
						0,
						0,
						0
					],
					"texture": "#4"
				},
				"west": {
					"uv": [
						14.25,
						15,
						16,
						16
					],
					"rotation": 90,
					"texture": "#4",
					"tintindex": 0
				},
				"up": {
					"uv": [
						0,
						0,
						0,
						0
					],
					"rotation": 180,
					"texture": "#4"
				},
				"down": {
					"uv": [
						0,
						0,
						0,
						0
					],
					"texture": "#4"
				}
			}
		},
		{
			"from": [
				7.829045427016712,
				14.66477955171704,
				8.556917843673741
			],
			"to": [
				7.829045427016712,
				17.270245750266554,
				10.120195443694048
			],
			"rotation": {
				"angle": 45,
				"axis": "z",
				"origin": [
					7.8290454270167125,
					15.967512650991798,
					9.338556643683894
				]
			},
			"faces": {
				"north": {
					"uv": [
						0,
						0,
						0,
						0
					],
					"rotation": 180,
					"texture": "#4"
				},
				"east": {
					"uv": [
						14.25,
						14,
						16,
						15
					],
					"rotation": 270,
					"texture": "#4",
					"tintindex": 0
				},
				"south": {
					"uv": [
						0,
						0,
						0,
						0
					],
					"texture": "#4"
				},
				"west": {
					"uv": [
						16,
						14,
						14.25,
						15
					],
					"rotation": 90,
					"texture": "#4",
					"tintindex": 0
				},
				"up": {
					"uv": [
						0,
						0,
						0,
						0
					],
					"rotation": 180,
					"texture": "#4"
				},
				"down": {
					"uv": [
						0,
						0,
						0,
						0
					],
					"texture": "#4"
				}
			}
		},
		{
			"from": [
				5.614915881290141,
				17.08003412649097,
				5.602974699820428
			],
			"to": [
				7.178193481310448,
				19.68550032504048,
				5.602974699820428
			],
			"rotation": {
				"angle": 45,
				"axis": "x",
				"origin": [
					6.625402603193455,
					15.256212025725109,
					5.655083599969538
				]
			},
			"faces": {
				"north": {
					"uv": [
						14.25,
						14,
						16,
						15
					],
					"rotation": 90,
					"texture": "#4",
					"tintindex": 0
				},
				"east": {
					"uv": [
						0,
						0,
						0,
						0
					],
					"rotation": 180,
					"texture": "#4"
				},
				"south": {
					"uv": [
						16,
						14,
						14.25,
						15
					],
					"rotation": 270,
					"texture": "#4",
					"tintindex": 0
				},
				"west": {
					"uv": [
						0,
						0,
						0,
						0
					],
					"texture": "#4"
				},
				"up": {
					"uv": [
						0,
						0,
						0,
						0
					],
					"rotation": 270,
					"texture": "#4"
				},
				"down": {
					"uv": [
						0,
						0,
						0,
						0
					],
					"rotation": 270,
					"texture": "#4"
				}
			}
		},
		{
			"from": [
				5.614915881290141,
				16.20113386680874,
				7.829045427016712
			],
			"to": [
				7.178193481310448,
				18.806600065358257,
				7.829045427016712
			],
			"rotation": {
				"angle": -45,
				"axis": "x",
				"origin": [
					6.3965546813002945,
					17.5038669660835,
					7.8290454270167125
				]
			},
			"faces": {
				"north": {
					"uv": [
						14.25,
						14,
						16,
						15
					],
					"rotation": 90,
					"texture": "#4",
					"tintindex": 0
				},
				"east": {
					"uv": [
						0,
						0,
						0,
						0
					],
					"rotation": 180,
					"texture": "#4"
				},
				"south": {
					"uv": [
						16,
						14,
						14.25,
						15
					],
					"rotation": 270,
					"texture": "#4",
					"tintindex": 0
				},
				"west": {
					"uv": [
						0,
						0,
						0,
						0
					],
					"texture": "#4"
				},
				"up": {
					"uv": [
						0,
						0,
						0,
						0
					],
					"rotation": 270,
					"texture": "#4"
				},
				"down": {
					"uv": [
						0,
						0,
						0,
						0
					],
					"rotation": 270,
					"texture": "#4"
				}
			}
		},
		{
			"from": [
				8.927761988695877,
				18.232299862809743,
				5.602974699820428
			],
			"to": [
				10.491039588716182,
				20.83776606135925,
				5.602974699820428
			],
			"rotation": {
				"angle": 45,
				"axis": "x",
				"origin": [
					9.48055286681287,
					16.408477762043887,
					5.655083599969538
				]
			},
			"faces": {
				"north": {
					"uv": [
						16,
						15,
						14.25,
						14
					],
					"rotation": 90,
					"texture": "#4",
					"tintindex": 0
				},
				"east": {
					"uv": [
						0,
						0,
						0,
						0
					],
					"texture": "#4"
				},
				"south": {
					"uv": [
						14.25,
						15,
						16,
						14
					],
					"rotation": 270,
					"texture": "#4",
					"tintindex": 0
				},
				"west": {
					"uv": [
						0,
						0,
						0,
						0
					],
					"rotation": 180,
					"texture": "#4"
				},
				"up": {
					"uv": [
						0,
						0,
						0,
						0
					],
					"rotation": 270,
					"texture": "#4"
				},
				"down": {
					"uv": [
						0,
						0,
						0,
						0
					],
					"rotation": 270,
					"texture": "#4"
				}
			}
		},
		{
			"from": [
				8.927761988695877,
				17.353399603127517,
				7.829045427016712
			],
			"to": [
				10.491039588716182,
				19.958865801677028,
				7.829045427016712
			],
			"rotation": {
				"angle": -45,
				"axis": "x",
				"origin": [
					9.709400788706029,
					18.656132702402275,
					7.8290454270167125
				]
			},
			"faces": {
				"north": {
					"uv": [
						16,
						16,
						14.25,
						15
					],
					"rotation": 90,
					"texture": "#4",
					"tintindex": 0
				},
				"east": {
					"uv": [
						0,
						0,
						0,
						0
					],
					"texture": "#4"
				},
				"south": {
					"uv": [
						14.25,
						16,
						16,
						15
					],
					"rotation": 270,
					"texture": "#4",
					"tintindex": 0
				},
				"west": {
					"uv": [
						0,
						0,
						0,
						0
					],
					"rotation": 180,
					"texture": "#4"
				},
				"up": {
					"uv": [
						0,
						0,
						0,
						0
					],
					"rotation": 270,
					"texture": "#4"
				},
				"down": {
					"uv": [
						0,
						0,
						0,
						0
					],
					"rotation": 270,
					"texture": "#4"
				}
			}
		},
		{
			"from": [
				6.801484701023464,
				8.52543317576136,
				7.464358014703529
			],
			"to": [
				8.885856600308374,
				10.609805075046273,
				7.464358014703529
			],
			"rotation": {
				"angle": 22.5,
				"axis": "x",
				"origin": [
					7.84367329955267,
					10.609805075046273,
					7.464358014703529
				]
			},
			"faces": {
				"north": {
					"uv": [
						13,
						15,
						13.991911764705883,
						14.006944444444445
					],
					"rotation": 270,
					"texture": "#4",
					"tintindex": 0
				},
				"east": {
					"uv": [
						13,
						14.006944444444445,
						12,
						13.006944444444445
					],
					"rotation": 270,
					"texture": "#4"
				},
				"south": {
					"uv": [
						13.991911764705883,
						15,
						13,
						14.006944444444445
					],
					"rotation": 90,
					"texture": "#4",
					"tintindex": 0
				},
				"west": {
					"uv": [
						13,
						14.006944444444445,
						12,
						13.006944444444445
					],
					"rotation": 90,
					"texture": "#4"
				},
				"up": {
					"uv": [
						13,
						14.006944444444445,
						12,
						13.006944444444445
					],
					"rotation": 180,
					"texture": "#4"
				},
				"down": {
					"uv": [
						13,
						14.006944444444445,
						12,
						13.006944444444445
					],
					"texture": "#4"
				}
			}
		},
		{
			"from": [
				8.787286226561491,
				17.64672636227279,
				5.759301400267759
			],
			"to": [
				8.787286226561491,
				19.731092963784192,
				7.84367329955267
			],
			"rotation": {
				"angle": -22.5,
				"axis": "y",
				"origin": [
					8.787286226561491,
					18.68890966302849,
					7.84367329955267
				]
			},
			"faces": {
				"north": {
					"uv": [
						13,
						14.006944444444445,
						12,
						14.006944444444445
					],
					"rotation": 90,
					"texture": "#4"
				},
				"east": {
					"uv": [
						13.991911764705883,
						14.006944444444445,
						13,
						15
					],
					"texture": "#4",
					"tintindex": 0
				},
				"south": {
					"uv": [
						13,
						14.006944444444445,
						12,
						14.006944444444445
					],
					"rotation": 270,
					"texture": "#4"
				},
				"west": {
					"uv": [
						13.991911764705883,
						15,
						13,
						14.006944444444445
					],
					"rotation": 180,
					"texture": "#4",
					"tintindex": 0
				},
				"up": {
					"uv": [
						13,
						14.006944444444445,
						12,
						14.006944444444445
					],
					"rotation": 270,
					"texture": "#4"
				},
				"down": {
					"uv": [
						13,
						14.006944444444445,
						12,
						14.006944444444445
					],
					"rotation": 270,
					"texture": "#4"
				}
			}
		},
		{
			"from": [
				8.787286226561491,
				18.68890966302849,
				6.801484701023464
			],
			"to": [
				8.787286226561491,
				20.7732815623134,
				8.885856600308374
			],
			"rotation": {
				"angle": -22.5,
				"axis": "z",
				"origin": [
					8.787286226561491,
					18.68890966302849,
					7.84367329955267
				]
			},
			"faces": {
				"north": {
					"uv": [
						13,
						14.006944444444445,
						12,
						14.006944444444445
					],
					"rotation": 90,
					"texture": "#4"
				},
				"east": {
					"uv": [
						13.991911764705883,
						14.006944444444445,
						13,
						15
					],
					"rotation": 270,
					"texture": "#4",
					"tintindex": 0
				},
				"south": {
					"uv": [
						13,
						14.006944444444445,
						12,
						14.006944444444445
					],
					"rotation": 270,
					"texture": "#4"
				},
				"west": {
					"uv": [
						13.991911764705883,
						15,
						13,
						14.006944444444445
					],
					"rotation": 270,
					"texture": "#4",
					"tintindex": 0
				},
				"up": {
					"uv": [
						13,
						14.006944444444445,
						12,
						14.006944444444445
					],
					"rotation": 270,
					"texture": "#4"
				},
				"down": {
					"uv": [
						13,
						14.006944444444445,
						12,
						14.006944444444445
					],
					"rotation": 270,
					"texture": "#4"
				}
			}
		},
		{
			"from": [
				8.787286226561491,
				17.64672636227279,
				7.84367329955267
			],
			"to": [
				8.787286226561491,
				19.731092963784192,
				9.928039901064079
			],
			"rotation": {
				"angle": 22.5,
				"axis": "y",
				"origin": [
					8.787286226561491,
					19.218687013060112,
					7.84367329955267
				]
			},
			"faces": {
				"north": {
					"uv": [
						13,
						14.006944444444445,
						12,
						14.006944444444445
					],
					"rotation": 90,
					"texture": "#4"
				},
				"east": {
					"uv": [
						13,
						15,
						13.991911764705883,
						14.006944444444445
					],
					"texture": "#4",
					"tintindex": 0
				},
				"south": {
					"uv": [
						13,
						14.006944444444445,
						12,
						14.006944444444445
					],
					"rotation": 270,
					"texture": "#4"
				},
				"west": {
					"uv": [
						13,
						14.006944444444445,
						13.991911764705883,
						15
					],
					"rotation": 180,
					"texture": "#4",
					"tintindex": 0
				},
				"up": {
					"uv": [
						13,
						14.006944444444445,
						12,
						14.006944444444445
					],
					"rotation": 270,
					"texture": "#4"
				},
				"down": {
					"uv": [
						13,
						14.006944444444445,
						12,
						14.006944444444445
					],
					"rotation": 270,
					"texture": "#4"
				}
			}
		},
		{
			"from": [
				8.787286226561491,
				16.604537763743583,
				6.801484701023464
			],
			"to": [
				8.787286226561491,
				18.68890966302849,
				8.885856600308374
			],
			"rotation": {
				"angle": 22.5,
				"axis": "z",
				"origin": [
					8.787286226561491,
					18.68890966302849,
					7.84367329955267
				]
			},
			"faces": {
				"north": {
					"uv": [
						13,
						14.006944444444445,
						12,
						14.006944444444445
					],
					"rotation": 90,
					"texture": "#4"
				},
				"east": {
					"uv": [
						13,
						15,
						13.991911764705883,
						14.006944444444445
					],
					"rotation": 270,
					"texture": "#4",
					"tintindex": 0
				},
				"south": {
					"uv": [
						13,
						14.006944444444445,
						12,
						14.006944444444445
					],
					"rotation": 270,
					"texture": "#4"
				},
				"west": {
					"uv": [
						13.991911764705883,
						15,
						13,
						14.006944444444445
					],
					"rotation": 90,
					"texture": "#4",
					"tintindex": 0
				},
				"up": {
					"uv": [
						13,
						14.006944444444445,
						12,
						14.006944444444445
					],
					"rotation": 270,
					"texture": "#4"
				},
				"down": {
					"uv": [
						13,
						14.006944444444445,
						12,
						14.006944444444445
					],
					"rotation": 270,
					"texture": "#4"
				}
			}
		},
		{
			"from": [
				7.84367329955267,
				9.567621774290567,
				7.464358014703529
			],
			"to": [
				9.928039901064079,
				11.651988375801977,
				7.464358014703529
			],
			"rotation": {
				"angle": 22.5,
				"axis": "y",
				"origin": [
					7.84367329955267,
					11.139582425077894,
					7.464358014703529
				]
			},
			"faces": {
				"north": {
					"uv": [
						13,
						15,
						13.991911764705883,
						14.006944444444445
					],
					"texture": "#4",
					"tintindex": 0
				},
				"east": {
					"uv": [
						13,
						14.006944444444445,
						12,
						13.006944444444445
					],
					"rotation": 270,
					"texture": "#4"
				},
				"south": {
					"uv": [
						13,
						14.006944444444445,
						13.991911764705883,
						15
					],
					"rotation": 180,
					"texture": "#4",
					"tintindex": 0
				},
				"west": {
					"uv": [
						13,
						14.006944444444445,
						12,
						13.006944444444445
					],
					"rotation": 90,
					"texture": "#4"
				},
				"up": {
					"uv": [
						13,
						14.006944444444445,
						12,
						13.006944444444445
					],
					"rotation": 180,
					"texture": "#4"
				},
				"down": {
					"uv": [
						13,
						14.006944444444445,
						12,
						13.006944444444445
					],
					"texture": "#4"
				}
			}
		},
		{
			"from": [
				5.915629324341216,
				29.938646926573963,
				6.957816699244295
			],
			"to": [
				8.000001223626127,
				29.938646926573963,
				9.042183300755706
			],
			"rotation": {
				"angle": -22.5,
				"axis": "z",
				"origin": [
					8.000001223626127,
					29.938646926573963,
					8
				]
			},
			"faces": {
				"north": {
					"uv": [
						13,
						14.006944444444445,
						12,
						13.006944444444445
					],
					"rotation": 180,
					"texture": "#4"
				},
				"east": {
					"uv": [
						13,
						14.006944444444445,
						12,
						13.006944444444445
					],
					"rotation": 180,
					"texture": "#4"
				},
				"south": {
					"uv": [
						13,
						14.006944444444445,
						12,
						13.006944444444445
					],
					"rotation": 180,
					"texture": "#4"
				},
				"west": {
					"uv": [
						13,
						14.006944444444445,
						12,
						13.006944444444445
					],
					"rotation": 180,
					"texture": "#4"
				},
				"up": {
					"uv": [
						13.991911764705883,
						14.006944444444445,
						13,
						15
					],
					"rotation": 180,
					"texture": "#4",
					"tintindex": 0
				},
				"down": {
					"uv": [
						13.991911764705883,
						15,
						13,
						14.006944444444445
					],
					"rotation": 180,
					"texture": "#4",
					"tintindex": 0
				}
			}
		},
		{
			"from": [
				6.9578126250969206,
				29.938646926573963,
				8
			],
			"to": [
				9.042184524381831,
				29.938646926573963,
				10.08437189928491
			],
			"rotation": {
				"angle": -22.5,
				"axis": "x",
				"origin": [
					8.000001223626127,
					29.938646926573963,
					8
				]
			},
			"faces": {
				"north": {
					"uv": [
						13,
						14.006944444444445,
						13,
						14.006944444444445
					],
					"rotation": 180,
					"texture": "#4"
				},
				"east": {
					"uv": [
						13,
						14.006944444444445,
						13,
						14.006944444444445
					],
					"rotation": 180,
					"texture": "#4"
				},
				"south": {
					"uv": [
						13,
						14.006944444444445,
						13,
						14.006944444444445
					],
					"rotation": 180,
					"texture": "#4"
				},
				"west": {
					"uv": [
						13,
						14.006944444444445,
						13,
						14.006944444444445
					],
					"rotation": 180,
					"texture": "#4"
				},
				"up": {
					"uv": [
						13.991911764705883,
						14.006944444444445,
						13,
						15
					],
					"rotation": 90,
					"texture": "#4",
					"tintindex": 0
				},
				"down": {
					"uv": [
						13.991911764705883,
						15,
						13,
						14.006944444444445
					],
					"rotation": 270,
					"texture": "#4",
					"tintindex": 0
				}
			}
		},
		{
			"from": [
				6.9578126250969206,
				29.938646926573963,
				5.9156281007150895
			],
			"to": [
				9.042184524381831,
				29.938646926573963,
				8
			],
			"rotation": {
				"angle": 22.5,
				"axis": "x",
				"origin": [
					8.000001223626127,
					29.938646926573963,
					8
				]
			},
			"faces": {
				"north": {
					"uv": [
						13,
						14.006944444444445,
						12,
						13.006944444444445
					],
					"rotation": 180,
					"texture": "#4"
				},
				"east": {
					"uv": [
						13,
						14.006944444444445,
						12,
						13.006944444444445
					],
					"rotation": 180,
					"texture": "#4"
				},
				"south": {
					"uv": [
						13,
						14.006944444444445,
						12,
						13.006944444444445
					],
					"rotation": 180,
					"texture": "#4"
				},
				"west": {
					"uv": [
						13,
						14.006944444444445,
						12,
						13.006944444444445
					],
					"rotation": 180,
					"texture": "#4"
				},
				"up": {
					"uv": [
						13,
						15,
						13.991911764705883,
						14.006944444444445
					],
					"rotation": 90,
					"texture": "#4",
					"tintindex": 0
				},
				"down": {
					"uv": [
						13.991911764705883,
						15,
						13,
						14.006944444444445
					],
					"rotation": 90,
					"texture": "#4",
					"tintindex": 0
				}
			}
		},
		{
			"from": [
				8.000001223626127,
				29.938646926573963,
				6.957816699244295
			],
			"to": [
				10.084367825137537,
				29.938646926573963,
				9.042183300755706
			],
			"rotation": {
				"angle": 22.5,
				"axis": "z",
				"origin": [
					8.000001223626127,
					29.938646926573963,
					8.52977735003162
				]
			},
			"faces": {
				"north": {
					"uv": [
						13,
						14.006944444444445,
						12,
						13.006944444444445
					],
					"rotation": 180,
					"texture": "#4"
				},
				"east": {
					"uv": [
						13,
						14.006944444444445,
						12,
						13.006944444444445
					],
					"rotation": 180,
					"texture": "#4"
				},
				"south": {
					"uv": [
						13,
						14.006944444444445,
						12,
						13.006944444444445
					],
					"rotation": 180,
					"texture": "#4"
				},
				"west": {
					"uv": [
						13,
						14.006944444444445,
						12,
						13.006944444444445
					],
					"rotation": 180,
					"texture": "#4"
				},
				"up": {
					"uv": [
						13,
						15,
						13.991911764705883,
						14.006944444444445
					],
					"rotation": 180,
					"texture": "#4",
					"tintindex": 0
				},
				"down": {
					"uv": [
						13,
						14.006944444444445,
						13.991911764705883,
						15
					],
					"rotation": 180,
					"texture": "#4",
					"tintindex": 0
				}
			}
		},
		{
			"from": [
				7.9853733510901685,
				29.90694504994807,
				6.704223241351393
			],
			"to": [
				7.9853733510901685,
				31.470222649968377,
				9.309689439900906
			],
			"rotation": {
				"angle": -45,
				"axis": "y",
				"origin": [
					7.9853733510901685,
					30.68858384995822,
					8.006956340626148
				]
			},
			"faces": {
				"north": {
					"uv": [
						0,
						0,
						0,
						0
					],
					"rotation": 180,
					"texture": "#4"
				},
				"east": {
					"uv": [
						14.25,
						15,
						16,
						14
					],
					"rotation": 180,
					"texture": "#4",
					"tintindex": 0
				},
				"south": {
					"uv": [
						0,
						0,
						0,
						0
					],
					"rotation": 180,
					"texture": "#4"
				},
				"west": {
					"uv": [
						16,
						15,
						14.25,
						14
					],
					"rotation": 180,
					"texture": "#4",
					"tintindex": 0
				},
				"up": {
					"uv": [
						0,
						0,
						0,
						0
					],
					"rotation": 180,
					"texture": "#4"
				},
				"down": {
					"uv": [
						0,
						0,
						0,
						0
					],
					"rotation": 180,
					"texture": "#4"
				}
			}
		},
		{
			"from": [
				5.759302623893885,
				29.90694504994807,
				7.583123501033618
			],
			"to": [
				5.759302623893885,
				31.470222649968377,
				10.188589699583131
			],
			"rotation": {
				"angle": 45,
				"axis": "y",
				"origin": [
					5.811411524042995,
					30.45973592806506,
					5.759301400267759
				]
			},
			"faces": {
				"north": {
					"uv": [
						0,
						0,
						0,
						0
					],
					"rotation": 180,
					"texture": "#4"
				},
				"east": {
					"uv": [
						14.25,
						16,
						16,
						15
					],
					"rotation": 180,
					"texture": "#4",
					"tintindex": 0
				},
				"south": {
					"uv": [
						0,
						0,
						0,
						0
					],
					"rotation": 180,
					"texture": "#4"
				},
				"west": {
					"uv": [
						16,
						16,
						14.25,
						15
					],
					"rotation": 180,
					"texture": "#4",
					"tintindex": 0
				},
				"up": {
					"uv": [
						0,
						0,
						0,
						0
					],
					"rotation": 180,
					"texture": "#4"
				},
				"down": {
					"uv": [
						0,
						0,
						0,
						0
					],
					"rotation": 180,
					"texture": "#4"
				}
			}
		},
		{
			"from": [
				6.801484701023464,
				10.644542575887845,
				8.760797359059909
			],
			"to": [
				8.885856600308374,
				12.728914475172756,
				8.760797359059909
			],
			"rotation": {
				"angle": -22.5,
				"axis": "x",
				"origin": [
					7.84367329955267,
					12.728914475172756,
					8.760797359059909
				]
			},
			"faces": {
				"north": {
					"uv": [
						13.991911764705883,
						15.005555555555555,
						13,
						15.98611111111111
					],
					"rotation": 90,
					"texture": "#4",
					"tintindex": 0
				},
				"east": {
					"uv": [
						12.75,
						12.5,
						12.25,
						12.5
					],
					"rotation": 270,
					"texture": "#4"
				},
				"south": {
					"uv": [
						13,
						15.005555555555555,
						13.991911764705883,
						15.98611111111111
					],
					"rotation": 270,
					"texture": "#4",
					"tintindex": 0
				},
				"west": {
					"uv": [
						12.75,
						12.5,
						12.25,
						12.5
					],
					"rotation": 90,
					"texture": "#4"
				},
				"up": {
					"uv": [
						12.75,
						12.5,
						12.25,
						12.5
					],
					"rotation": 180,
					"texture": "#4"
				},
				"down": {
					"uv": [
						12.75,
						12.5,
						12.25,
						12.5
					],
					"texture": "#4"
				}
			}
		},
		{
			"from": [
				7.84367329955267,
				11.686731174417051,
				8.760797359059909
			],
			"to": [
				9.928039901064079,
				13.77109777592846,
				8.760797359059909
			],
			"rotation": {
				"angle": -22.5,
				"axis": "y",
				"origin": [
					7.84367329955267,
					12.728914475172756,
					8.760797359059909
				]
			},
			"faces": {
				"north": {
					"uv": [
						13.991911764705883,
						15.005555555555555,
						13,
						15.98611111111111
					],
					"rotation": 180,
					"texture": "#4",
					"tintindex": 0
				},
				"east": {
					"uv": [
						12.75,
						12.5,
						12.25,
						12.5
					],
					"rotation": 270,
					"texture": "#4"
				},
				"south": {
					"uv": [
						13.991911764705883,
						15.98611111111111,
						13,
						15.005555555555555
					],
					"texture": "#4",
					"tintindex": 0
				},
				"west": {
					"uv": [
						12.75,
						12.5,
						12.25,
						12.5
					],
					"rotation": 90,
					"texture": "#4"
				},
				"up": {
					"uv": [
						12.75,
						12.5,
						12.25,
						12.5
					],
					"rotation": 180,
					"texture": "#4"
				},
				"down": {
					"uv": [
						12.75,
						12.5,
						12.25,
						12.5
					],
					"texture": "#4"
				}
			}
		},
		{
			"from": [
				6.801484701023464,
				12.728914475172756,
				8.760797359059909
			],
			"to": [
				8.885856600308374,
				14.813286374457665,
				8.760797359059909
			],
			"rotation": {
				"angle": 22.5,
				"axis": "x",
				"origin": [
					7.84367329955267,
					12.728914475172756,
					8.760797359059909
				]
			},
			"faces": {
				"north": {
					"uv": [
						13.991911764705883,
						15.005555555555555,
						13,
						15.98611111111111
					],
					"rotation": 270,
					"texture": "#4",
					"tintindex": 0
				},
				"east": {
					"uv": [
						12.75,
						12.5,
						12.25,
						12.5
					],
					"rotation": 270,
					"texture": "#4"
				},
				"south": {
					"uv": [
						13.991911764705883,
						15.98611111111111,
						13,
						15.005555555555555
					],
					"rotation": 270,
					"texture": "#4",
					"tintindex": 0
				},
				"west": {
					"uv": [
						12.75,
						12.5,
						12.25,
						12.5
					],
					"rotation": 90,
					"texture": "#4"
				},
				"up": {
					"uv": [
						12.75,
						12.5,
						12.25,
						12.5
					],
					"rotation": 180,
					"texture": "#4"
				},
				"down": {
					"uv": [
						12.75,
						12.5,
						12.25,
						12.5
					],
					"texture": "#4"
				}
			}
		},
		{
			"from": [
				5.759301400267759,
				11.686731174417051,
				8.760797359059909
			],
			"to": [
				7.84367329955267,
				13.77109777592846,
				8.760797359059909
			],
			"rotation": {
				"angle": 22.5,
				"axis": "y",
				"origin": [
					7.84367329955267,
					12.728914475172756,
					8.760797359059909
				]
			},
			"faces": {
				"north": {
					"uv": [
						13,
						15.98611111111111,
						13.991911764705883,
						15.005555555555555
					],
					"rotation": 180,
					"texture": "#4",
					"tintindex": 0
				},
				"east": {
					"uv": [
						12.75,
						12.5,
						12.25,
						12.5
					],
					"rotation": 270,
					"texture": "#4"
				},
				"south": {
					"uv": [
						13,
						15.005555555555555,
						13.991911764705883,
						15.98611111111111
					],
					"texture": "#4",
					"tintindex": 0
				},
				"west": {
					"uv": [
						12.75,
						12.5,
						12.25,
						12.5
					],
					"rotation": 90,
					"texture": "#4"
				},
				"up": {
					"uv": [
						12.75,
						12.5,
						12.25,
						12.5
					],
					"rotation": 180,
					"texture": "#4"
				},
				"down": {
					"uv": [
						12.75,
						12.5,
						12.25,
						12.5
					],
					"texture": "#4"
				}
			}
		}
	],
	"display": {
		"head": {
			"rotation": [
				0,
				180,
				0
			]
		}
	}
}