{
	"credit": "Made with Blockbench",
	"texture_size": [128, 128],
	"textures": {
		"1": "kello:item/decal/indic_area"
	},
	"elements": [
		{
			"from": [-16, 16, -16],
			"to": [32, 16, 32],
			"faces": {
				"up": {"uv": [0, 0, 8, 8], "texture": "#1"},
				"down": {"uv": [0, 0, 8, 8], "rotation": 90, "texture": "#1"}
			}
		},
		{
			"from": [-16, 14, -16],
			"to": [32, 14, 32],
			"faces": {
				"up": {"uv": [8, 0, 16, 8], "texture": "#1"},
				"down": {"uv": [8, 0, 16, 8], "rotation": 90, "texture": "#1"}
			}
		},
		{
			"name": "cube inverted",
			"from": [32, 16, 32],
			"to": [-16, 1, -16],
			"faces": {
				"north": {"uv": [7.875, 16, 8, 8], "texture": "#1"},
				"east": {"uv": [7.875, 16, 8, 8], "texture": "#1"},
				"south": {"uv": [7.875, 16, 8, 8], "texture": "#1"},
				"west": {"uv": [7.875, 16, 8, 8], "texture": "#1"}
			}
		},
		{
			"name": "cube inverted inverted",
			"from": [-16, 1, -16],
			"to": [32, 16, 32],
			"faces": {
				"north": {"uv": [7.875, 8, 8, 16], "texture": "#1"},
				"east": {"uv": [7.875, 8, 8, 16], "texture": "#1"},
				"south": {"uv": [7.875, 8, 8, 16], "texture": "#1"},
				"west": {"uv": [7.875, 8, 8, 16], "texture": "#1"}
			}
		}
	]
}