{
	"credit": "Made with Blockbench",
	"texture_size": [32, 32],
	"textures": {
		"0": "mrminerman:item/creeper_plush",
		"particle": "mrminerman:item/creeper_plush"
	},
	"elements": [
		{
			"from": [5, 0, 6],
			"to": [11, 9, 10],
			"faces": {
				"north": {"uv": [0, 0, 3, 4.5], "texture": "#0"},
				"east": {"uv": [0, 4.5, 2, 9], "texture": "#0"},
				"south": {"uv": [3, 0, 6, 4.5], "texture": "#0"},
				"west": {"uv": [2, 4.5, 4, 9], "texture": "#0"},
				"up": {"uv": [12, 2, 9, 0], "texture": "#0"},
				"down": {"uv": [10, 9, 7, 11], "texture": "#0"}
			}
		},
		{
			"from": [9, 0, 2],
			"to": [12, 3, 6],
			"rotation": {"angle": -22.5, "axis": "y", "origin": [10.5, 1.5, 6]},
			"faces": {
				"north": {"uv": [12, 2, 13.5, 3.5], "texture": "#0"},
				"east": {"uv": [10, 2, 12, 3.5], "texture": "#0"},
				"south": {"uv": [3.5, 12, 5, 13.5], "texture": "#0"},
				"west": {"uv": [10, 3.5, 12, 5], "texture": "#0"},
				"up": {"uv": [11.5, 7, 10, 5], "texture": "#0"},
				"down": {"uv": [11.5, 7, 10, 9], "texture": "#0"}
			}
		},
		{
			"from": [4, 0, 2],
			"to": [7, 3, 6],
			"rotation": {"angle": 22.5, "axis": "y", "origin": [5.5, 1.5, 6]},
			"faces": {
				"north": {"uv": [12, 3.5, 13.5, 5], "texture": "#0"},
				"east": {"uv": [10, 9, 12, 10.5], "texture": "#0"},
				"south": {"uv": [12, 8.5, 13.5, 10], "texture": "#0"},
				"west": {"uv": [3, 10.5, 5, 12], "texture": "#0"},
				"up": {"uv": [6.5, 12.5, 5, 10.5], "texture": "#0"},
				"down": {"uv": [11.5, 10.5, 10, 12.5], "texture": "#0"}
			}
		},
		{
			"from": [4, 0, 10],
			"to": [7, 3, 14],
			"rotation": {"angle": -22.5, "axis": "y", "origin": [5.5, 1.5, 10]},
			"faces": {
				"north": {"uv": [6.5, 12.5, 8, 14], "texture": "#0"},
				"east": {"uv": [11.5, 10.5, 13.5, 12], "texture": "#0"},
				"south": {"uv": [10, 12.5, 11.5, 14], "texture": "#0"},
				"west": {"uv": [0, 12, 2, 13.5], "texture": "#0"},
				"up": {"uv": [13.5, 2, 12, 0], "texture": "#0"},
				"down": {"uv": [3.5, 12, 2, 14], "texture": "#0"}
			}
		},
		{
			"from": [9, 0, 10],
			"to": [12, 3, 14],
			"rotation": {"angle": 22.5, "axis": "y", "origin": [10.5, 1.5, 10]},
			"faces": {
				"north": {"uv": [11.5, 12, 13, 13.5], "texture": "#0"},
				"east": {"uv": [6.5, 11, 8.5, 12.5], "texture": "#0"},
				"south": {"uv": [5, 12.5, 6.5, 14], "texture": "#0"},
				"west": {"uv": [11.5, 5, 13.5, 6.5], "texture": "#0"},
				"up": {"uv": [10, 13, 8.5, 11], "texture": "#0"},
				"down": {"uv": [13, 6.5, 11.5, 8.5], "texture": "#0"}
			}
		},
		{
			"from": [5, 9, 5],
			"to": [11, 15, 11],
			"rotation": {"angle": -22.5, "axis": "z", "origin": [8, 9, 8]},
			"faces": {
				"north": {"uv": [4, 4.5, 7, 7.5], "texture": "#0"},
				"east": {"uv": [6, 0, 9, 3], "texture": "#0"},
				"south": {"uv": [7, 3, 10, 6], "texture": "#0"},
				"west": {"uv": [7, 6, 10, 9], "texture": "#0"},
				"up": {"uv": [7, 10.5, 4, 7.5], "texture": "#0"},
				"down": {"uv": [3, 9, 0, 12], "texture": "#0"}
			}
		}
	],
	"display": {
		"thirdperson_righthand": {
			"translation": [0, 5.75, 0],
			"scale": [0.74, 0.74, 0.74]
		},
		"thirdperson_lefthand": {
			"translation": [0, 5.75, 0]
		},
		"ground": {
			"translation": [0, 5, 0]
		},
		"gui": {
			"rotation": [14, -141, 0],
			"translation": [0, 0.75, 0],
			"scale": [0.85, 0.85, 0.85]
		},
		"head": {
			"translation": [0, 14.25, 0]
		},
		"fixed": {
			"rotation": [-90, 0, 0],
			"translation": [0, 0, -14.5],
			"scale": [1.83, 1.83, 1.83]
		}
	}
}