{
	"credit": "Made with Blockbench",
	"ambientocclusion": false,
	"textures": {
		"particle": "rko:custom/fire_0",
		"fire": "rko:custom/fire_0"
	},
	"elements": [
		{
			"from": [0, 8, 8.8],
			"to": [16, 30.4, 8.8],
			"shade": false,
			"rotation": {"angle": -22.5, "axis": "x", "origin": [8, 16, 8], "rescale": true},
			"faces": {
				"south": {"uv": [0, 0, 16, 16], "texture": "#fire"}
			}
		},
		{
			"from": [0, 8, 7.2],
			"to": [16, 30.4, 7.2],
			"shade": false,
			"rotation": {"angle": 22.5, "axis": "x", "origin": [8, 16, 8], "rescale": true},
			"faces": {
				"north": {"uv": [0, 0, 16, 16], "texture": "#fire"}
			}
		},
		{
			"from": [8.8, 8, 0],
			"to": [8.8, 30.4, 16],
			"shade": false,
			"rotation": {"angle": -22.5, "axis": "z", "origin": [8, 16, 8], "rescale": true},
			"faces": {
				"west": {"uv": [0, 0, 16, 16], "texture": "#fire"}
			}
		},
		{
			"from": [7.2, 8, 0],
			"to": [7.2, 30.4, 16],
			"shade": false,
			"rotation": {"angle": 22.5, "axis": "z", "origin": [8, 16, 8], "rescale": true},
			"faces": {
				"east": {"uv": [0, 0, 16, 16], "texture": "#fire"}
			}
		},
		{
			"from": [0, 8, 16.01],
			"to": [16, 30.4, 16.01],
			"shade": false,
			"rotation": {"angle": 0, "axis": "y", "origin": [0, 8, 0]},
			"faces": {
				"north": {"uv": [0, 0, 16, 16], "texture": "#fire"},
				"south": {"uv": [0, 0, 16, 16], "texture": "#fire"}
			}
		},
		{
			"from": [15.99, 8, 0],
			"to": [15.99, 30.4, 16],
			"shade": false,
			"rotation": {"angle": 0, "axis": "y", "origin": [0, 8, 0]},
			"faces": {
				"east": {"uv": [16, 0, 0, 16], "texture": "#fire"},
				"west": {"uv": [16, 0, 0, 16], "texture": "#fire"}
			}
		},
		{
			"from": [-0.01, 8, 0],
			"to": [-0.01, 30.4, 16],
			"shade": false,
			"rotation": {"angle": 0, "axis": "y", "origin": [0, 8, 0]},
			"faces": {
				"east": {"uv": [16, 0, 0, 16], "texture": "#fire"},
				"west": {"uv": [16, 0, 0, 16], "texture": "#fire"}
			}
		},
		{
			"from": [0, 8, 0.01],
			"to": [16, 30.4, 0.01],
			"shade": false,
			"rotation": {"angle": 0, "axis": "y", "origin": [0, 8, 0]},
			"faces": {
				"north": {"uv": [0, 0, 16, 16], "texture": "#fire"},
				"south": {"uv": [0, 0, 16, 16], "texture": "#fire"}
			}
		}
	]
}