{
	"textures": {
		"1": "kello:item/decal/moving_platform/dangle",
		"2": "kello:item/decal/cogwheel/0",
		"4": "kello:item/decal/cogwheel/3",
		"5": "kello:item/decal/cogwheel/1"
	},
	"elements": [
		{
			"from": [
				7.360054866676272,
				16.405023488456784,
				5.707836990595611
			],
			"to": [
				7.360054866676272,
				19.21881659190506,
				8.687147335423198
			],
			"rotation": {
				"angle": 0,
				"axis": "y",
				"origin": [
					7.922813487365927,
					-2.8777351322328713,
					8.025078369905955
				]
			},
			"faces": {
				"east": {
					"uv": [
						16,
						0,
						0,
						16
					],
					"rotation": 180,
					"texture": "#2"
				},
				"west": {
					"uv": [
						0,
						0,
						16,
						16
					],
					"rotation": 180,
					"texture": "#2"
				}
			}
		},
		{
			"from": [
				8.088330728745238,
				15.577437281560233,
				5.707836990595611
			],
			"to": [
				8.088330728745238,
				20.21192004018092,
				10.342319749216301
			],
			"rotation": {
				"angle": 0,
				"axis": "y",
				"origin": [
					7.922813487365927,
					-2.8777351322328713,
					8.025078369905955
				]
			},
			"faces": {
				"east": {
					"uv": [
						0,
						0,
						16,
						16
					],
					"texture": "#4"
				},
				"west": {
					"uv": [
						16,
						0,
						0,
						16
					],
					"texture": "#4"
				}
			}
		},
		{
			"from": [
				6.53246865977972,
				18.060195902249887,
				7.031974921630094
			],
			"to": [
				6.53246865977972,
				20.046402798801612,
				9.018181818181818
			],
			"rotation": {
				"angle": 0,
				"axis": "y",
				"origin": [
					9.41246865977972,
					-2.8777351322328713,
					7.876112852664577
				]
			},
			"faces": {
				"east": {
					"uv": [
						16,
						0,
						0,
						16
					],
					"texture": "#5"
				},
				"west": {
					"uv": [
						0,
						0,
						16,
						16
					],
					"texture": "#5"
				}
			}
		},
		{
			"from": [
				9.313158314952133,
				18.060195902249887,
				7.031974921630094
			],
			"to": [
				9.313158314952133,
				20.046402798801612,
				9.018181818181818
			],
			"rotation": {
				"angle": 0,
				"axis": "y",
				"origin": [
					6.433158314952134,
					-2.8777351322328713,
					7.876112852664577
				]
			},
			"faces": {
				"east": {
					"uv": [
						16,
						0,
						0,
						16
					],
					"texture": "#5"
				},
				"west": {
					"uv": [
						0,
						0,
						16,
						16
					],
					"texture": "#5"
				}
			}
		},
		{
			"from": [
				3.9503996942624786,
				-3.7880799598190773,
				4.052664576802508
			],
			"to": [
				11.895227280469374,
				-1.9673903046466634,
				11.997492163009404
			],
			"rotation": {
				"angle": 0,
				"axis": "y",
				"origin": [
					7.922813487365927,
					-2.8777351322328713,
					8.025078369905955
				]
			},
			"faces": {
				"north": {
					"uv": [
						6,
						0,
						12,
						1.25
					],
					"texture": "#1"
				},
				"east": {
					"uv": [
						6,
						1.25,
						12,
						2.5
					],
					"texture": "#1"
				},
				"south": {
					"uv": [
						6,
						2.5,
						12,
						3.75
					],
					"texture": "#1"
				},
				"west": {
					"uv": [
						6,
						3.75,
						12,
						5
					],
					"texture": "#1"
				},
				"up": {
					"uv": [
						6,
						6,
						0,
						0
					],
					"rotation": 90,
					"texture": "#1"
				},
				"down": {
					"uv": [
						6,
						6,
						0,
						12
					],
					"rotation": 180,
					"texture": "#1"
				}
			}
		},
		{
			"from": [
				4.281434177021099,
				-1.9673903046466634,
				4.052664576802508
			],
			"to": [
				4.281434177021099,
				0.3498510746636807,
				11.997492163009404
			],
			"rotation": {
				"angle": -22.5,
				"axis": "z",
				"origin": [
					4.281434177021099,
					-1.9673903046466634,
					8.025078369905955
				]
			},
			"faces": {
				"east": {
					"uv": [
						13,
						5.25,
						7,
						7
					],
					"texture": "#1"
				},
				"west": {
					"uv": [
						7,
						5.25,
						13,
						7
					],
					"texture": "#1"
				}
			}
		},
		{
			"from": [
				11.564192797710755,
				-1.9673903046466634,
				4.052664576802508
			],
			"to": [
				11.564192797710755,
				0.3498510746636807,
				11.997492163009404
			],
			"rotation": {
				"angle": 22.5,
				"axis": "z",
				"origin": [
					11.564192797710755,
					-1.9673903046466634,
					8.025078369905955
				]
			},
			"faces": {
				"east": {
					"uv": [
						13,
						5.25,
						7,
						7
					],
					"texture": "#1"
				},
				"west": {
					"uv": [
						7,
						5.25,
						13,
						7
					],
					"texture": "#1"
				}
			}
		},
		{
			"from": [
				11.233158314952133,
				-0.3122178908535602,
				8.025078369905955
			],
			"to": [
				11.895227280469374,
				0.3498510746636807,
				8.025078369905955
			],
			"rotation": {
				"angle": 22.5,
				"axis": "z",
				"origin": [
					11.564192797710755,
					-1.9673903046466634,
					8.025078369905955
				]
			},
			"faces": {
				"north": {
					"uv": [
						6,
						6.75,
						6.5,
						7.25
					],
					"texture": "#1"
				},
				"south": {
					"uv": [
						6.5,
						6.75,
						6,
						7.25
					],
					"texture": "#1"
				}
			}
		},
		{
			"from": [
				5.446903970124548,
				0.11388638500850945,
				7.77680250783699
			],
			"to": [
				5.446903970124548,
				2.265610522939543,
				8.273354231974922
			],
			"rotation": {
				"angle": -22.5,
				"axis": "z",
				"origin": [
					5.446903970124548,
					0.8463001781119575,
					8.025078369905955
				]
			},
			"faces": {
				"east": {
					"uv": [
						6.75,
						7.625,
						7.125,
						9.25
					],
					"texture": "#1"
				},
				"west": {
					"uv": [
						6.75,
						7.625,
						7.125,
						9.25
					],
					"texture": "#1"
				}
			}
		},
		{
			"from": [
				4.033158314952134,
				0.3498510746636807,
				8.025078369905955
			],
			"to": [
				4.529710039090064,
				2.6670924539740257,
				8.025078369905955
			],
			"rotation": {
				"angle": -22.5,
				"axis": "z",
				"origin": [
					4.281434177021099,
					-1.9673903046466634,
					8.025078369905955
				]
			},
			"faces": {
				"north": {
					"uv": [
						7.125,
						7.5,
						7.5,
						9.25
					],
					"texture": "#1"
				},
				"south": {
					"uv": [
						7.125,
						7.5,
						7.5,
						9.25
					],
					"texture": "#1"
				}
			}
		},
		{
			"from": [
				5.446903970124548,
				2.5966450056981634,
				7.77680250783699
			],
			"to": [
				5.446903970124548,
				4.913886385008508,
				8.273354231974922
			],
			"rotation": {
				"angle": -22.5,
				"axis": "z",
				"origin": [
					5.446903970124548,
					0.8463001781119575,
					8.025078369905955
				]
			},
			"faces": {
				"east": {
					"uv": [
						6.75,
						7.625,
						7.125,
						9.375
					],
					"texture": "#1"
				},
				"west": {
					"uv": [
						6.75,
						7.625,
						7.125,
						9.375
					],
					"texture": "#1"
				}
			}
		},
		{
			"from": [
				4.033158314952134,
				2.6670924539740257,
				8.025078369905955
			],
			"to": [
				4.529710039090064,
				5.315368316042991,
				8.025078369905955
			],
			"rotation": {
				"angle": -22.5,
				"axis": "z",
				"origin": [
					4.281434177021099,
					-1.9673903046466634,
					8.025078369905955
				]
			},
			"faces": {
				"north": {
					"uv": [
						7.125,
						7.5,
						7.5,
						9.5
					],
					"texture": "#1"
				},
				"south": {
					"uv": [
						7.125,
						7.5,
						7.5,
						9.5
					],
					"texture": "#1"
				}
			}
		},
		{
			"from": [
				7.674537625296962,
				7.028307902249889,
				8.025078369905955
			],
			"to": [
				8.171089349434892,
				9.345549281560233,
				8.025078369905955
			],
			"rotation": {
				"angle": 0,
				"axis": "y",
				"origin": [
					8.915916935641789,
					9.384859626387819,
					8.025078369905955
				]
			},
			"faces": {
				"north": {
					"uv": [
						7.125,
						7.5,
						7.5,
						9.25
					],
					"texture": "#1"
				},
				"south": {
					"uv": [
						7.125,
						7.5,
						7.5,
						9.25
					],
					"texture": "#1"
				}
			}
		},
		{
			"from": [
				7.922813487365927,
				7.0241699712154055,
				7.77680250783699
			],
			"to": [
				7.922813487365927,
				9.175894109146439,
				8.273354231974922
			],
			"rotation": {
				"angle": 0,
				"axis": "y",
				"origin": [
					8.915916935641789,
					9.384859626387819,
					8.025078369905955
				]
			},
			"faces": {
				"east": {
					"uv": [
						6.75,
						7.625,
						7.125,
						9.25
					],
					"texture": "#1"
				},
				"west": {
					"uv": [
						6.75,
						7.625,
						7.125,
						9.25
					],
					"texture": "#1"
				}
			}
		},
		{
			"from": [
				7.674537625296962,
				9.345549281560233,
				8.025078369905955
			],
			"to": [
				8.171089349434892,
				11.993825143629198,
				8.025078369905955
			],
			"rotation": {
				"angle": 0,
				"axis": "y",
				"origin": [
					8.915916935641789,
					9.384859626387819,
					8.025078369905955
				]
			},
			"faces": {
				"north": {
					"uv": [
						7.125,
						7.5,
						7.5,
						9.5
					],
					"texture": "#1"
				},
				"south": {
					"uv": [
						7.125,
						7.5,
						7.5,
						9.5
					],
					"texture": "#1"
				}
			}
		},
		{
			"from": [
				7.922813487365927,
				9.50692859190506,
				7.77680250783699
			],
			"to": [
				7.922813487365927,
				11.824169971215404,
				8.273354231974922
			],
			"rotation": {
				"angle": 0,
				"axis": "y",
				"origin": [
					8.915916935641789,
					9.384859626387819,
					8.025078369905955
				]
			},
			"faces": {
				"east": {
					"uv": [
						6.75,
						7.625,
						7.125,
						9.375
					],
					"texture": "#1"
				},
				"west": {
					"uv": [
						6.75,
						7.625,
						7.125,
						9.375
					],
					"texture": "#1"
				}
			}
		},
		{
			"from": [
				7.922813487365927,
				12.155204453974026,
				7.77680250783699
			],
			"to": [
				7.922813487365927,
				14.472445833284372,
				8.273354231974922
			],
			"rotation": {
				"angle": 0,
				"axis": "y",
				"origin": [
					8.915916935641789,
					9.384859626387819,
					8.025078369905955
				]
			},
			"faces": {
				"east": {
					"uv": [
						6.75,
						7.625,
						7.125,
						9.375
					],
					"texture": "#1"
				},
				"west": {
					"uv": [
						6.75,
						7.625,
						7.125,
						9.375
					],
					"texture": "#1"
				}
			}
		},
		{
			"from": [
				7.674537625296962,
				11.993825143629198,
				8.025078369905955
			],
			"to": [
				8.171089349434892,
				14.642101005698166,
				8.025078369905955
			],
			"rotation": {
				"angle": 0,
				"axis": "y",
				"origin": [
					8.915916935641789,
					9.384859626387819,
					8.025078369905955
				]
			},
			"faces": {
				"north": {
					"uv": [
						7.125,
						7.5,
						7.5,
						9.5
					],
					"texture": "#1"
				},
				"south": {
					"uv": [
						7.125,
						7.5,
						7.5,
						9.5
					],
					"texture": "#1"
				}
			}
		},
		{
			"from": [
				7.922813487365927,
				14.803480316042991,
				7.77680250783699
			],
			"to": [
				7.922813487365927,
				17.120721695353332,
				8.273354231974922
			],
			"rotation": {
				"angle": 0,
				"axis": "y",
				"origin": [
					8.915916935641789,
					9.384859626387819,
					8.025078369905955
				]
			},
			"faces": {
				"east": {
					"uv": [
						6.75,
						7.625,
						7.125,
						9.375
					],
					"texture": "#1"
				},
				"west": {
					"uv": [
						6.75,
						7.625,
						7.125,
						9.375
					],
					"texture": "#1"
				}
			}
		},
		{
			"from": [
				7.674537625296962,
				14.642101005698166,
				8.025078369905955
			],
			"to": [
				8.171089349434892,
				17.290376867767133,
				8.025078369905955
			],
			"rotation": {
				"angle": 0,
				"axis": "y",
				"origin": [
					8.915916935641789,
					9.384859626387819,
					8.025078369905955
				]
			},
			"faces": {
				"north": {
					"uv": [
						7.125,
						7.5,
						7.5,
						9.5
					],
					"texture": "#1"
				},
				"south": {
					"uv": [
						7.125,
						7.5,
						7.5,
						9.5
					],
					"texture": "#1"
				}
			}
		},
		{
			"from": [
				7.674537625296962,
				17.290376867767133,
				8.025078369905955
			],
			"to": [
				8.171089349434892,
				17.952445833284372,
				8.025078369905955
			],
			"rotation": {
				"angle": 0,
				"axis": "y",
				"origin": [
					8.915916935641789,
					9.384859626387819,
					8.025078369905955
				]
			},
			"faces": {
				"north": {
					"uv": [
						7.125,
						7.625,
						7.5,
						8.125
					],
					"texture": "#1"
				},
				"south": {
					"uv": [
						7.125,
						7.625,
						7.5,
						8.125
					],
					"texture": "#1"
				}
			}
		},
		{
			"from": [
				7.922813487365927,
				17.451756178111957,
				7.77680250783699
			],
			"to": [
				7.922813487365927,
				17.948307902249887,
				8.273354231974922
			],
			"rotation": {
				"angle": 0,
				"axis": "y",
				"origin": [
					8.915916935641789,
					9.384859626387819,
					8.025078369905955
				]
			},
			"faces": {
				"east": {
					"uv": [
						6.75,
						7.625,
						7.125,
						8
					],
					"texture": "#1"
				},
				"west": {
					"uv": [
						6.75,
						7.625,
						7.125,
						8
					],
					"texture": "#1"
				}
			}
		},
		{
			"from": [
				4.033158314952134,
				5.315368316042991,
				8.025078369905955
			],
			"to": [
				4.529710039090064,
				6.639506247077474,
				8.025078369905955
			],
			"rotation": {
				"angle": -22.5,
				"axis": "z",
				"origin": [
					4.281434177021099,
					-1.9673903046466634,
					8.025078369905955
				]
			},
			"faces": {
				"north": {
					"uv": [
						7.125,
						7.75,
						7.5,
						8.75
					],
					"texture": "#1"
				},
				"south": {
					"uv": [
						7.125,
						7.75,
						7.5,
						8.75
					],
					"texture": "#1"
				}
			}
		},
		{
			"from": [
				5.446903970124548,
				5.244920867767129,
				7.77680250783699
			],
			"to": [
				5.446903970124548,
				6.900093281560233,
				8.273354231974922
			],
			"rotation": {
				"angle": -22.5,
				"axis": "z",
				"origin": [
					5.446903970124548,
					0.8463001781119575,
					8.025078369905955
				]
			},
			"faces": {
				"east": {
					"uv": [
						6.75,
						8.125,
						7.125,
						9.375
					],
					"texture": "#1"
				},
				"west": {
					"uv": [
						6.75,
						8.125,
						7.125,
						9.375
					],
					"texture": "#1"
				}
			}
		},
		{
			"from": [
				11.315916935641788,
				0.3498510746636807,
				8.025078369905955
			],
			"to": [
				11.81246865977972,
				2.6670924539740257,
				8.025078369905955
			],
			"rotation": {
				"angle": 22.5,
				"axis": "z",
				"origin": [
					11.564192797710755,
					-1.9673903046466634,
					8.025078369905955
				]
			},
			"faces": {
				"north": {
					"uv": [
						7.5,
						7.5,
						7.125,
						9.25
					],
					"texture": "#1"
				},
				"south": {
					"uv": [
						7.5,
						7.5,
						7.125,
						9.25
					],
					"texture": "#1"
				}
			}
		},
		{
			"from": [
				10.398723004607305,
				0.11388638500850945,
				7.77680250783699
			],
			"to": [
				10.398723004607305,
				2.265610522939543,
				8.273354231974922
			],
			"rotation": {
				"angle": 22.5,
				"axis": "z",
				"origin": [
					10.398723004607305,
					0.8463001781119575,
					8.025078369905955
				]
			},
			"faces": {
				"east": {
					"uv": [
						7.125,
						7.625,
						6.75,
						9.25
					],
					"texture": "#1"
				},
				"west": {
					"uv": [
						7.125,
						7.625,
						6.75,
						9.25
					],
					"texture": "#1"
				}
			}
		},
		{
			"from": [
				11.315916935641788,
				2.6670924539740257,
				8.025078369905955
			],
			"to": [
				11.81246865977972,
				5.315368316042991,
				8.025078369905955
			],
			"rotation": {
				"angle": 22.5,
				"axis": "z",
				"origin": [
					11.564192797710755,
					-1.9673903046466634,
					8.025078369905955
				]
			},
			"faces": {
				"north": {
					"uv": [
						7.5,
						7.5,
						7.125,
						9.5
					],
					"texture": "#1"
				},
				"south": {
					"uv": [
						7.5,
						7.5,
						7.125,
						9.5
					],
					"texture": "#1"
				}
			}
		},
		{
			"from": [
				10.398723004607305,
				2.5966450056981634,
				7.77680250783699
			],
			"to": [
				10.398723004607305,
				4.913886385008508,
				8.273354231974922
			],
			"rotation": {
				"angle": 22.5,
				"axis": "z",
				"origin": [
					10.398723004607305,
					0.8463001781119575,
					8.025078369905955
				]
			},
			"faces": {
				"east": {
					"uv": [
						7.125,
						7.625,
						6.75,
						9.375
					],
					"texture": "#1"
				},
				"west": {
					"uv": [
						7.125,
						7.625,
						6.75,
						9.375
					],
					"texture": "#1"
				}
			}
		},
		{
			"from": [
				10.398723004607305,
				5.244920867767129,
				7.77680250783699
			],
			"to": [
				10.398723004607305,
				6.900093281560233,
				8.273354231974922
			],
			"rotation": {
				"angle": 22.5,
				"axis": "z",
				"origin": [
					10.398723004607305,
					0.8463001781119575,
					8.025078369905955
				]
			},
			"faces": {
				"east": {
					"uv": [
						7.125,
						8.125,
						6.75,
						9.375
					],
					"texture": "#1"
				},
				"west": {
					"uv": [
						7.125,
						8.125,
						6.75,
						9.375
					],
					"texture": "#1"
				}
			}
		},
		{
			"from": [
				11.315916935641788,
				5.315368316042991,
				8.025078369905955
			],
			"to": [
				11.81246865977972,
				6.639506247077474,
				8.025078369905955
			],
			"rotation": {
				"angle": 22.5,
				"axis": "z",
				"origin": [
					11.564192797710755,
					-1.9673903046466634,
					8.025078369905955
				]
			},
			"faces": {
				"north": {
					"uv": [
						7.5,
						7.75,
						7.125,
						8.75
					],
					"texture": "#1"
				},
				"south": {
					"uv": [
						7.5,
						7.75,
						7.125,
						8.75
					],
					"texture": "#1"
				}
			}
		},
		{
			"from": [
				7.7060901770211,
				7.075049971215405,
				8.025078369905955
			],
			"to": [
				8.20264190115903,
				9.094360316042993,
				8.025078369905955
			],
			"rotation": {
				"angle": 0,
				"axis": "y",
				"origin": [
					8.781952245986616,
					8.059877557422302,
					8.025078369905955
				]
			},
			"faces": {
				"north": {
					"uv": [
						6.5,
						5,
						6.875,
						6.625
					],
					"texture": "#1"
				},
				"south": {
					"uv": [
						6.5,
						5,
						6.875,
						6.625
					],
					"texture": "#1"
				}
			}
		},
		{
			"from": [
				7.7060901770211,
				8.937118936732647,
				8.025078369905955
			],
			"to": [
				8.20264190115903,
				10.956429281560233,
				8.025078369905955
			],
			"rotation": {
				"angle": 0,
				"axis": "y",
				"origin": [
					8.781952245986616,
					8.059877557422302,
					8.025078369905955
				]
			},
			"faces": {
				"north": {
					"uv": [
						6.5,
						5,
						6.875,
						6.625
					],
					"texture": "#1"
				},
				"south": {
					"uv": [
						6.5,
						5,
						6.875,
						6.625
					],
					"texture": "#1"
				}
			}
		},
		{
			"from": [
				7.397514728745237,
				6.068471764318852,
				7.942319749216301
			],
			"to": [
				8.3906181770211,
				7.061575212594715,
				8.107836990595612
			],
			"rotation": {
				"angle": 45,
				"axis": "z",
				"origin": [
					7.986314177021099,
					6.567468178111956,
					8.025078369905955
				]
			},
			"faces": {
				"north": {
					"uv": [
						6.75,
						8.25,
						6,
						7.5
					],
					"rotation": 180,
					"texture": "#1"
				},
				"east": {
					"uv": [
						6.125,
						7.5,
						6,
						8.25
					],
					"texture": "#1"
				},
				"south": {
					"uv": [
						6,
						8.25,
						6.75,
						7.5
					],
					"rotation": 180,
					"texture": "#1"
				},
				"west": {
					"uv": [
						6.75,
						7.5,
						6.625,
						8.25
					],
					"texture": "#1"
				},
				"up": {
					"uv": [
						6,
						7.625,
						6.75,
						7.5
					],
					"rotation": 180,
					"texture": "#1"
				},
				"down": {
					"uv": [
						6,
						8.25,
						6.75,
						8.125
					],
					"rotation": 180,
					"texture": "#1"
				}
			}
		},
		{
			"from": [
				6.598675556331444,
				17.936057971215405,
				7.031974921630094
			],
			"to": [
				9.24695141840041,
				19.260195902249887,
				9.018181818181818
			],
			"faces": {
				"east": {
					"uv": [
						12,
						1,
						13.5,
						2
					],
					"texture": "#1"
				},
				"west": {
					"uv": [
						12,
						0,
						13.5,
						1
					],
					"texture": "#1"
				},
				"down": {
					"uv": [
						13.5,
						0,
						15,
						2
					],
					"rotation": 270,
					"texture": "#1"
				}
			}
		},
		{
			"from": [
				9.24695141840041,
				19.260195902249887,
				9.018181818181818
			],
			"to": [
				6.598675556331444,
				17.936057971215405,
				7.031974921630094
			],
			"faces": {
				"east": {
					"uv": [
						12,
						1,
						13.5,
						0
					],
					"texture": "#1"
				},
				"west": {
					"uv": [
						12,
						2,
						13.5,
						1
					],
					"texture": "#1"
				},
				"up": {
					"uv": [
						13.5,
						2,
						15,
						0
					],
					"rotation": 270,
					"texture": "#1"
				}
			}
		}
	],
	"display": {
		"head": {
			"rotation": [
				0,
				180,
				0
			]
		}
	}
}