{
	"credit": "Made with Blockbench",
	"textures": {
		"0": "kello:item/decal/billboard/logo_music",
		"1": "kello:item/decal/billboard/logo_music_extra"
	},
	"elements": [
		{
			"from": [-0.80302, 8.67925, 7.95415],
			"to": [16.80302, 17.48226, 8.04585],
			"rotation": {"angle": 0, "axis": "y", "origin": [5.06566, 8.67925, 8]},
			"faces": {
				"north": {"uv": [0, 3.5, 16, 12.5], "texture": "#0"},
				"south": {"uv": [0, 3.5, 16, 12.5], "texture": "#0"}
			}
		},
		{
			"from": [-0.80302, 17.50943, 7.95415],
			"to": [16.80302, 19.74642, 8.04585],
			"rotation": {"angle": 0, "axis": "y", "origin": [5.06566, 9.81132, 8]},
			"faces": {
				"north": {"uv": [6.25, 0.5, 16, 1.75], "texture": "#1"},
				"south": {"uv": [16, 0.5, 6.25, 1.75], "texture": "#1"}
			}
		},
		{
			"from": [-1.28302, 8.22642, 7.77358],
			"to": [17.28302, 8.67925, 8.22642],
			"rotation": {"angle": 0, "axis": "y", "origin": [8, 8.67925, 8]},
			"faces": {
				"north": {"uv": [13, 0, 2.75, 0.25], "texture": "#1"},
				"east": {"uv": [2.75, 1, 3, 1.25], "texture": "#1"},
				"south": {"uv": [2.75, 0, 13, 0.25], "texture": "#1"},
				"west": {"uv": [2.75, 1.25, 3, 1.5], "texture": "#1"},
				"up": {"uv": [2.75, 0.125, 13, 0], "texture": "#1"},
				"down": {"uv": [2.75, 0.125, 13, 0.25], "texture": "#1"}
			}
		},
		{
			"from": [14.78579, 15.41676, 7.7283],
			"to": [18.40843, 19.0394, 7.7283],
			"rotation": {"angle": -22.5, "axis": "z", "origin": [16.59711, 17.22808, 7.7283]},
			"faces": {
				"north": {"uv": [5, 1, 3, 3], "texture": "#1"},
				"south": {"uv": [3, 1, 5, 3], "texture": "#1"}
			}
		},
		{
			"from": [-2.40843, 15.41676, 7.7283],
			"to": [1.21421, 19.0394, 7.7283],
			"rotation": {"angle": 22.5, "axis": "z", "origin": [-0.59711, 17.22808, 7.7283]},
			"faces": {
				"north": {"uv": [3, 1, 5, 3], "texture": "#1"},
				"south": {"uv": [5, 1, 3, 3], "texture": "#1"}
			}
		},
		{
			"from": [16.83019, 8.67925, 8],
			"to": [20, 16.83019, 8],
			"rotation": {"angle": 0, "axis": "y", "origin": [8, 8.67925, 8]},
			"faces": {
				"north": {"uv": [0, 0, 1.75, 4.5], "texture": "#1"},
				"south": {"uv": [1.75, 0, 0, 4.5], "texture": "#1"}
			}
		},
		{
			"from": [-4, 8.67925, 8],
			"to": [-0.83019, 16.83019, 8],
			"rotation": {"angle": 0, "axis": "y", "origin": [8, 8.67925, 8]},
			"faces": {
				"north": {"uv": [1.75, 0, 0, 4.5], "texture": "#1"},
				"south": {"uv": [0, 0, 1.75, 4.5], "texture": "#1"}
			}
		}
	],
	"display": {
		"head": {
			"rotation": [0, 180, 0]
		}
	}
}