{
	"textures": {
		"0": "kello:item/decal/wall_mellolily"
	},
	"elements": [
		{
			"from": [
				1.9240506329113929,
				4.962025316455696,
				6.860759493670886
			],
			"to": [
				23.189873417721518,
				17.11392405063291,
				6.860759493670886
			],
			"rotation": {
				"angle": 22.5,
				"axis": "y",
				"origin": [
					1.9240506329113929,
					11.037974683544304,
					6.860759493670886
				]
			},
			"faces": {
				"north": {
					"uv": [
						0,
						4,
						7,
						8
					],
					"texture": "#0",
					"tintindex": 0
				},
				"south": {
					"uv": [
						7,
						4,
						0,
						8
					],
					"texture": "#0",
					"tintindex": 0
				}
			}
		},
		{
			"from": [
				1.9240506329113929,
				9.518987341772151,
				10.278481012658228
			],
			"to": [
				23.189873417721518,
				21.670886075949365,
				10.278481012658228
			],
			"rotation": {
				"angle": -22.5,
				"axis": "y",
				"origin": [
					1.9240506329113929,
					15.594936708860759,
					10.278481012658228
				]
			},
			"faces": {
				"north": {
					"uv": [
						0,
						0,
						7,
						4
					],
					"texture": "#0",
					"tintindex": 0
				},
				"south": {
					"uv": [
						7,
						0,
						0,
						4
					],
					"texture": "#0",
					"tintindex": 0
				}
			}
		},
		{
			"from": [
				1.9240506329113929,
				13.316455696202532,
				7.848101265822785
			],
			"to": [
				23.189873417721518,
				25.468354430379744,
				7.848101265822785
			],
			"rotation": {
				"angle": 0,
				"axis": "y",
				"origin": [
					1.9240506329113929,
					19.392405063291136,
					7.848101265822785
				]
			},
			"faces": {
				"north": {
					"uv": [
						0,
						8.25,
						7,
						12.25
					],
					"texture": "#0",
					"tintindex": 0
				},
				"south": {
					"uv": [
						7,
						8.25,
						0,
						12.25
					],
					"texture": "#0",
					"tintindex": 0
				}
			}
		},
		{
			"from": [
				7.924050632911392,
				10.430379746835444,
				10.886075949367088
			],
			"to": [
				7.924050632911392,
				14.22784810126582,
				14.683544303797468
			],
			"rotation": {
				"angle": 45,
				"axis": "y",
				"origin": [
					7.924050632911392,
					10.430379746835444,
					12.784810126582279
				]
			},
			"faces": {
				"east": {
					"uv": [
						16,
						0,
						14.75,
						1.25
					],
					"texture": "#0"
				},
				"west": {
					"uv": [
						14.75,
						0,
						16,
						1.25
					],
					"texture": "#0"
				}
			}
		},
		{
			"from": [
				7.924050632911392,
				10.430379746835444,
				10.886075949367088
			],
			"to": [
				7.924050632911392,
				14.22784810126582,
				14.683544303797468
			],
			"rotation": {
				"angle": -45,
				"axis": "y",
				"origin": [
					7.924050632911392,
					10.430379746835444,
					12.784810126582279
				]
			},
			"faces": {
				"east": {
					"uv": [
						14.75,
						0,
						16,
						1.25
					],
					"texture": "#0"
				},
				"west": {
					"uv": [
						16,
						0,
						14.75,
						1.25
					],
					"texture": "#0"
				}
			}
		},
		{
			"from": [
				7.1645569620253164,
				5.113924050632912,
				2.8354430379746844
			],
			"to": [
				7.1645569620253164,
				8.91139240506329,
				6.632911392405063
			],
			"rotation": {
				"angle": -45,
				"axis": "y",
				"origin": [
					7.1645569620253164,
					5.113924050632912,
					4.734177215189874
				]
			},
			"faces": {
				"east": {
					"uv": [
						14.75,
						2.5,
						16,
						3.75
					],
					"texture": "#0"
				},
				"west": {
					"uv": [
						16,
						2.5,
						14.75,
						3.75
					],
					"texture": "#0"
				}
			}
		},
		{
			"from": [
				7.1645569620253164,
				5.113924050632912,
				2.8354430379746844
			],
			"to": [
				7.1645569620253164,
				8.91139240506329,
				6.632911392405063
			],
			"rotation": {
				"angle": 45,
				"axis": "y",
				"origin": [
					7.1645569620253164,
					5.113924050632912,
					4.734177215189874
				]
			},
			"faces": {
				"east": {
					"uv": [
						16,
						2.5,
						14.75,
						3.75
					],
					"texture": "#0"
				},
				"west": {
					"uv": [
						14.75,
						2.5,
						16,
						3.75
					],
					"texture": "#0"
				}
			}
		},
		{
			"from": [
				12.784810126582279,
				3.59493670886076,
				0.556962025316456
			],
			"to": [
				12.784810126582279,
				7.3924050632911396,
				4.3544303797468356
			],
			"rotation": {
				"angle": -45,
				"axis": "y",
				"origin": [
					12.784810126582279,
					3.59493670886076,
					2.455696202531646
				]
			},
			"faces": {
				"east": {
					"uv": [
						14.75,
						0,
						16,
						1.25
					],
					"texture": "#0"
				},
				"west": {
					"uv": [
						16,
						0,
						14.75,
						1.25
					],
					"texture": "#0"
				}
			}
		},
		{
			"from": [
				12.784810126582279,
				3.59493670886076,
				0.556962025316456
			],
			"to": [
				12.784810126582279,
				7.3924050632911396,
				4.3544303797468356
			],
			"rotation": {
				"angle": 45,
				"axis": "y",
				"origin": [
					12.784810126582279,
					3.59493670886076,
					2.455696202531646
				]
			},
			"faces": {
				"east": {
					"uv": [
						16,
						0,
						14.75,
						1.25
					],
					"texture": "#0"
				},
				"west": {
					"uv": [
						14.75,
						0,
						16,
						1.25
					],
					"texture": "#0"
				}
			}
		},
		{
			"from": [
				11.265822784810126,
				8.151898734177216,
				1.1645569620253173
			],
			"to": [
				11.265822784810126,
				11.949367088607595,
				4.962025316455696
			],
			"rotation": {
				"angle": -45,
				"axis": "y",
				"origin": [
					11.265822784810126,
					8.151898734177216,
					3.0632911392405067
				]
			},
			"faces": {
				"east": {
					"uv": [
						14.75,
						1.25,
						16,
						2.5
					],
					"texture": "#0",
					"tintindex": 0
				},
				"west": {
					"uv": [
						16,
						1.25,
						14.75,
						2.5
					],
					"texture": "#0",
					"tintindex": 0
				}
			}
		},
		{
			"from": [
				11.265822784810126,
				8.151898734177216,
				1.1645569620253173
			],
			"to": [
				11.265822784810126,
				11.949367088607595,
				4.962025316455696
			],
			"rotation": {
				"angle": 45,
				"axis": "y",
				"origin": [
					11.265822784810126,
					8.151898734177216,
					3.0632911392405067
				]
			},
			"faces": {
				"east": {
					"uv": [
						16,
						1.25,
						14.75,
						2.5
					],
					"texture": "#0",
					"tintindex": 0
				},
				"west": {
					"uv": [
						14.75,
						1.25,
						16,
						2.5
					],
					"texture": "#0",
					"tintindex": 0
				}
			}
		},
		{
			"from": [
				16.354430379746837,
				7.468354430379747,
				-1.1139240506329102
			],
			"to": [
				16.354430379746837,
				11.265822784810126,
				2.6835443037974684
			],
			"rotation": {
				"angle": -45,
				"axis": "y",
				"origin": [
					16.354430379746837,
					7.468354430379747,
					0.7848101265822791
				]
			},
			"faces": {
				"east": {
					"uv": [
						14.75,
						0,
						16,
						1.25
					],
					"texture": "#0"
				},
				"west": {
					"uv": [
						16,
						0,
						14.75,
						1.25
					],
					"texture": "#0"
				}
			}
		},
		{
			"from": [
				16.354430379746837,
				7.468354430379747,
				-1.1139240506329102
			],
			"to": [
				16.354430379746837,
				11.265822784810126,
				2.6835443037974684
			],
			"rotation": {
				"angle": 45,
				"axis": "y",
				"origin": [
					16.354430379746837,
					7.468354430379747,
					0.7848101265822791
				]
			},
			"faces": {
				"east": {
					"uv": [
						16,
						0,
						14.75,
						1.25
					],
					"texture": "#0"
				},
				"west": {
					"uv": [
						14.75,
						0,
						16,
						1.25
					],
					"texture": "#0"
				}
			}
		},
		{
			"from": [
				19.848101265822784,
				2.303797468354431,
				-2.405063291139239
			],
			"to": [
				19.848101265822784,
				6.101265822784811,
				1.3924050632911404
			],
			"rotation": {
				"angle": -45,
				"axis": "y",
				"origin": [
					19.848101265822784,
					2.303797468354431,
					-0.5063291139240498
				]
			},
			"faces": {
				"east": {
					"uv": [
						14.75,
						2.5,
						16,
						3.75
					],
					"texture": "#0"
				},
				"west": {
					"uv": [
						16,
						2.5,
						14.75,
						3.75
					],
					"texture": "#0"
				}
			}
		},
		{
			"from": [
				19.848101265822784,
				2.303797468354431,
				-2.405063291139239
			],
			"to": [
				19.848101265822784,
				6.101265822784811,
				1.3924050632911404
			],
			"rotation": {
				"angle": 45,
				"axis": "y",
				"origin": [
					19.848101265822784,
					2.303797468354431,
					-0.5063291139240498
				]
			},
			"faces": {
				"east": {
					"uv": [
						16,
						2.5,
						14.75,
						3.75
					],
					"texture": "#0"
				},
				"west": {
					"uv": [
						14.75,
						2.5,
						16,
						3.75
					],
					"texture": "#0"
				}
			}
		},
		{
			"from": [
				19.088607594936708,
				9.974683544303797,
				-2.177215189873417
			],
			"to": [
				19.088607594936708,
				13.772151898734176,
				1.6202531645569627
			],
			"rotation": {
				"angle": -45,
				"axis": "y",
				"origin": [
					19.088607594936708,
					9.974683544303797,
					-0.27848101265822756
				]
			},
			"faces": {
				"east": {
					"uv": [
						14.75,
						3.75,
						16,
						5
					],
					"texture": "#0",
					"tintindex": 0
				},
				"west": {
					"uv": [
						16,
						3.75,
						14.75,
						5
					],
					"texture": "#0",
					"tintindex": 0
				}
			}
		},
		{
			"from": [
				19.088607594936708,
				9.974683544303797,
				-2.177215189873417
			],
			"to": [
				19.088607594936708,
				13.772151898734176,
				1.6202531645569627
			],
			"rotation": {
				"angle": 45,
				"axis": "y",
				"origin": [
					19.088607594936708,
					9.974683544303797,
					-0.27848101265822756
				]
			},
			"faces": {
				"east": {
					"uv": [
						16,
						3.75,
						14.75,
						5
					],
					"texture": "#0",
					"tintindex": 0
				},
				"west": {
					"uv": [
						14.75,
						3.75,
						16,
						5
					],
					"texture": "#0",
					"tintindex": 0
				}
			}
		},
		{
			"from": [
				4.2784810126582276,
				1.4683544303797476,
				4.050632911392405
			],
			"to": [
				4.2784810126582276,
				5.265822784810126,
				7.848101265822785
			],
			"rotation": {
				"angle": -45,
				"axis": "y",
				"origin": [
					4.2784810126582276,
					1.4683544303797476,
					5.949367088607595
				]
			},
			"faces": {
				"east": {
					"uv": [
						14.75,
						2.5,
						16,
						3.75
					],
					"texture": "#0"
				},
				"west": {
					"uv": [
						16,
						2.5,
						14.75,
						3.75
					],
					"texture": "#0"
				}
			}
		},
		{
			"from": [
				4.2784810126582276,
				1.4683544303797476,
				4.050632911392405
			],
			"to": [
				4.2784810126582276,
				5.265822784810126,
				7.848101265822785
			],
			"rotation": {
				"angle": 45,
				"axis": "y",
				"origin": [
					4.2784810126582276,
					1.4683544303797476,
					5.949367088607595
				]
			},
			"faces": {
				"east": {
					"uv": [
						16,
						2.5,
						14.75,
						3.75
					],
					"texture": "#0"
				},
				"west": {
					"uv": [
						14.75,
						2.5,
						16,
						3.75
					],
					"texture": "#0"
				}
			}
		},
		{
			"from": [
				5.113924050632912,
				8.987341772151899,
				9.746835443037975
			],
			"to": [
				5.113924050632912,
				12.784810126582279,
				13.544303797468354
			],
			"rotation": {
				"angle": 45,
				"axis": "y",
				"origin": [
					5.113924050632912,
					8.987341772151899,
					11.645569620253164
				]
			},
			"faces": {
				"east": {
					"uv": [
						16,
						2.5,
						14.75,
						3.75
					],
					"texture": "#0"
				},
				"west": {
					"uv": [
						14.75,
						2.5,
						16,
						3.75
					],
					"texture": "#0"
				}
			}
		},
		{
			"from": [
				5.113924050632912,
				8.987341772151899,
				9.746835443037975
			],
			"to": [
				5.113924050632912,
				12.784810126582279,
				13.544303797468354
			],
			"rotation": {
				"angle": -45,
				"axis": "y",
				"origin": [
					5.113924050632912,
					8.987341772151899,
					11.645569620253164
				]
			},
			"faces": {
				"east": {
					"uv": [
						14.75,
						2.5,
						16,
						3.75
					],
					"texture": "#0"
				},
				"west": {
					"uv": [
						16,
						2.5,
						14.75,
						3.75
					],
					"texture": "#0"
				}
			}
		},
		{
			"from": [
				3.670886075949367,
				14.30379746835443,
				9.139240506329113
			],
			"to": [
				3.670886075949367,
				18.10126582278481,
				12.936708860759493
			],
			"rotation": {
				"angle": 45,
				"axis": "y",
				"origin": [
					3.670886075949367,
					14.30379746835443,
					11.037974683544304
				]
			},
			"faces": {
				"east": {
					"uv": [
						16,
						0,
						14.75,
						1.25
					],
					"texture": "#0"
				},
				"west": {
					"uv": [
						14.75,
						0,
						16,
						1.25
					],
					"texture": "#0"
				}
			}
		},
		{
			"from": [
				3.670886075949367,
				14.30379746835443,
				9.139240506329113
			],
			"to": [
				3.670886075949367,
				18.10126582278481,
				12.936708860759493
			],
			"rotation": {
				"angle": -45,
				"axis": "y",
				"origin": [
					3.670886075949367,
					14.30379746835443,
					11.037974683544304
				]
			},
			"faces": {
				"east": {
					"uv": [
						14.75,
						0,
						16,
						1.25
					],
					"texture": "#0"
				},
				"west": {
					"uv": [
						16,
						0,
						14.75,
						1.25
					],
					"texture": "#0"
				}
			}
		},
		{
			"from": [
				4.582278481012659,
				18.0253164556962,
				5.949367088607595
			],
			"to": [
				4.582278481012659,
				21.82278481012658,
				9.746835443037975
			],
			"rotation": {
				"angle": -45,
				"axis": "y",
				"origin": [
					4.582278481012659,
					18.0253164556962,
					7.848101265822785
				]
			},
			"faces": {
				"east": {
					"uv": [
						14.75,
						1.25,
						16,
						2.5
					],
					"texture": "#0",
					"tintindex": 0
				},
				"west": {
					"uv": [
						16,
						1.25,
						14.75,
						2.5
					],
					"texture": "#0",
					"tintindex": 0
				}
			}
		},
		{
			"from": [
				4.582278481012659,
				18.0253164556962,
				5.949367088607595
			],
			"to": [
				4.582278481012659,
				21.82278481012658,
				9.746835443037975
			],
			"rotation": {
				"angle": 45,
				"axis": "y",
				"origin": [
					4.582278481012659,
					18.0253164556962,
					7.848101265822785
				]
			},
			"faces": {
				"east": {
					"uv": [
						16,
						1.25,
						14.75,
						2.5
					],
					"texture": "#0",
					"tintindex": 0
				},
				"west": {
					"uv": [
						14.75,
						1.25,
						16,
						2.5
					],
					"texture": "#0",
					"tintindex": 0
				}
			}
		},
		{
			"from": [
				8.379746835443038,
				16.50632911392405,
				5.949367088607595
			],
			"to": [
				8.379746835443038,
				20.30379746835443,
				9.746835443037975
			],
			"rotation": {
				"angle": -45,
				"axis": "y",
				"origin": [
					8.379746835443038,
					16.50632911392405,
					7.848101265822785
				]
			},
			"faces": {
				"east": {
					"uv": [
						14.75,
						2.5,
						16,
						3.75
					],
					"texture": "#0"
				},
				"west": {
					"uv": [
						16,
						2.5,
						14.75,
						3.75
					],
					"texture": "#0"
				}
			}
		},
		{
			"from": [
				8.379746835443038,
				16.50632911392405,
				5.949367088607595
			],
			"to": [
				8.379746835443038,
				20.30379746835443,
				9.746835443037975
			],
			"rotation": {
				"angle": 45,
				"axis": "y",
				"origin": [
					8.379746835443038,
					16.50632911392405,
					7.848101265822785
				]
			},
			"faces": {
				"east": {
					"uv": [
						16,
						2.5,
						14.75,
						3.75
					],
					"texture": "#0"
				},
				"west": {
					"uv": [
						14.75,
						2.5,
						16,
						3.75
					],
					"texture": "#0"
				}
			}
		},
		{
			"from": [
				9.89873417721519,
				12.025316455696203,
				5.8734177215189876
			],
			"to": [
				9.89873417721519,
				15.822784810126581,
				9.670886075949367
			],
			"rotation": {
				"angle": -45,
				"axis": "y",
				"origin": [
					9.89873417721519,
					12.025316455696203,
					7.772151898734177
				]
			},
			"faces": {
				"east": {
					"uv": [
						14.75,
						0,
						16,
						1.25
					],
					"texture": "#0"
				},
				"west": {
					"uv": [
						16,
						0,
						14.75,
						1.25
					],
					"texture": "#0"
				}
			}
		},
		{
			"from": [
				9.89873417721519,
				12.025316455696203,
				5.8734177215189876
			],
			"to": [
				9.89873417721519,
				15.822784810126581,
				9.670886075949367
			],
			"rotation": {
				"angle": 45,
				"axis": "y",
				"origin": [
					9.89873417721519,
					12.025316455696203,
					7.772151898734177
				]
			},
			"faces": {
				"east": {
					"uv": [
						16,
						0,
						14.75,
						1.25
					],
					"texture": "#0"
				},
				"west": {
					"uv": [
						14.75,
						0,
						16,
						1.25
					],
					"texture": "#0"
				}
			}
		},
		{
			"from": [
				12.936708860759493,
				12.025316455696203,
				5.8734177215189876
			],
			"to": [
				12.936708860759493,
				15.822784810126581,
				9.670886075949367
			],
			"rotation": {
				"angle": -45,
				"axis": "y",
				"origin": [
					12.936708860759493,
					12.025316455696203,
					7.772151898734177
				]
			},
			"faces": {
				"east": {
					"uv": [
						14.75,
						1.25,
						16,
						2.5
					],
					"texture": "#0",
					"tintindex": 0
				},
				"west": {
					"uv": [
						16,
						1.25,
						14.75,
						2.5
					],
					"texture": "#0",
					"tintindex": 0
				}
			}
		},
		{
			"from": [
				12.936708860759493,
				12.025316455696203,
				5.8734177215189876
			],
			"to": [
				12.936708860759493,
				15.822784810126581,
				9.670886075949367
			],
			"rotation": {
				"angle": 45,
				"axis": "y",
				"origin": [
					12.936708860759493,
					12.025316455696203,
					7.772151898734177
				]
			},
			"faces": {
				"east": {
					"uv": [
						16,
						1.25,
						14.75,
						2.5
					],
					"texture": "#0",
					"tintindex": 0
				},
				"west": {
					"uv": [
						14.75,
						1.25,
						16,
						2.5
					],
					"texture": "#0",
					"tintindex": 0
				}
			}
		},
		{
			"from": [
				15.974683544303797,
				13.696202531645568,
				5.8734177215189876
			],
			"to": [
				15.974683544303797,
				17.493670886075947,
				9.670886075949367
			],
			"rotation": {
				"angle": 45,
				"axis": "y",
				"origin": [
					15.974683544303797,
					13.696202531645568,
					7.772151898734177
				]
			},
			"faces": {
				"east": {
					"uv": [
						16,
						0,
						14.75,
						1.25
					],
					"texture": "#0"
				},
				"west": {
					"uv": [
						14.75,
						0,
						16,
						1.25
					],
					"texture": "#0"
				}
			}
		},
		{
			"from": [
				15.974683544303797,
				13.696202531645568,
				5.8734177215189876
			],
			"to": [
				15.974683544303797,
				17.493670886075947,
				9.670886075949367
			],
			"rotation": {
				"angle": -45,
				"axis": "y",
				"origin": [
					15.974683544303797,
					13.696202531645568,
					7.772151898734177
				]
			},
			"faces": {
				"east": {
					"uv": [
						14.75,
						0,
						16,
						1.25
					],
					"texture": "#0"
				},
				"west": {
					"uv": [
						16,
						0,
						14.75,
						1.25
					],
					"texture": "#0"
				}
			}
		},
		{
			"from": [
				19.772151898734176,
				9.746835443037975,
				5.8734177215189876
			],
			"to": [
				19.772151898734176,
				13.544303797468356,
				9.670886075949367
			],
			"rotation": {
				"angle": 45,
				"axis": "y",
				"origin": [
					19.772151898734176,
					9.746835443037975,
					7.772151898734177
				]
			},
			"faces": {
				"east": {
					"uv": [
						16,
						2.5,
						14.75,
						3.75
					],
					"texture": "#0"
				},
				"west": {
					"uv": [
						14.75,
						2.5,
						16,
						3.75
					],
					"texture": "#0"
				}
			}
		},
		{
			"from": [
				19.772151898734176,
				9.746835443037975,
				5.8734177215189876
			],
			"to": [
				19.772151898734176,
				13.544303797468356,
				9.670886075949367
			],
			"rotation": {
				"angle": -45,
				"axis": "y",
				"origin": [
					19.772151898734176,
					9.746835443037975,
					7.772151898734177
				]
			},
			"faces": {
				"east": {
					"uv": [
						14.75,
						2.5,
						16,
						3.75
					],
					"texture": "#0"
				},
				"west": {
					"uv": [
						16,
						2.5,
						14.75,
						3.75
					],
					"texture": "#0"
				}
			}
		},
		{
			"from": [
				10.658227848101266,
				12.708860759493671,
				12.10126582278481
			],
			"to": [
				10.658227848101266,
				16.50632911392405,
				15.89873417721519
			],
			"rotation": {
				"angle": 45,
				"axis": "y",
				"origin": [
					10.658227848101266,
					12.708860759493671,
					14
				]
			},
			"faces": {
				"east": {
					"uv": [
						16,
						3.75,
						14.75,
						5
					],
					"texture": "#0",
					"tintindex": 0
				},
				"west": {
					"uv": [
						14.75,
						3.75,
						16,
						5
					],
					"texture": "#0",
					"tintindex": 0
				}
			}
		},
		{
			"from": [
				10.658227848101266,
				12.708860759493671,
				12.10126582278481
			],
			"to": [
				10.658227848101266,
				16.50632911392405,
				15.89873417721519
			],
			"rotation": {
				"angle": -45,
				"axis": "y",
				"origin": [
					10.658227848101266,
					12.708860759493671,
					14
				]
			},
			"faces": {
				"east": {
					"uv": [
						14.75,
						3.75,
						16,
						5
					],
					"texture": "#0",
					"tintindex": 0
				},
				"west": {
					"uv": [
						16,
						3.75,
						14.75,
						5
					],
					"texture": "#0",
					"tintindex": 0
				}
			}
		},
		{
			"from": [
				13.468354430379748,
				11.417721518987342,
				13.240506329113924
			],
			"to": [
				13.468354430379748,
				15.215189873417721,
				17.037974683544306
			],
			"rotation": {
				"angle": 45,
				"axis": "y",
				"origin": [
					13.468354430379748,
					11.417721518987342,
					15.139240506329113
				]
			},
			"faces": {
				"east": {
					"uv": [
						16,
						1.25,
						14.75,
						2.5
					],
					"texture": "#0",
					"tintindex": 0
				},
				"west": {
					"uv": [
						14.75,
						1.25,
						16,
						2.5
					],
					"texture": "#0",
					"tintindex": 0
				}
			}
		},
		{
			"from": [
				13.468354430379748,
				11.417721518987342,
				13.240506329113924
			],
			"to": [
				13.468354430379748,
				15.215189873417721,
				17.037974683544306
			],
			"rotation": {
				"angle": -45,
				"axis": "y",
				"origin": [
					13.468354430379748,
					11.417721518987342,
					15.139240506329113
				]
			},
			"faces": {
				"east": {
					"uv": [
						14.75,
						1.25,
						16,
						2.5
					],
					"texture": "#0",
					"tintindex": 0
				},
				"west": {
					"uv": [
						16,
						1.25,
						14.75,
						2.5
					],
					"texture": "#0",
					"tintindex": 0
				}
			}
		},
		{
			"from": [
				15.518987341772153,
				14.30379746835443,
				14.075949367088608
			],
			"to": [
				15.518987341772153,
				18.10126582278481,
				17.873417721518987
			],
			"rotation": {
				"angle": 45,
				"axis": "y",
				"origin": [
					15.518987341772153,
					14.30379746835443,
					15.974683544303797
				]
			},
			"faces": {
				"east": {
					"uv": [
						16,
						2.5,
						14.75,
						3.75
					],
					"texture": "#0"
				},
				"west": {
					"uv": [
						14.75,
						2.5,
						16,
						3.75
					],
					"texture": "#0"
				}
			}
		},
		{
			"from": [
				15.518987341772153,
				14.30379746835443,
				14.075949367088608
			],
			"to": [
				15.518987341772153,
				18.10126582278481,
				17.873417721518987
			],
			"rotation": {
				"angle": -45,
				"axis": "y",
				"origin": [
					15.518987341772153,
					14.30379746835443,
					15.974683544303797
				]
			},
			"faces": {
				"east": {
					"uv": [
						14.75,
						2.5,
						16,
						3.75
					],
					"texture": "#0"
				},
				"west": {
					"uv": [
						16,
						2.5,
						14.75,
						3.75
					],
					"texture": "#0"
				}
			}
		},
		{
			"from": [
				1.9240506329113929,
				12.556962025316455,
				0.4050632911392409
			],
			"to": [
				1.9240506329113929,
				22.430379746835442,
				12.556962025316455
			],
			"rotation": {
				"angle": 22.5,
				"axis": "z",
				"origin": [
					1.9240506329113929,
					22.430379746835442,
					6.481012658227848
				]
			},
			"faces": {
				"east": {
					"uv": [
						11,
						0,
						7,
						3.25
					],
					"texture": "#0"
				},
				"west": {
					"uv": [
						7,
						0,
						11,
						3.25
					],
					"texture": "#0"
				}
			}
		},
		{
			"from": [
				1.9240506329113929,
				4.962025316455696,
				1.1645569620253173
			],
			"to": [
				1.9240506329113929,
				14.835443037974683,
				13.316455696202532
			],
			"rotation": {
				"angle": 22.5,
				"axis": "z",
				"origin": [
					1.9240506329113929,
					14.835443037974683,
					7.2405063291139244
				]
			},
			"faces": {
				"east": {
					"uv": [
						11,
						3.25,
						7,
						6.5
					],
					"texture": "#0"
				},
				"west": {
					"uv": [
						7,
						3.25,
						11,
						6.5
					],
					"texture": "#0"
				}
			}
		}
	],
	"display": {
		"head": {
			"rotation": [
				0,
				180,
				0
			]
		}
	}
}