{
	"textures": {
		"3": "kello:item/interactable/thrown/stellar",
		"6": "kello:item/decal/large_decwheel_2"
	},
	"elements": [
		{
			"from": [
				11.05,
				24.05,
				11.075
			],
			"to": [
				4.95,
				7.95,
				4.925
			],
			"rotation": {
				"angle": 0,
				"axis": "y",
				"origin": [
					7.1,
					14.8,
					7.1
				]
			},
			"faces": {
				"north": {
					"uv": [
						1.5,
						9,
						0.75,
						11
					],
					"texture": "#6"
				},
				"east": {
					"uv": [
						2.25,
						9,
						1.5,
						11
					],
					"texture": "#6"
				},
				"south": {
					"uv": [
						3,
						9,
						2.25,
						11
					],
					"texture": "#6"
				},
				"west": {
					"uv": [
						0.75,
						9,
						0,
						11
					],
					"texture": "#6"
				},
				"up": {
					"uv": [
						3,
						9,
						3.75,
						9.75
					],
					"texture": "#6"
				},
				"down": {
					"uv": [
						3,
						10.5,
						3.75,
						9.75
					],
					"texture": "#6"
				}
			}
		},
		{
			"from": [
				4.95,
				7.95,
				4.925
			],
			"to": [
				11.05,
				24.05,
				11.075
			],
			"rotation": {
				"angle": 0,
				"axis": "y",
				"origin": [
					7.1,
					14.8,
					7.1
				]
			},
			"faces": {
				"north": {
					"uv": [
						3,
						11,
						2.25,
						9
					],
					"texture": "#6"
				},
				"east": {
					"uv": [
						0.75,
						11,
						0,
						9
					],
					"texture": "#6"
				},
				"south": {
					"uv": [
						1.5,
						11,
						0.75,
						9
					],
					"texture": "#6"
				},
				"west": {
					"uv": [
						2.25,
						11,
						1.5,
						9
					],
					"texture": "#6"
				},
				"up": {
					"uv": [
						3.75,
						10.5,
						3,
						9.75
					],
					"texture": "#6"
				},
				"down": {
					"uv": [
						3.75,
						9,
						3,
						9.75
					],
					"texture": "#6"
				}
			}
		},
		{
			"from": [
				5,
				8,
				5
			],
			"to": [
				11,
				24,
				11
			],
			"rotation": {
				"angle": 0,
				"axis": "y",
				"origin": [
					7.1,
					14.8,
					7.1
				]
			},
			"faces": {
				"north": {
					"uv": [
						1.25,
						1.625,
						0.5,
						3.625
					],
					"texture": "#3"
				},
				"east": {
					"uv": [
						0.75,
						1.625,
						0,
						3.625
					],
					"texture": "#3"
				},
				"south": {
					"uv": [
						1.5,
						1.625,
						0.75,
						3.625
					],
					"texture": "#3"
				},
				"west": {
					"uv": [
						2.25,
						1.625,
						1.5,
						3.625
					],
					"texture": "#3"
				},
				"up": {
					"uv": [
						2,
						1.125,
						1.25,
						0.375
					],
					"texture": "#3"
				},
				"down": {
					"uv": [
						1.375,
						1.125,
						0.625,
						1.875
					],
					"texture": "#3"
				}
			}
		}
	],
	"display": {
		"head": {
			"rotation": [
				0,
				180,
				0
			]
		}
	}
}