{
	"textures": {
		"7": "kello:item/decal/launchpad/tentacle"
	},
	"elements": [
		{
			"from": [
				7.86603,
				5.79736,
				1.82993
			],
			"to": [
				7.86603,
				26.797359999999998,
				13.829930000000001
			],
			"rotation": {
				"angle": 0,
				"axis": "y",
				"origin": [
					7.86603,
					14.49736,
					8.829930000000001
				]
			},
			"faces": {
				"north": {
					"uv": [
						0,
						0,
						0,
						7
					],
					"texture": "#7"
				},
				"east": {
					"uv": [
						4,
						5.25,
						7,
						10.5
					],
					"texture": "#7"
				},
				"south": {
					"uv": [
						0,
						0,
						0,
						7
					],
					"texture": "#7"
				},
				"west": {
					"uv": [
						7,
						5.25,
						4,
						10.5
					],
					"texture": "#7"
				},
				"up": {
					"uv": [
						0,
						3,
						0,
						0
					],
					"texture": "#7"
				},
				"down": {
					"uv": [
						0,
						3,
						0,
						0
					],
					"texture": "#7"
				}
			}
		}
	],
	"display": {
		"head": {
			"rotation": [
				0,
				180,
				0
			]
		}
	}
}