{
	"credit": "Made with Blockbench",
	"textures": {
		"0": "kello:item/decal/indic_ground",
		"particle": "kello:item/decal/indic_ground"
	},
	"elements": [
		{
			"name": "cube inverted",
			"from": [16, 16, 16],
			"to": [0, 2, 0],
			"faces": {
				"north": {"uv": [8, 16, 16, 0], "texture": "#0"},
				"east": {"uv": [8, 16, 16, 0], "texture": "#0"},
				"south": {"uv": [8, 16, 16, 0], "texture": "#0"},
				"west": {"uv": [8, 16, 16, 0], "texture": "#0"},
				"down": {"uv": [8, 0, 0, 8], "texture": "#0"}
			}
		},
		{
			"name": "cube inverted inverted",
			"from": [0, 2, 0],
			"to": [16, 16, 16],
			"faces": {
				"north": {"uv": [8, 0, 16, 16], "texture": "#0"},
				"east": {"uv": [8, 0, 16, 16], "texture": "#0"},
				"south": {"uv": [8, 0, 16, 16], "texture": "#0"},
				"west": {"uv": [8, 0, 16, 16], "texture": "#0"},
				"up": {"uv": [0, 0, 8, 8], "texture": "#0"}
			}
		}
	]
}