{
	"credit": "Made with Blockbench",
	"texture_size": [64, 64],
	"elements": [
		{
			"from": [-16, 16, -16],
			"to": [32, 16, 32],
			"faces": {
				"up": {"uv": [0, 0, 12, 12], "texture": "#1"},
				"down": {"uv": [0, 0, 12, 12], "texture": "#1"}
			}
		},
		{
			"from": [32, 0, -15],
			"to": [32, 16, 31],
			"faces": {
				"east": {"uv": [12.25, 0, 12.5, 7.75], "texture": "#1"},
				"west": {"uv": [12.25, 0, 12.5, 7.75], "texture": "#1"}
			}
		},
		{
			"from": [-16, 0, -15],
			"to": [-16, 16, 31],
			"rotation": {"angle": 0, "axis": "y", "origin": [16, 0, 0]},
			"faces": {
				"east": {"uv": [12.5, 0, 12.25, 7.75], "texture": "#1"},
				"west": {"uv": [12.5, 0, 12.25, 7.75], "texture": "#1"}
			}
		},
		{
			"from": [-15, 0, -16],
			"to": [31, 16, -16],
			"rotation": {"angle": 0, "axis": "y", "origin": [8, 8, 8]},
			"faces": {
				"north": {"uv": [12.5, 0, 12.25, 7.75], "texture": "#1"},
				"south": {"uv": [12.5, 0, 12.25, 7.75], "texture": "#1"}
			}
		},
		{
			"from": [-15, 0, 32],
			"to": [31, 16, 32],
			"rotation": {"angle": 0, "axis": "y", "origin": [8, 8, 8]},
			"faces": {
				"north": {"uv": [12.25, 0, 12.5, 7.75], "texture": "#1"},
				"south": {"uv": [12.25, 0, 12.5, 7.75], "texture": "#1"}
			}
		},
		{
			"from": [31, 0, -16],
			"to": [32, 16, -15],
			"rotation": {"angle": 0, "axis": "y", "origin": [8, 8, 8]},
			"faces": {
				"north": {"uv": [12, 0, 12.25, 7.75], "texture": "#1"},
				"east": {"uv": [12, 0, 12.25, 7.75], "texture": "#1"}
			}
		},
		{
			"from": [31, 0, 31],
			"to": [32, 16, 32],
			"rotation": {"angle": 0, "axis": "y", "origin": [31.5, 8, 31.5]},
			"faces": {
				"east": {"uv": [12, 0, 12.25, 7.75], "texture": "#1"},
				"south": {"uv": [12, 0, 12.25, 7.75], "texture": "#1"}
			}
		},
		{
			"from": [-16, 0, -16],
			"to": [-15, 16, -15],
			"rotation": {"angle": 0, "axis": "y", "origin": [8, 8, 8]},
			"faces": {
				"north": {"uv": [12.25, 0, 12, 7.75], "texture": "#1"},
				"west": {"uv": [12.25, 0, 12, 7.75], "texture": "#1"}
			}
		},
		{
			"from": [-16, 0, 31],
			"to": [-15, 16, 32],
			"rotation": {"angle": 0, "axis": "y", "origin": [-15.5, 8, 31.5]},
			"faces": {
				"south": {"uv": [12.25, 0, 12, 7.75], "texture": "#1"},
				"west": {"uv": [12.25, 0, 12, 7.75], "texture": "#1"}
			}
		},
		{
			"name": "cube inverted",
			"from": [32, 16, -15],
			"to": [31, 0, -16],
			"rotation": {"angle": 0, "axis": "y", "origin": [8, 8, 8]},
			"faces": {
				"south": {"uv": [12, 7.75, 12.25, 0], "texture": "#1"},
				"west": {"uv": [12, 7.75, 12.25, 0], "texture": "#1"}
			}
		},
		{
			"name": "cube inverted",
			"from": [32, 16, 32],
			"to": [31, 0, 31],
			"rotation": {"angle": 0, "axis": "y", "origin": [31.5, 8, 31.5]},
			"faces": {
				"north": {"uv": [12, 7.75, 12.25, 0], "texture": "#1"},
				"west": {"uv": [12, 7.75, 12.25, 0], "texture": "#1"}
			}
		},
		{
			"name": "cube inverted",
			"from": [-15, 16, -15],
			"to": [-16, 0, -16],
			"rotation": {"angle": 0, "axis": "y", "origin": [8, 8, 8]},
			"faces": {
				"east": {"uv": [12.25, 7.75, 12, 0], "texture": "#1"},
				"south": {"uv": [12.25, 7.75, 12, 0], "texture": "#1"}
			}
		},
		{
			"name": "cube inverted",
			"from": [-15, 16, 32],
			"to": [-16, 0, 31],
			"rotation": {"angle": 0, "axis": "y", "origin": [-15.5, 8, 31.5]},
			"faces": {
				"north": {"uv": [12.25, 7.75, 12, 0], "texture": "#1"},
				"east": {"uv": [12.25, 7.75, 12, 0], "texture": "#1"}
			}
		}
	]
}