{
	"textures": {
		"1": "kello:item/decal/small_decwheel_1",
		"2": "kello:item/decal/small_decwheel_3"
	},
	"elements": [
		{
			"from": [
				7.25,
				5.1875,
				7.25
			],
			"to": [
				8.75,
				11.1875,
				8.75
			],
			"rotation": {
				"angle": 0,
				"axis": "y",
				"origin": [
					7.625,
					8,
					7.625
				]
			},
			"faces": {
				"north": {
					"uv": [
						2,
						0,
						2.5,
						2
					],
					"texture": "#1"
				},
				"east": {
					"uv": [
						2,
						2,
						2.5,
						4
					],
					"texture": "#1"
				},
				"south": {
					"uv": [
						0,
						2.25,
						0.5,
						4.25
					],
					"texture": "#1"
				},
				"west": {
					"uv": [
						0.5,
						2.25,
						1,
						4.25
					],
					"texture": "#1"
				},
				"up": {
					"uv": [
						3.875,
						2.625,
						3.375,
						2.125
					],
					"texture": "#1"
				},
				"down": {
					"uv": [
						4,
						2.625,
						3.5,
						3.125
					],
					"texture": "#1"
				}
			}
		},
		{
			"from": [
				8.893506287136908,
				9.6875,
				7.221454824691732
			],
			"to": [
				8.893506287136908,
				10.4375,
				7.971454824691732
			],
			"rotation": {
				"angle": -22.5,
				"axis": "y",
				"origin": [
					8.75,
					7.8125,
					7.625
				]
			},
			"faces": {
				"east": {
					"uv": [
						2,
						3.5,
						2.25,
						3.75
					],
					"rotation": 270,
					"texture": "#2"
				},
				"west": {
					"uv": [
						2.25,
						3.75,
						2,
						3.5
					],
					"rotation": 270,
					"texture": "#2"
				}
			}
		},
		{
			"from": [
				7.25,
				9.6875,
				6.875
			],
			"to": [
				7.25,
				10.4375,
				7.625
			],
			"rotation": {
				"angle": 22.5,
				"axis": "y",
				"origin": [
					7.25,
					7.8125,
					7.625
				]
			},
			"faces": {
				"east": {
					"uv": [
						2.25,
						3.5,
						2,
						3.75
					],
					"rotation": 270,
					"texture": "#2"
				},
				"west": {
					"uv": [
						2.25,
						3.75,
						2,
						3.5
					],
					"rotation": 270,
					"texture": "#2"
				}
			}
		},
		{
			"from": [
				7.336103772282145,
				7.0625,
				6.66712710518496
			],
			"to": [
				7.336103772282145,
				7.8125,
				7.41712710518496
			],
			"rotation": {
				"angle": 22.5,
				"axis": "y",
				"origin": [
					7.25,
					7.8125,
					7.625
				]
			},
			"faces": {
				"east": {
					"uv": [
						2.25,
						3.5,
						2,
						3.75
					],
					"rotation": 270,
					"texture": "#2"
				},
				"west": {
					"uv": [
						2.25,
						3.75,
						2,
						3.5
					],
					"rotation": 270,
					"texture": "#2"
				}
			}
		},
		{
			"from": [
				7.418257251795263,
				9.237499999999999,
				9.356052370267586
			],
			"to": [
				8.168257251795264,
				9.9875,
				9.356052370267586
			],
			"rotation": {
				"angle": -22.5,
				"axis": "y",
				"origin": [
					8.893506287136908,
					10.0625,
					8.778545175308267
				]
			},
			"faces": {
				"north": {
					"uv": [
						2.25,
						3.75,
						2,
						3.5
					],
					"rotation": 270,
					"texture": "#2"
				},
				"south": {
					"uv": [
						2,
						3.5,
						2.25,
						3.75
					],
					"rotation": 270,
					"texture": "#2"
				}
			}
		},
		{
			"from": [
				6.76132405009931,
				6.575000000000001,
				8.675785744602905
			],
			"to": [
				7.51132405009931,
				7.325000000000001,
				8.675785744602905
			],
			"rotation": {
				"angle": 22.5,
				"axis": "y",
				"origin": [
					7.656006287136909,
					6.237500000000001,
					8.891045175308268
				]
			},
			"faces": {
				"north": {
					"uv": [
						2,
						3.5,
						2.25,
						3.75
					],
					"rotation": 270,
					"texture": "#2"
				},
				"south": {
					"uv": [
						2.25,
						3.75,
						2,
						3.5
					],
					"rotation": 270,
					"texture": "#2"
				}
			}
		},
		{
			"from": [
				8.388330760932115,
				7.7375,
				8.954234766284241
			],
			"to": [
				9.138330760932115,
				8.4875,
				8.954234766284241
			],
			"rotation": {
				"angle": -22.5,
				"axis": "y",
				"origin": [
					8.893506287136908,
					10.0625,
					8.778545175308267
				]
			},
			"faces": {
				"north": {
					"uv": [
						2.25,
						3.75,
						2,
						3.5
					],
					"rotation": 270,
					"texture": "#2"
				},
				"south": {
					"uv": [
						2.25,
						3.5,
						2,
						3.75
					],
					"rotation": 270,
					"texture": "#2"
				}
			}
		},
		{
			"from": [
				7.465889093189153,
				6.387499999999999,
				6.76977839066453
			],
			"to": [
				8.215889093189153,
				7.137499999999999,
				6.76977839066453
			],
			"rotation": {
				"angle": 22.5,
				"axis": "y",
				"origin": [
					8.706006287136908,
					7.887499999999998,
					6.6410451753082675
				]
			},
			"faces": {
				"north": {
					"uv": [
						2,
						3.75,
						2.25,
						3.5
					],
					"rotation": 270,
					"texture": "#2"
				},
				"south": {
					"uv": [
						2,
						3.5,
						2.25,
						3.75
					],
					"rotation": 270,
					"texture": "#2"
				}
			}
		},
		{
			"from": [
				7.609551462445175,
				8.6375,
				7.234551462445176
			],
			"to": [
				8.359551462445177,
				9.3875,
				7.234551462445176
			],
			"rotation": {
				"angle": -22.5,
				"axis": "y",
				"origin": [
					8.331006287136908,
					10.1375,
					7.091045175308268
				]
			},
			"faces": {
				"north": {
					"uv": [
						2,
						3.5,
						2.25,
						3.75
					],
					"rotation": 270,
					"texture": "#2"
				},
				"south": {
					"uv": [
						2,
						3.75,
						2.25,
						3.5
					],
					"rotation": 270,
					"texture": "#2"
				}
			}
		},
		{
			"from": [
				8.75,
				5.5625,
				6.875
			],
			"to": [
				8.75,
				6.3125,
				7.625
			],
			"rotation": {
				"angle": -22.5,
				"axis": "y",
				"origin": [
					8.75,
					7.8125,
					7.625
				]
			},
			"faces": {
				"east": {
					"uv": [
						2,
						3.5,
						2.25,
						3.75
					],
					"rotation": 270,
					"texture": "#2"
				},
				"west": {
					"uv": [
						2,
						3.75,
						2.25,
						3.5
					],
					"rotation": 270,
					"texture": "#2"
				}
			}
		},
		{
			"from": [
				8.43248055591432,
				-0.4375,
				8.663974268777412
			],
			"to": [
				9.18248055591432,
				0.3125,
				8.663974268777412
			],
			"rotation": {
				"angle": -22.5,
				"axis": "y",
				"origin": [
					8.1875,
					7.8125,
					8.5625
				]
			},
			"faces": {
				"north": {
					"uv": [
						2,
						3.75,
						2.25,
						3.5
					],
					"rotation": 270,
					"texture": "#2"
				},
				"south": {
					"uv": [
						2,
						3.5,
						2.25,
						3.75
					],
					"rotation": 270,
					"texture": "#2"
				}
			}
		},
		{
			"from": [
				7.25,
				-0.8125,
				7.25
			],
			"to": [
				8.749999999999998,
				5.1875,
				8.75
			],
			"rotation": {
				"angle": 0,
				"axis": "y",
				"origin": [
					8.1875,
					8,
					7.4375
				]
			},
			"faces": {
				"north": {
					"uv": [
						0.5,
						2.25,
						1,
						4.25
					],
					"texture": "#1"
				},
				"east": {
					"uv": [
						2,
						0,
						2.5,
						2
					],
					"texture": "#1"
				},
				"south": {
					"uv": [
						2,
						2,
						2.5,
						4
					],
					"texture": "#1"
				},
				"west": {
					"uv": [
						0,
						2.25,
						0.5,
						4.25
					],
					"texture": "#1"
				},
				"up": {
					"uv": [
						3.875,
						2.625,
						3.375,
						2.125
					],
					"rotation": 90,
					"texture": "#1"
				},
				"down": {
					"uv": [
						4,
						2.625,
						3.5,
						3.125
					],
					"rotation": 270,
					"texture": "#1"
				}
			}
		},
		{
			"from": [
				8.086025731222588,
				3.687500000000001,
				8.80748055591432
			],
			"to": [
				8.836025731222588,
				4.437500000000001,
				8.80748055591432
			],
			"rotation": {
				"angle": -22.5,
				"axis": "y",
				"origin": [
					8.1875,
					7.8125,
					8.5625
				]
			},
			"faces": {
				"north": {
					"uv": [
						2.25,
						3.75,
						2,
						3.5
					],
					"rotation": 270,
					"texture": "#2"
				},
				"south": {
					"uv": [
						2,
						3.5,
						2.25,
						3.75
					],
					"rotation": 270,
					"texture": "#2"
				}
			}
		},
		{
			"from": [
				8.28897426877741,
				3.687500000000001,
				7.307480555914321
			],
			"to": [
				9.038974268777412,
				4.437500000000001,
				7.307480555914321
			],
			"rotation": {
				"angle": 22.5,
				"axis": "y",
				"origin": [
					8.1875,
					7.8125,
					7.0625
				]
			},
			"faces": {
				"north": {
					"uv": [
						2.25,
						3.75,
						2,
						3.5
					],
					"rotation": 270,
					"texture": "#2"
				},
				"south": {
					"uv": [
						2.25,
						3.5,
						2,
						3.75
					],
					"rotation": 270,
					"texture": "#2"
				}
			}
		},
		{
			"from": [
				8.49684716359245,
				1.0625,
				7.393584328196465
			],
			"to": [
				9.246847163592452,
				1.8125000000000018,
				7.393584328196465
			],
			"rotation": {
				"angle": 22.5,
				"axis": "y",
				"origin": [
					8.1875,
					7.8125,
					7.0625
				]
			},
			"faces": {
				"north": {
					"uv": [
						2.25,
						3.75,
						2,
						3.5
					],
					"rotation": 270,
					"texture": "#2"
				},
				"south": {
					"uv": [
						2.25,
						3.5,
						2,
						3.75
					],
					"rotation": 270,
					"texture": "#2"
				}
			}
		},
		{
			"from": [
				6.701428185646735,
				3.2375000000000007,
				7.332231520572676
			],
			"to": [
				6.701428185646735,
				3.9875000000000016,
				8.082231520572677
			],
			"rotation": {
				"angle": -22.5,
				"axis": "y",
				"origin": [
					7.033954824691733,
					10.0625,
					8.706006287136908
				]
			},
			"faces": {
				"east": {
					"uv": [
						2.25,
						3.75,
						2,
						3.5
					],
					"rotation": 270,
					"texture": "#2"
				},
				"west": {
					"uv": [
						2,
						3.5,
						2.25,
						3.75
					],
					"rotation": 270,
					"texture": "#2"
				}
			}
		},
		{
			"from": [
				7.238188524174507,
				0.5750000000000011,
				6.8188046060136305
			],
			"to": [
				7.238188524174507,
				1.3250000000000028,
				7.5688046060136305
			],
			"rotation": {
				"angle": 22.5,
				"axis": "y",
				"origin": [
					6.9214548246917325,
					6.237500000000001,
					7.468506287136909
				]
			},
			"faces": {
				"east": {
					"uv": [
						2,
						3.5,
						2.25,
						3.75
					],
					"rotation": 270,
					"texture": "#2"
				},
				"west": {
					"uv": [
						2.25,
						3.75,
						2,
						3.5
					],
					"rotation": 270,
					"texture": "#2"
				}
			}
		},
		{
			"from": [
				7.10324578963008,
				1.7375000000000007,
				8.302305029709528
			],
			"to": [
				7.10324578963008,
				2.4875000000000016,
				9.052305029709526
			],
			"rotation": {
				"angle": -22.5,
				"axis": "y",
				"origin": [
					7.033954824691733,
					10.0625,
					8.706006287136908
				]
			},
			"faces": {
				"east": {
					"uv": [
						2.25,
						3.75,
						2,
						3.5
					],
					"rotation": 270,
					"texture": "#2"
				},
				"west": {
					"uv": [
						2.25,
						3.5,
						2,
						3.75
					],
					"rotation": 270,
					"texture": "#2"
				}
			}
		},
		{
			"from": [
				9.144195878112882,
				0.3874999999999993,
				7.523369649103473
			],
			"to": [
				9.144195878112882,
				1.1374999999999993,
				8.273369649103474
			],
			"rotation": {
				"angle": 22.5,
				"axis": "y",
				"origin": [
					9.171454824691732,
					7.887499999999998,
					8.518506287136908
				]
			},
			"faces": {
				"east": {
					"uv": [
						2,
						3.75,
						2.25,
						3.5
					],
					"rotation": 270,
					"texture": "#2"
				},
				"west": {
					"uv": [
						2,
						3.5,
						2.25,
						3.75
					],
					"rotation": 270,
					"texture": "#2"
				}
			}
		},
		{
			"from": [
				8.822929093469144,
				2.6374999999999993,
				7.523525731222588
			],
			"to": [
				8.822929093469144,
				3.3874999999999993,
				8.27352573122259
			],
			"rotation": {
				"angle": -22.5,
				"axis": "y",
				"origin": [
					8.721454824691733,
					10.1375,
					8.143506287136908
				]
			},
			"faces": {
				"east": {
					"uv": [
						2,
						3.5,
						2.25,
						3.75
					],
					"rotation": 270,
					"texture": "#2"
				},
				"west": {
					"uv": [
						2,
						3.75,
						2.25,
						3.5
					],
					"rotation": 270,
					"texture": "#2"
				}
			}
		},
		{
			"from": [
				7.177070906530855,
				-3.362499999999999,
				7.5235257312225885
			],
			"to": [
				7.177070906530855,
				-2.6125000000000007,
				8.27352573122259
			],
			"rotation": {
				"angle": 22.5,
				"axis": "y",
				"origin": [
					7.278545175308268,
					10.1375,
					8.143506287136908
				]
			},
			"faces": {
				"east": {
					"uv": [
						2,
						3.5,
						2.25,
						3.75
					],
					"rotation": 270,
					"texture": "#2"
				},
				"west": {
					"uv": [
						2,
						3.75,
						2.25,
						3.5
					],
					"rotation": 270,
					"texture": "#2"
				}
			}
		},
		{
			"from": [
				6.855804121887118,
				-5.612499999999999,
				7.523369649103474
			],
			"to": [
				6.855804121887118,
				-4.862499999999999,
				8.273369649103474
			],
			"rotation": {
				"angle": -22.5,
				"axis": "y",
				"origin": [
					6.8285451753082675,
					7.887499999999998,
					8.518506287136908
				]
			},
			"faces": {
				"east": {
					"uv": [
						2,
						3.75,
						2.25,
						3.5
					],
					"rotation": 270,
					"texture": "#2"
				},
				"west": {
					"uv": [
						2,
						3.5,
						2.25,
						3.75
					],
					"rotation": 270,
					"texture": "#2"
				}
			}
		},
		{
			"from": [
				8.89675421036992,
				-4.262499999999999,
				8.302305029709528
			],
			"to": [
				8.89675421036992,
				-3.5124999999999993,
				9.052305029709528
			],
			"rotation": {
				"angle": 22.5,
				"axis": "y",
				"origin": [
					8.966045175308267,
					10.0625,
					8.706006287136908
				]
			},
			"faces": {
				"east": {
					"uv": [
						2.25,
						3.75,
						2,
						3.5
					],
					"rotation": 270,
					"texture": "#2"
				},
				"west": {
					"uv": [
						2.25,
						3.5,
						2,
						3.75
					],
					"rotation": 270,
					"texture": "#2"
				}
			}
		},
		{
			"from": [
				8.761811475825493,
				-5.424999999999999,
				6.8188046060136305
			],
			"to": [
				8.761811475825493,
				-4.674999999999997,
				7.5688046060136305
			],
			"rotation": {
				"angle": -22.5,
				"axis": "y",
				"origin": [
					9.078545175308268,
					6.237500000000001,
					7.468506287136909
				]
			},
			"faces": {
				"east": {
					"uv": [
						2.25,
						3.5,
						2,
						3.75
					],
					"rotation": 270,
					"texture": "#2"
				},
				"west": {
					"uv": [
						2,
						3.75,
						2.25,
						3.5
					],
					"rotation": 270,
					"texture": "#2"
				}
			}
		},
		{
			"from": [
				9.298571814353263,
				-2.7624999999999993,
				7.332231520572677
			],
			"to": [
				9.298571814353263,
				-2.0124999999999993,
				8.082231520572677
			],
			"rotation": {
				"angle": 22.5,
				"axis": "y",
				"origin": [
					8.966045175308267,
					10.0625,
					8.706006287136908
				]
			},
			"faces": {
				"east": {
					"uv": [
						2,
						3.75,
						2.25,
						3.5
					],
					"rotation": 270,
					"texture": "#2"
				},
				"west": {
					"uv": [
						2.25,
						3.5,
						2,
						3.75
					],
					"rotation": 270,
					"texture": "#2"
				}
			}
		},
		{
			"from": [
				6.7531528364075495,
				-4.9375,
				7.393584328196466
			],
			"to": [
				7.5031528364075495,
				-4.1874999999999964,
				7.393584328196466
			],
			"rotation": {
				"angle": -22.5,
				"axis": "y",
				"origin": [
					7.8125,
					7.8125,
					7.0625
				]
			},
			"faces": {
				"north": {
					"uv": [
						2.25,
						3.5,
						2,
						3.75
					],
					"rotation": 270,
					"texture": "#2"
				},
				"south": {
					"uv": [
						2.25,
						3.75,
						2,
						3.5
					],
					"rotation": 270,
					"texture": "#2"
				}
			}
		},
		{
			"from": [
				6.9610257312225885,
				-2.3124999999999982,
				7.307480555914321
			],
			"to": [
				7.711025731222589,
				-1.5624999999999982,
				7.307480555914321
			],
			"rotation": {
				"angle": -22.5,
				"axis": "y",
				"origin": [
					7.8125,
					7.8125,
					7.0625
				]
			},
			"faces": {
				"north": {
					"uv": [
						2.25,
						3.5,
						2,
						3.75
					],
					"rotation": 270,
					"texture": "#2"
				},
				"south": {
					"uv": [
						2.25,
						3.75,
						2,
						3.5
					],
					"rotation": 270,
					"texture": "#2"
				}
			}
		},
		{
			"from": [
				7.1639742687774115,
				-2.3124999999999982,
				8.80748055591432
			],
			"to": [
				7.9139742687774115,
				-1.5624999999999982,
				8.80748055591432
			],
			"rotation": {
				"angle": 22.5,
				"axis": "y",
				"origin": [
					7.8125,
					7.8125,
					8.5625
				]
			},
			"faces": {
				"north": {
					"uv": [
						2.25,
						3.5,
						2,
						3.75
					],
					"rotation": 270,
					"texture": "#2"
				},
				"south": {
					"uv": [
						2,
						3.75,
						2.25,
						3.5
					],
					"rotation": 270,
					"texture": "#2"
				}
			}
		},
		{
			"from": [
				7.250000000000001,
				-6.8125,
				7.250000000000001
			],
			"to": [
				8.75,
				-0.8125,
				8.750000000000002
			],
			"rotation": {
				"angle": 0,
				"axis": "y",
				"origin": [
					7.8125,
					8,
					7.4375
				]
			},
			"faces": {
				"north": {
					"uv": [
						1,
						2.25,
						0.5,
						4.25
					],
					"texture": "#1"
				},
				"east": {
					"uv": [
						0.5,
						2.25,
						0,
						4.25
					],
					"texture": "#1"
				},
				"south": {
					"uv": [
						2.5,
						2,
						2,
						4
					],
					"texture": "#1"
				},
				"west": {
					"uv": [
						2.5,
						0,
						2,
						2
					],
					"texture": "#1"
				},
				"up": {
					"uv": [
						3.375,
						2.625,
						3.875,
						2.125
					],
					"rotation": 270,
					"texture": "#1"
				},
				"down": {
					"uv": [
						3.5,
						2.625,
						4,
						3.125
					],
					"rotation": 90,
					"texture": "#1"
				}
			}
		},
		{
			"from": [
				6.817519444085679,
				-6.4375,
				8.663974268777412
			],
			"to": [
				7.567519444085679,
				-5.6875,
				8.663974268777412
			],
			"rotation": {
				"angle": 22.5,
				"axis": "y",
				"origin": [
					7.8125,
					7.8125,
					8.5625
				]
			},
			"faces": {
				"north": {
					"uv": [
						2,
						3.5,
						2.25,
						3.75
					],
					"rotation": 270,
					"texture": "#2"
				},
				"south": {
					"uv": [
						2,
						3.75,
						2.25,
						3.5
					],
					"rotation": 270,
					"texture": "#2"
				}
			}
		},
		{
			"from": [
				7.25,
				-12.4375,
				6.874999999999999
			],
			"to": [
				7.25,
				-11.6875,
				7.624999999999999
			],
			"rotation": {
				"angle": 22.5,
				"axis": "y",
				"origin": [
					7.25,
					7.8125,
					7.625
				]
			},
			"faces": {
				"east": {
					"uv": [
						2,
						3.5,
						2.25,
						3.75
					],
					"rotation": 270,
					"texture": "#2"
				},
				"west": {
					"uv": [
						2,
						3.75,
						2.25,
						3.5
					],
					"rotation": 270,
					"texture": "#2"
				}
			}
		},
		{
			"from": [
				7.249999999999998,
				-12.8125,
				7.250000000000001
			],
			"to": [
				8.749999999999998,
				-6.8125,
				8.75
			],
			"rotation": {
				"angle": 0,
				"axis": "y",
				"origin": [
					8.375,
					8,
					7.625
				]
			},
			"faces": {
				"north": {
					"uv": [
						2.5,
						0,
						2,
						2
					],
					"texture": "#1"
				},
				"east": {
					"uv": [
						1,
						2.25,
						0.5,
						4.25
					],
					"texture": "#1"
				},
				"south": {
					"uv": [
						0.5,
						2.25,
						0,
						4.25
					],
					"texture": "#1"
				},
				"west": {
					"uv": [
						2.5,
						2,
						2,
						4
					],
					"texture": "#1"
				},
				"up": {
					"uv": [
						3.375,
						2.625,
						3.875,
						2.125
					],
					"texture": "#1"
				},
				"down": {
					"uv": [
						3.5,
						2.625,
						4,
						3.125
					],
					"texture": "#1"
				}
			}
		},
		{
			"from": [
				7.106493712863092,
				-8.312499999999996,
				7.221454824691731
			],
			"to": [
				7.106493712863092,
				-7.5624999999999964,
				7.971454824691731
			],
			"rotation": {
				"angle": 22.5,
				"axis": "y",
				"origin": [
					7.25,
					7.8125,
					7.625
				]
			},
			"faces": {
				"east": {
					"uv": [
						2.25,
						3.5,
						2,
						3.75
					],
					"rotation": 270,
					"texture": "#2"
				},
				"west": {
					"uv": [
						2,
						3.75,
						2.25,
						3.5
					],
					"rotation": 270,
					"texture": "#2"
				}
			}
		},
		{
			"from": [
				8.749999999999998,
				-8.312499999999996,
				6.875000000000001
			],
			"to": [
				8.749999999999998,
				-7.5624999999999964,
				7.625000000000002
			],
			"rotation": {
				"angle": -22.5,
				"axis": "y",
				"origin": [
					8.75,
					7.8125,
					7.625
				]
			},
			"faces": {
				"east": {
					"uv": [
						2.25,
						3.5,
						2,
						3.75
					],
					"rotation": 270,
					"texture": "#2"
				},
				"west": {
					"uv": [
						2.25,
						3.75,
						2,
						3.5
					],
					"rotation": 270,
					"texture": "#2"
				}
			}
		},
		{
			"from": [
				8.663896227717855,
				-10.9375,
				6.667127105184962
			],
			"to": [
				8.663896227717855,
				-10.187499999999996,
				7.417127105184962
			],
			"rotation": {
				"angle": -22.5,
				"axis": "y",
				"origin": [
					8.75,
					7.8125,
					7.625
				]
			},
			"faces": {
				"east": {
					"uv": [
						2.25,
						3.5,
						2,
						3.75
					],
					"rotation": 270,
					"texture": "#2"
				},
				"west": {
					"uv": [
						2.25,
						3.75,
						2,
						3.5
					],
					"rotation": 270,
					"texture": "#2"
				}
			}
		},
		{
			"from": [
				7.831742748204735,
				-8.7625,
				9.356052370267584
			],
			"to": [
				8.581742748204736,
				-8.0125,
				9.356052370267584
			],
			"rotation": {
				"angle": 22.5,
				"axis": "y",
				"origin": [
					7.106493712863092,
					10.0625,
					8.778545175308267
				]
			},
			"faces": {
				"north": {
					"uv": [
						2.25,
						3.5,
						2,
						3.75
					],
					"rotation": 270,
					"texture": "#2"
				},
				"south": {
					"uv": [
						2,
						3.75,
						2.25,
						3.5
					],
					"rotation": 270,
					"texture": "#2"
				}
			}
		},
		{
			"from": [
				8.488675949900689,
				-11.424999999999997,
				8.675785744602905
			],
			"to": [
				9.23867594990069,
				-10.674999999999997,
				8.675785744602905
			],
			"rotation": {
				"angle": -22.5,
				"axis": "y",
				"origin": [
					8.34399371286309,
					6.237500000000001,
					8.891045175308268
				]
			},
			"faces": {
				"north": {
					"uv": [
						2,
						3.75,
						2.25,
						3.5
					],
					"rotation": 270,
					"texture": "#2"
				},
				"south": {
					"uv": [
						2.25,
						3.5,
						2,
						3.75
					],
					"rotation": 270,
					"texture": "#2"
				}
			}
		},
		{
			"from": [
				6.861669239067885,
				-10.2625,
				8.95423476628424
			],
			"to": [
				7.611669239067884,
				-9.5125,
				8.95423476628424
			],
			"rotation": {
				"angle": 22.5,
				"axis": "y",
				"origin": [
					7.106493712863092,
					10.0625,
					8.778545175308267
				]
			},
			"faces": {
				"north": {
					"uv": [
						2.25,
						3.5,
						2,
						3.75
					],
					"rotation": 270,
					"texture": "#2"
				},
				"south": {
					"uv": [
						2.25,
						3.75,
						2,
						3.5
					],
					"rotation": 270,
					"texture": "#2"
				}
			}
		},
		{
			"from": [
				7.784110906810846,
				-11.612499999999997,
				6.769778390664531
			],
			"to": [
				8.534110906810847,
				-10.862499999999997,
				6.769778390664531
			],
			"rotation": {
				"angle": -22.5,
				"axis": "y",
				"origin": [
					7.293993712863092,
					7.887499999999998,
					6.6410451753082675
				]
			},
			"faces": {
				"north": {
					"uv": [
						2,
						3.5,
						2.25,
						3.75
					],
					"rotation": 270,
					"texture": "#2"
				},
				"south": {
					"uv": [
						2,
						3.75,
						2.25,
						3.5
					],
					"rotation": 270,
					"texture": "#2"
				}
			}
		},
		{
			"from": [
				7.640448537554821,
				-9.362499999999997,
				7.234551462445175
			],
			"to": [
				8.390448537554823,
				-8.612499999999997,
				7.234551462445175
			],
			"rotation": {
				"angle": 22.5,
				"axis": "y",
				"origin": [
					7.668993712863092,
					10.1375,
					7.091045175308268
				]
			},
			"faces": {
				"north": {
					"uv": [
						2,
						3.75,
						2.25,
						3.5
					],
					"rotation": 270,
					"texture": "#2"
				},
				"south": {
					"uv": [
						2,
						3.5,
						2.25,
						3.75
					],
					"rotation": 270,
					"texture": "#2"
				}
			}
		}
	],
	"display": {
		"head": {
			"rotation": [
				0,
				180,
				0
			]
		}
	}
}