{
	"textures": {
		"0": "kello:item/decal/cloud"
	},
	"elements": [
		{
			"from": [
				3.4345999407200445,
				11.914052835694314,
				2.4460302255112794
			],
			"to": [
				10.857457853160275,
				19.336910748134542,
				9.868888137951512
			],
			"rotation": {
				"angle": -22.5,
				"axis": "x",
				"origin": [
					2.8609538996751125,
					7.646494697108121,
					4.114943459661741
				]
			},
			"faces": {
				"north": {
					"uv": [
						2,
						6,
						0,
						8
					],
					"texture": "#0",
					"tintindex": 0
				},
				"east": {
					"uv": [
						0,
						6,
						2,
						4
					],
					"rotation": 90,
					"texture": "#0",
					"tintindex": 0
				},
				"south": {
					"uv": [
						2,
						0,
						0,
						2
					],
					"rotation": 180,
					"texture": "#0",
					"tintindex": 0
				},
				"west": {
					"uv": [
						0,
						6,
						2,
						4
					],
					"rotation": 270,
					"texture": "#0",
					"tintindex": 0
				},
				"up": {
					"uv": [
						0,
						4,
						2,
						2
					],
					"texture": "#0",
					"tintindex": 0
				},
				"down": {
					"uv": [
						0,
						4,
						2,
						2
					],
					"rotation": 180,
					"texture": "#0",
					"tintindex": 0
				}
			}
		},
		{
			"from": [
				7.8193260969046365,
				8.540805820296187,
				4.262972088907475
			],
			"to": [
				14.128755322478831,
				14.850235045870384,
				10.57240131448167
			],
			"rotation": {
				"angle": 45,
				"axis": "x",
				"origin": [
					10.779532257161177,
					11.499095413996313,
					7.614111670065677
				]
			},
			"faces": {
				"north": {
					"uv": [
						4,
						2,
						2,
						4
					],
					"texture": "#0",
					"tintindex": 0
				},
				"east": {
					"uv": [
						4,
						4,
						2,
						6
					],
					"texture": "#0",
					"tintindex": 0
				},
				"south": {
					"uv": [
						4,
						2,
						2,
						4
					],
					"texture": "#0",
					"tintindex": 0
				},
				"west": {
					"uv": [
						4,
						4,
						2,
						6
					],
					"texture": "#0",
					"tintindex": 0
				},
				"up": {
					"uv": [
						2,
						2,
						4,
						0
					],
					"texture": "#0",
					"tintindex": 0
				},
				"down": {
					"uv": [
						2,
						8,
						4,
						6
					],
					"texture": "#0",
					"tintindex": 0
				}
			}
		},
		{
			"from": [
				7.92543402607484,
				14.433270113300345,
				5.6960810708557155
			],
			"to": [
				12.049243977430525,
				18.55708006465603,
				9.819891022211399
			],
			"rotation": {
				"angle": 0,
				"axis": "y",
				"origin": [
					6.9888106831963945,
					7.441068478984655,
					11.502078181096694
				]
			},
			"faces": {
				"north": {
					"uv": [
						4,
						6,
						2,
						8
					],
					"texture": "#0",
					"tintindex": 0
				},
				"east": {
					"uv": [
						2,
						6,
						4,
						4
					],
					"rotation": 90,
					"texture": "#0",
					"tintindex": 0
				},
				"south": {
					"uv": [
						4,
						0,
						2,
						2
					],
					"rotation": 180,
					"texture": "#0",
					"tintindex": 0
				},
				"west": {
					"uv": [
						2,
						6,
						4,
						4
					],
					"rotation": 270,
					"texture": "#0",
					"tintindex": 0
				},
				"up": {
					"uv": [
						2,
						4,
						4,
						2
					],
					"texture": "#0",
					"tintindex": 0
				},
				"down": {
					"uv": [
						2,
						4,
						4,
						2
					],
					"rotation": 180,
					"texture": "#0",
					"tintindex": 0
				}
			}
		},
		{
			"from": [
				12.374832403286494,
				8.980135191707323,
				3.6714297791535717
			],
			"to": [
				16.49864235464218,
				13.103945143063006,
				7.795239730509257
			],
			"rotation": {
				"angle": 45,
				"axis": "x",
				"origin": [
					12.403026749290493,
					3.6499895081574225,
					8.002909970692759
				]
			},
			"faces": {
				"north": {
					"uv": [
						4,
						2,
						2,
						4
					],
					"texture": "#0",
					"tintindex": 0
				},
				"east": {
					"uv": [
						4,
						4,
						2,
						6
					],
					"texture": "#0",
					"tintindex": 0
				},
				"south": {
					"uv": [
						4,
						2,
						2,
						4
					],
					"texture": "#0",
					"tintindex": 0
				},
				"west": {
					"uv": [
						4,
						4,
						2,
						6
					],
					"texture": "#0",
					"tintindex": 0
				},
				"up": {
					"uv": [
						2,
						2,
						4,
						0
					],
					"texture": "#0",
					"tintindex": 0
				},
				"down": {
					"uv": [
						2,
						8,
						4,
						6
					],
					"texture": "#0",
					"tintindex": 0
				}
			}
		},
		{
			"from": [
				9.338178326185652,
				8.82866053505656,
				7.475280362671681
			],
			"to": [
				12.912146950693913,
				12.402629159564817,
				11.049248987179942
			],
			"rotation": {
				"angle": 22.5,
				"axis": "x",
				"origin": [
					3.510349497161533,
					4.5068512350899095,
					11.890876481723778
				]
			},
			"faces": {
				"north": {
					"uv": [
						6,
						2,
						4,
						4
					],
					"texture": "#0",
					"tintindex": 0
				},
				"east": {
					"uv": [
						6,
						4,
						4,
						6
					],
					"texture": "#0",
					"tintindex": 0
				},
				"south": {
					"uv": [
						6,
						2,
						4,
						4
					],
					"texture": "#0",
					"tintindex": 0
				},
				"west": {
					"uv": [
						6,
						4,
						4,
						6
					],
					"texture": "#0",
					"tintindex": 0
				},
				"up": {
					"uv": [
						4,
						2,
						6,
						0
					],
					"texture": "#0",
					"tintindex": 0
				},
				"down": {
					"uv": [
						4,
						8,
						6,
						6
					],
					"texture": "#0",
					"tintindex": 0
				}
			}
		},
		{
			"from": [
				4.428454634236569,
				6.413473219839521,
				1.8406641861761033
			],
			"to": [
				8.00242325874483,
				9.987441844347778,
				5.4146328106843615
			],
			"rotation": {
				"angle": 22.5,
				"axis": "x",
				"origin": [
					3.510349497161533,
					4.5068512350899095,
					11.890876481723778
				]
			},
			"faces": {
				"north": {
					"uv": [
						6,
						2,
						4,
						4
					],
					"texture": "#0",
					"tintindex": 0
				},
				"east": {
					"uv": [
						6,
						4,
						4,
						6
					],
					"texture": "#0",
					"tintindex": 0
				},
				"south": {
					"uv": [
						6,
						2,
						4,
						4
					],
					"texture": "#0",
					"tintindex": 0
				},
				"west": {
					"uv": [
						6,
						4,
						4,
						6
					],
					"texture": "#0",
					"tintindex": 0
				},
				"up": {
					"uv": [
						4,
						2,
						6,
						0
					],
					"texture": "#0",
					"tintindex": 0
				},
				"down": {
					"uv": [
						4,
						8,
						6,
						6
					],
					"texture": "#0",
					"tintindex": 0
				}
			}
		},
		{
			"from": [
				4.074296337200875,
				12.431237470371553,
				-3.312351636424612
			],
			"to": [
				8.19810628855656,
				16.555047421727238,
				0.8114583149310697
			],
			"rotation": {
				"angle": 0,
				"axis": "y",
				"origin": [
					0.003923381243210677,
					7.633309502090319,
					-0.5506141542101748
				]
			},
			"faces": {
				"north": {
					"uv": [
						4,
						2,
						2,
						4
					],
					"texture": "#0",
					"tintindex": 0
				},
				"east": {
					"uv": [
						4,
						4,
						2,
						6
					],
					"texture": "#0",
					"tintindex": 0
				},
				"south": {
					"uv": [
						4,
						2,
						2,
						4
					],
					"texture": "#0",
					"tintindex": 0
				},
				"west": {
					"uv": [
						4,
						4,
						2,
						6
					],
					"texture": "#0",
					"tintindex": 0
				},
				"up": {
					"uv": [
						2,
						2,
						4,
						0
					],
					"texture": "#0",
					"tintindex": 0
				},
				"down": {
					"uv": [
						2,
						8,
						4,
						6
					],
					"texture": "#0",
					"tintindex": 0
				}
			}
		},
		{
			"from": [
				12.179934880396996,
				5.845933313125949,
				13.106680078378158
			],
			"to": [
				16.303744831752674,
				9.969743264481632,
				17.230490029733843
			],
			"rotation": {
				"angle": -22.5,
				"axis": "x",
				"origin": [
					9.573966659155321,
					-2.4238656993422634,
					13.834856988032652
				]
			},
			"faces": {
				"north": {
					"uv": [
						2,
						6,
						0,
						8
					],
					"texture": "#0",
					"tintindex": 0
				},
				"east": {
					"uv": [
						0,
						6,
						2,
						4
					],
					"rotation": 90,
					"texture": "#0",
					"tintindex": 0
				},
				"south": {
					"uv": [
						2,
						0,
						0,
						2
					],
					"rotation": 180,
					"texture": "#0",
					"tintindex": 0
				},
				"west": {
					"uv": [
						0,
						6,
						2,
						4
					],
					"rotation": 270,
					"texture": "#0",
					"tintindex": 0
				},
				"up": {
					"uv": [
						0,
						4,
						2,
						2
					],
					"texture": "#0",
					"tintindex": 0
				},
				"down": {
					"uv": [
						0,
						4,
						2,
						2
					],
					"rotation": 180,
					"texture": "#0",
					"tintindex": 0
				}
			}
		},
		{
			"from": [
				14.990527669926976,
				6.7874090604498845,
				9.40588010994893
			],
			"to": [
				17.588527939281057,
				9.385409329803965,
				12.003880379303009
			],
			"rotation": {
				"angle": 22.5,
				"axis": "x",
				"origin": [
					8.258707716443402,
					0.18552728230409432,
					6.082253733468752
				]
			},
			"faces": {
				"north": {
					"uv": [
						6,
						6,
						4,
						8
					],
					"texture": "#0",
					"tintindex": 0
				},
				"east": {
					"uv": [
						4,
						6,
						6,
						4
					],
					"rotation": 90,
					"texture": "#0",
					"tintindex": 0
				},
				"south": {
					"uv": [
						6,
						0,
						4,
						2
					],
					"rotation": 180,
					"texture": "#0",
					"tintindex": 0
				},
				"west": {
					"uv": [
						4,
						6,
						6,
						4
					],
					"rotation": 270,
					"texture": "#0",
					"tintindex": 0
				},
				"up": {
					"uv": [
						4,
						4,
						6,
						2
					],
					"texture": "#0",
					"tintindex": 0
				},
				"down": {
					"uv": [
						4,
						4,
						6,
						2
					],
					"rotation": 180,
					"texture": "#0",
					"tintindex": 0
				}
			}
		},
		{
			"from": [
				10.586061672641655,
				9.40082163114753,
				-4.62187385527203
			],
			"to": [
				13.184061941995736,
				11.99882190050161,
				-2.0238735859179453
			],
			"rotation": {
				"angle": 22.5,
				"axis": "x",
				"origin": [
					8.258707716443402,
					0.18552728230409432,
					6.082253733468752
				]
			},
			"faces": {
				"north": {
					"uv": [
						6,
						6,
						4,
						8
					],
					"texture": "#0",
					"tintindex": 0
				},
				"east": {
					"uv": [
						4,
						6,
						6,
						4
					],
					"rotation": 90,
					"texture": "#0",
					"tintindex": 0
				},
				"south": {
					"uv": [
						6,
						0,
						4,
						2
					],
					"rotation": 180,
					"texture": "#0",
					"tintindex": 0
				},
				"west": {
					"uv": [
						4,
						6,
						6,
						4
					],
					"rotation": 270,
					"texture": "#0",
					"tintindex": 0
				},
				"up": {
					"uv": [
						4,
						4,
						6,
						2
					],
					"texture": "#0",
					"tintindex": 0
				},
				"down": {
					"uv": [
						4,
						4,
						6,
						2
					],
					"rotation": 180,
					"texture": "#0",
					"tintindex": 0
				}
			}
		},
		{
			"from": [
				13.701056285444203,
				20.5697616690463,
				9.484685301616107
			],
			"to": [
				16.29905655479828,
				23.167761938400382,
				12.082685570970188
			],
			"rotation": {
				"angle": 45,
				"axis": "x",
				"origin": [
					2.8103025166459297,
					11.384096100486175,
					-1.6936792885932839
				]
			},
			"faces": {
				"north": {
					"uv": [
						2,
						2,
						0,
						4
					],
					"texture": "#0",
					"tintindex": 0
				},
				"east": {
					"uv": [
						2,
						4,
						0,
						6
					],
					"texture": "#0",
					"tintindex": 0
				},
				"south": {
					"uv": [
						2,
						2,
						0,
						4
					],
					"texture": "#0",
					"tintindex": 0
				},
				"west": {
					"uv": [
						2,
						4,
						0,
						6
					],
					"texture": "#0",
					"tintindex": 0
				},
				"up": {
					"uv": [
						0,
						2,
						2,
						0
					],
					"texture": "#0",
					"tintindex": 0
				},
				"down": {
					"uv": [
						0,
						8,
						2,
						6
					],
					"texture": "#0",
					"tintindex": 0
				}
			}
		},
		{
			"from": [
				1.8339843462008503,
				16.751371915991307,
				-6.084986698228374
			],
			"to": [
				4.4319846155549305,
				19.349372185345388,
				-3.486986428874294
			],
			"rotation": {
				"angle": 45,
				"axis": "x",
				"origin": [
					2.8103025166459297,
					11.384096100486175,
					-1.6936792885932839
				]
			},
			"faces": {
				"north": {
					"uv": [
						2,
						2,
						0,
						4
					],
					"texture": "#0",
					"tintindex": 0
				},
				"east": {
					"uv": [
						2,
						4,
						0,
						6
					],
					"texture": "#0",
					"tintindex": 0
				},
				"south": {
					"uv": [
						2,
						2,
						0,
						4
					],
					"texture": "#0",
					"tintindex": 0
				},
				"west": {
					"uv": [
						2,
						4,
						0,
						6
					],
					"texture": "#0",
					"tintindex": 0
				},
				"up": {
					"uv": [
						0,
						2,
						2,
						0
					],
					"texture": "#0",
					"tintindex": 0
				},
				"down": {
					"uv": [
						0,
						8,
						2,
						6
					],
					"texture": "#0",
					"tintindex": 0
				}
			}
		},
		{
			"from": [
				14.114140719166864,
				18.900265509693007,
				15.273888091306581
			],
			"to": [
				15.612458334826096,
				20.39858312535224,
				16.772205706965813
			],
			"rotation": {
				"angle": 45,
				"axis": "x",
				"origin": [
					2.8103025166459297,
					11.384096100486175,
					-1.6936792885932839
				]
			},
			"faces": {
				"north": {
					"uv": [
						6,
						2,
						4,
						4
					],
					"texture": "#0",
					"tintindex": 0
				},
				"east": {
					"uv": [
						6,
						4,
						4,
						6
					],
					"texture": "#0",
					"tintindex": 0
				},
				"south": {
					"uv": [
						6,
						2,
						4,
						4
					],
					"texture": "#0",
					"tintindex": 0
				},
				"west": {
					"uv": [
						6,
						4,
						4,
						6
					],
					"texture": "#0",
					"tintindex": 0
				},
				"up": {
					"uv": [
						4,
						2,
						6,
						0
					],
					"texture": "#0",
					"tintindex": 0
				},
				"down": {
					"uv": [
						4,
						8,
						6,
						6
					],
					"texture": "#0",
					"tintindex": 0
				}
			}
		},
		{
			"from": [
				14.32542203897503,
				6.7111201974156,
				16.41669568611239
			],
			"to": [
				15.823739654634268,
				8.20943781307483,
				17.915013301771626
			],
			"rotation": {
				"angle": -22.5,
				"axis": "z",
				"origin": [
					13.663598473634167,
					-1.5853246854203338,
					16.96855666530764
				]
			},
			"faces": {
				"north": {
					"uv": [
						4,
						2,
						2,
						4
					],
					"texture": "#0",
					"tintindex": 0
				},
				"east": {
					"uv": [
						4,
						4,
						2,
						6
					],
					"texture": "#0",
					"tintindex": 0
				},
				"south": {
					"uv": [
						4,
						2,
						2,
						4
					],
					"texture": "#0",
					"tintindex": 0
				},
				"west": {
					"uv": [
						4,
						4,
						2,
						6
					],
					"texture": "#0",
					"tintindex": 0
				},
				"up": {
					"uv": [
						2,
						2,
						4,
						0
					],
					"texture": "#0",
					"tintindex": 0
				},
				"down": {
					"uv": [
						2,
						8,
						4,
						6
					],
					"texture": "#0",
					"tintindex": 0
				}
			}
		}
	],
	"display": {
		"head": {
			"rotation": [
				0,
				180,
				0
			]
		}
	}
}