{
    "display": {
        "icon": {
            "item": "minecraft:diamond"
        },
        "title": [
            {
                "text": "Section 3, 2",
                "color": "white"
            }
        ],
        "frame": "task",
        "description": [
            {
                "text": "Complete this section",
                "color": "green"
            }
        ],
        "show_toast": false,
        "announce_to_chat": false,
        "hidden": false
    },
    "parent": "pr:plot_3_1",
    "criteria": {
        "tick": {
            "trigger": "minecraft:impossible"
        }
    }
}