{"stats":{"minecraft:custom":{"minecraft:time_since_rest":350841,"minecraft:sprint_one_cm":134198,"minecraft:crouch_one_cm":3892,"minecraft:play_time":350841,"minecraft:walk_one_cm":21701,"minecraft:sneak_time":24122,"minecraft:jump":1151,"minecraft:leave_game":12,"minecraft:time_since_death":350841,"minecraft:total_world_time":350841,"minecraft:fly_one_cm":8928334},"minecraft:used":{"minecraft:yellow_wool":10,"minecraft:gray_terracotta":43,"minecraft:white_wool":6,"minecraft:brown_terracotta":4,"minecraft:black_wool":5,"minecraft:end_rod":10,"minecraft:diamond_block":10,"minecraft:black_concrete":97,"minecraft:lime_terracotta":8,"minecraft:lime_concrete":406,"minecraft:light_blue_concrete":71,"minecraft:emerald_block":3,"minecraft:light_gray_concrete":180,"minecraft:red_wool":118,"minecraft:red_concrete":248,"minecraft:light_blue_wool":31,"minecraft:lime_wool":21,"minecraft:light_gray_terracotta":240,"minecraft:verdant_froglight":3,"minecraft:yellow_concrete":67,"minecraft:magenta_glazed_terracotta":63,"minecraft:white_concrete":904,"minecraft:ochre_froglight":5,"minecraft:white_terracotta":8,"minecraft:pink_concrete_powder":3,"minecraft:gray_concrete":137,"minecraft:white_dye":20,"minecraft:acacia_planks":4,"minecraft:cyan_wool":49,"minecraft:spruce_sign":27,"minecraft:orange_terracotta":148,"minecraft:soul_torch":1,"minecraft:purple_wool":24,"minecraft:pink_wool":15,"minecraft:glow_ink_sac":20,"minecraft:obsidian":6}},"DataVersion":3218}