{"stats":{"minecraft:used":{"minecraft:yellow_wool":3,"minecraft:gray_terracotta":167,"minecraft:black_concrete":12,"minecraft:cyan_terracotta":1,"minecraft:lime_terracotta":23,"minecraft:lime_concrete":335,"minecraft:red_wool":18,"minecraft:light_gray_concrete":183,"minecraft:grass_block":7,"minecraft:red_concrete":537,"minecraft:light_gray_terracotta":145,"minecraft:yellow_concrete":12,"minecraft:magenta_glazed_terracotta":100,"minecraft:gray_concrete":142,"minecraft:white_terracotta":3,"minecraft:white_concrete":80,"minecraft:stone":18,"minecraft:spruce_sign":1,"minecraft:orange_terracotta":125,"minecraft:purple_wool":1},"minecraft:custom":{"minecraft:time_since_rest":18415,"minecraft:crouch_one_cm":3168,"minecraft:sprint_one_cm":604013,"minecraft:play_time":657388,"minecraft:deaths":60,"minecraft:walk_one_cm":167679,"minecraft:sneak_time":12038,"minecraft:jump":7393,"minecraft:leave_game":14,"minecraft:time_since_death":18415,"minecraft:total_world_time":1253009,"minecraft:fall_one_cm":627,"minecraft:fly_one_cm":22459119}},"DataVersion":3218}