{"stats":{"minecraft:custom":{"minecraft:time_since_rest":3809002,"minecraft:crouch_one_cm":6976,"minecraft:sprint_one_cm":19239,"minecraft:play_time":3809002,"minecraft:walk_one_cm":129990,"minecraft:sneak_time":14879,"minecraft:jump":264,"minecraft:leave_game":21,"minecraft:time_since_death":3809002,"minecraft:total_world_time":3809002,"minecraft:fly_one_cm":2223756},"minecraft:used":{"minecraft:polished_andesite_slab":12,"minecraft:deepslate_bricks":82,"minecraft:smooth_basalt":215,"minecraft:netherite_block":271,"minecraft:polished_blackstone_bricks":102,"minecraft:glass":270,"minecraft:chiseled_stone_bricks":549,"minecraft:basalt":65,"minecraft:diamond_block":1,"minecraft:chiseled_deepslate":123,"minecraft:cobbled_deepslate_slab":20,"minecraft:red_wool":1598,"minecraft:polished_andesite":488,"minecraft:polished_blackstone":31,"minecraft:light_blue_wool":508,"minecraft:yellow_concrete":8,"minecraft:stone_stairs":22,"minecraft:light_gray_terracotta":8,"minecraft:polished_andesite_stairs":12,"minecraft:oak_sign":1,"minecraft:deepslate_brick_slab":5,"minecraft:blackstone":93,"minecraft:stone_slab":126,"minecraft:stone":565,"minecraft:cobbled_deepslate":95,"minecraft:cyan_wool":1658,"minecraft:orange_terracotta":2,"minecraft:smooth_stone":39,"minecraft:deepslate":57},"minecraft:picked_up":{"minecraft:oak_sign":2}},"DataVersion":3218}