{"stats":{"minecraft:used":{"minecraft:glass":3,"minecraft:yellow_concrete":3},"minecraft:custom":{"minecraft:jump":55,"minecraft:time_since_rest":3630,"minecraft:leave_game":1,"minecraft:crouch_one_cm":133,"minecraft:deaths":1,"minecraft:sprint_one_cm":5386,"minecraft:play_time":4150,"minecraft:damage_taken":280,"minecraft:time_since_death":3626,"minecraft:walk_one_cm":1620,"minecraft:sneak_time":146,"minecraft:total_world_time":4150,"minecraft:drop":2,"minecraft:fly_one_cm":130561},"minecraft:dropped":{"minecraft:yellow_concrete":1,"minecraft:glass":1}},"DataVersion":3218}