{"stats":{"minecraft:custom":{"minecraft:time_since_rest":57919,"minecraft:crouch_one_cm":657,"minecraft:play_time":57919,"minecraft:sprint_one_cm":20896,"minecraft:walk_one_cm":34166,"minecraft:sneak_time":2936,"minecraft:jump":467,"minecraft:leave_game":1,"minecraft:time_since_death":57919,"minecraft:total_world_time":57919,"minecraft:fly_one_cm":601903},"minecraft:used":{"minecraft:deepslate_bricks":140,"minecraft:smooth_basalt":620,"minecraft:polished_blackstone_bricks":80,"minecraft:chiseled_stone_bricks":85,"minecraft:netherite_block":317,"minecraft:basalt":4,"minecraft:chiseled_deepslate":217,"minecraft:red_wool":8,"minecraft:polished_andesite":263,"minecraft:blackstone":63,"minecraft:stone_slab":28,"minecraft:stone":208,"minecraft:cobbled_deepslate":8,"minecraft:cyan_wool":4}},"DataVersion":3218}