{
	"textures": {
		"1": "kello:item/decal/moving_platform/sliding",
		"2": "kello:item/decal/cogwheel/0",
		"3": "kello:item/decal/cogwheel/4",
		"4": "kello:item/decal/cogwheel/3",
		"5": "kello:item/decal/cogwheel/1",
		"16": "kello:item/decal/cogwheel/8"
	},
	"elements": [
		{
			"from": [
				-0.9142857142857128,
				8.003809523809524,
				12.571428571428571
			],
			"to": [
				-0.9142857142857128,
				14.479999999999999,
				19.428571428571427
			],
			"rotation": {
				"angle": 0,
				"axis": "y",
				"origin": [
					8,
					8.956190476190477,
					8
				]
			},
			"faces": {
				"east": {
					"uv": [
						0,
						0,
						16,
						16
					],
					"rotation": 180,
					"texture": "#2"
				},
				"west": {
					"uv": [
						16,
						0,
						0,
						16
					],
					"rotation": 180,
					"texture": "#2"
				}
			}
		},
		{
			"from": [
				0,
				2.2895238095238097,
				-4.571428571428571
			],
			"to": [
				0,
				12.956190476190475,
				6.095238095238095
			],
			"rotation": {
				"angle": 0,
				"axis": "y",
				"origin": [
					8,
					8.956190476190477,
					8
				]
			},
			"faces": {
				"east": {
					"uv": [
						16,
						0,
						0,
						16
					],
					"texture": "#4"
				},
				"west": {
					"uv": [
						0,
						0,
						16,
						16
					],
					"texture": "#4"
				}
			}
		},
		{
			"from": [
				1.5238095238095237,
				2.2895238095238097,
				-1.1428571428571423
			],
			"to": [
				1.5238095238095237,
				17.527619047619048,
				14.095238095238095
			],
			"rotation": {
				"angle": 0,
				"axis": "y",
				"origin": [
					8,
					8.956190476190477,
					8
				]
			},
			"faces": {
				"east": {
					"uv": [
						16,
						0,
						0,
						16
					],
					"texture": "#3"
				},
				"west": {
					"uv": [
						0,
						0,
						16,
						16
					],
					"texture": "#3"
				}
			}
		},
		{
			"from": [
				-0.9809523809523792,
				5.337142857142857,
				-3.428571428571427
			],
			"to": [
				-0.9809523809523792,
				20.57523809523809,
				11.80952380952381
			],
			"rotation": {
				"angle": 0,
				"axis": "y",
				"origin": [
					8,
					8.956190476190477,
					8
				]
			},
			"faces": {
				"east": {
					"uv": [
						0,
						0,
						16,
						16
					],
					"texture": "#16"
				},
				"west": {
					"uv": [
						16,
						0,
						0,
						16
					],
					"texture": "#16"
				}
			}
		},
		{
			"from": [
				3.0476190476190474,
				4.956190476190477,
				9.523809523809524
			],
			"to": [
				3.0476190476190474,
				9.527619047619048,
				14.095238095238095
			],
			"rotation": {
				"angle": 0,
				"axis": "y",
				"origin": [
					8,
					8.956190476190477,
					8
				]
			},
			"faces": {
				"east": {
					"uv": [
						16,
						0,
						0,
						16
					],
					"texture": "#5"
				},
				"west": {
					"uv": [
						0,
						0,
						16,
						16
					],
					"texture": "#5"
				}
			}
		},
		{
			"from": [
				-1.1428571428571423,
				6.860952380952381,
				-1.1428571428571423
			],
			"to": [
				17.142857142857142,
				11.051428571428572,
				17.142857142857142
			],
			"rotation": {
				"angle": 0,
				"axis": "y",
				"origin": [
					8,
					8.956190476190477,
					8
				]
			},
			"faces": {
				"north": {
					"uv": [
						6,
						0,
						12,
						1.25
					],
					"texture": "#1"
				},
				"east": {
					"uv": [
						6,
						1.25,
						12,
						2.5
					],
					"texture": "#1"
				},
				"south": {
					"uv": [
						6,
						2.5,
						12,
						3.75
					],
					"texture": "#1"
				},
				"west": {
					"uv": [
						6,
						3.75,
						12,
						5
					],
					"texture": "#1"
				},
				"up": {
					"uv": [
						6,
						6,
						0,
						0
					],
					"rotation": 90,
					"texture": "#1"
				},
				"down": {
					"uv": [
						6,
						6,
						0,
						12
					],
					"rotation": 180,
					"texture": "#1"
				}
			}
		}
	],
	"display": {
		"head": {
			"rotation": [
				0,
				180,
				0
			]
		}
	}
}